cod_ine,municipio,fecha,matriculaciones,ratio_x1000
40001,Abades,2026-01-01,2,2.3584905660377355
48001,Abadiño,2026-01-01,13,1.6696634985872079
20001,Abaltzisketa,2026-01-01,1,3.125
30001,Abanilla,2026-01-01,8,1.273277096928219
50001,Abanto,2026-01-01,0,0
15001,Abegondo,2026-01-01,7,1.2431184514295863
02001,Abengibre,2026-01-01,1,1.3386880856760375
34003,Abia de las Torres,2026-01-01,0,0
22001,Abiego,2026-01-01,0,0
04001,Abla,2026-01-01,2,1.5785319652722967
31006,Ablitas,2026-01-01,2,0.7555723460521344
08001,Abrera,2026-01-01,44,3.331566593473158
04002,Abrucena,2026-01-01,4,3.2388663967611335
24001,Acebedo,2026-01-01,1,5.617977528089887
10003,Acebo,2026-01-01,0,0
06001,Acedera,2026-01-01,0,0
10005,Aceituna,2026-01-01,3,5.272407732864675
06002,Aceuchal,2026-01-01,14,2.6355421686746987
22003,Adahuesca,2026-01-01,0,0
47001,Adalia,2026-01-01,1,20
14001,Adamuz,2026-01-01,4,0.9760858955588092
05001,Adanero,2026-01-01,0,0
46001,Ademuz,2026-01-01,1,0.9852216748768472
46002,Ador,2026-01-01,8,4.499437570303712
04003,Adra,2026-01-01,46,1.7983502091559482
05002,"Adrada, La",2026-01-01,4,1.3981125480601186
42003,Adradas,2026-01-01,0,0
20002,Aduna,2026-01-01,0,0
37002,Agallas,2026-01-01,0,0
36020,Agolada,2026-01-01,2,0.8988764044943821
26002,Agoncillo,2026-01-01,4,2.7341079972658924
03002,Agost,2026-01-01,9,1.7228177641653903
25003,Agramunt,2026-01-01,10,1.77367860943597
03003,Agres,2026-01-01,2,3.2
41001,Aguadulce,2026-01-01,51,24.20503084954912
44004,Aguaviva,2026-01-01,2,3.552397868561279
13002,Agudo,2026-01-01,0,0
40004,Aguilafuente,2026-01-01,0,0
09007,Aguilar de Bureba,2026-01-01,0,0
34004,Aguilar de Campoo,2026-01-01,7,1.009809578765147
47003,Aguilar de Campos,2026-01-01,0,0
08002,Aguilar de Segarra,2026-01-01,410,1399.3174061433447
14002,Aguilar de la Frontera,2026-01-01,26,1.9818583733516273
17001,Agullana,2026-01-01,1,1.1350737797956867
46004,Agullent,2026-01-01,5,2.0491803278688527
38002,Agulo,2026-01-01,0,0
22004,Agüero,2026-01-01,0,0
10006,Ahigal,2026-01-01,2,1.4903129657228018
37003,Ahigal de los Aceiteros,2026-01-01,1,10.752688172043012
06003,Ahillones,2026-01-01,1,1.2626262626262628
20016,Aia,2026-01-01,5,2.3277467411545625
46042,Aielo de Malferit,2026-01-01,7,1.5197568389057752
46043,Aielo de Rugat,2026-01-01,0,0
08014,Aiguafreda,2026-01-01,3,1.1677695601401323
17002,Aiguaviva,2026-01-01,6,7.453416149068323
03004,Aigües,2026-01-01,4,3.369839932603201
22006,Aisa,2026-01-01,1,3.058103975535168
25038,Aitona,2026-01-01,4,1.5533980582524274
20003,Aizarnazabal,2026-01-01,1,1.2165450121654502
28002,Ajalvir,2026-01-01,140,27.960854803275414
48911,Ajangiz,2026-01-01,2,4.3763676148796495
47004,Alaejos,2026-01-01,1,0.7012622720897616
07002,Alaior,2026-01-01,18,1.7381228273464657
29001,Alameda,2026-01-01,8,1.472211998527788
45002,Alameda de la Sagra,2026-01-01,8,1.8416206261510129
18002,Alamedilla,2026-01-01,1,1.9267822736030829
13003,Alamillo,2026-01-01,1,2.207505518763797
06004,Alange,2026-01-01,3,1.663893510815308
46005,Alaquàs,2026-01-01,49,1.6143911439114391
34005,Alar del Rey,2026-01-01,1,1.0964912280701753
37007,Alaraz,2026-01-01,1,2.2522522522522523
19005,Alarilla,2026-01-01,1,6.802721088435374
02002,Alatoz,2026-01-01,0,0
37008,Alba de Tormes,2026-01-01,9,1.7647058823529413
37009,Alba de Yeltes,2026-01-01,0,0
02003,Albacete,2026-01-01,353,2.016359357506797
46006,Albaida,2026-01-01,8,1.2708498808578237
41003,Albaida del Aljarafe,2026-01-01,6,1.8627755355479665
46007,Albal,2026-01-01,46,2.638825149150987
13004,Albaladejo,2026-01-01,0,0
46008,Albalat de la Ribera,2026-01-01,9,2.571428571428571
46009,Albalat dels Sorells,2026-01-01,82,18.790100824931255
22007,Albalate de Cinca,2026-01-01,2,1.8001800180018002
19006,Albalate de Zorita,2026-01-01,1,0.8680555555555555
16005,Albalate de las Nogueras,2026-01-01,0,0
44008,Albalate del Arzobispo,2026-01-01,1,0.513347022587269
22008,Albalatillo,2026-01-01,1,4.484304932735426
19007,Albares,2026-01-01,1,1.6233766233766236
45003,Albarreal de Tajo,2026-01-01,3,3.740648379052369
02004,Albatana,2026-01-01,1,1.5313935681470139
03005,Albatera,2026-01-01,19,1.4099139210448204
22009,Albelda,2026-01-01,2,2.751031636863824
26005,Albelda de Iregua,2026-01-01,5,1.2648621300278269
44010,Albentosa,2026-01-01,0,0
37010,"Alberca, La",2026-01-01,27,26.08695652173913
46011,Alberic,2026-01-01,21,1.890359168241966
26006,Alberite,2026-01-01,6,2.1754894851341553
22012,Albero Bajo,2026-01-01,0,0
25008,Albesa,2026-01-01,4,2.5284450063211126
50011,Albeta,2026-01-01,0,0
25009,"Albi, L'",2026-01-01,1,1.3089005235602096
09009,Albillos,2026-01-01,1,4.545454545454545
43002,Albinyana,2026-01-01,4,1.4716703458425313
43003,"Albiol, L'",2026-01-01,2,3.5971223021582737
20004,Albiztur,2026-01-01,1,3.048780487804878
04005,Alboloduy,2026-01-01,1,1.7301038062283738
18003,Albolote,2026-01-01,52,2.6302478502781996
17004,Albons,2026-01-01,2,2.347417840375587
46012,Alborache,2026-01-01,4,2.5396825396825395
02005,Alborea,2026-01-01,4,5.813953488372093
04006,Albox,2026-01-01,27,2.0975761342448727
30004,Albudeite,2026-01-01,1,0.7142857142857143
06005,"Albuera, La",2026-01-01,1,0.49726504226752855
46014,Albuixech,2026-01-01,18,4.011589034989972
06006,Alburquerque,2026-01-01,1,0.2028397565922921
18006,Albuñol,2026-01-01,6,0.808298531591001
18007,Albuñuelas,2026-01-01,2,2.5284450063211126
02006,Alcadozo,2026-01-01,3,4.702194357366771
03006,Alcalalí,2026-01-01,4,2.8469750889679717
28005,Alcalá de Henares,2026-01-01,330,1.6292353948921003
22016,Alcampell,2026-01-01,0,0
26007,Alcanadre,2026-01-01,2,2.9282576866764276
43004,Alcanar,2026-01-01,14,1.3933121019108279
30005,Alcantarilla,2026-01-01,74,1.6898449453083968
14003,Alcaracejos,2026-01-01,4,2.6560424966799467
02008,Alcaraz,2026-01-01,2,1.56128024980484
23003,Alcaudete,2026-01-01,10,0.9821253191907287
45006,Alcaudete de la Jara,2026-01-01,1,0.5737234652897303
49003,Alcañices,2026-01-01,2,1.8018018018018018
44013,Alcañiz,2026-01-01,25,1.5200340487626922
45005,Alcañizo,2026-01-01,0,0
28006,Alcobendas,2026-01-01,8825,71.61870445212705
19009,Alcocer,2026-01-01,1,3.076923076923077
03007,Alcocer de Planes,2026-01-01,1,3.802281368821293
04007,Alcolea,2026-01-01,11,13.237063778580024
13007,Alcolea de Calatrava,2026-01-01,1,0.7342143906020557
22017,Alcolea de Cinca,2026-01-01,1,0.8787346221441125
45007,Alcolea de Tajo,2026-01-01,1,1.1933174224343677
19011,Alcolea del Pinar,2026-01-01,0,0
03008,Alcoleja,2026-01-01,1,5.376344086021506
25012,Alcoletge,2026-01-01,8,2.1745039412883935
37012,Alconada,2026-01-01,1,7.6923076923076925
06007,Alconchel,2026-01-01,0,0
16012,Alconchel de la Estrella,2026-01-01,1,12.987012987012989
12005,"Alcora, l'",2026-01-01,17,1.5968438850272402
28007,Alcorcón,2026-01-01,226,1.2782371638971528
44014,Alcorisa,2026-01-01,2,0.6169031462060457
19013,Alcoroches,2026-01-01,1,8.547008547008549
43005,Alcover,2026-01-01,9,1.6800448011946987
22018,Alcubierre,2026-01-01,1,2.506265664160401
49004,Alcubilla de Nogales,2026-01-01,0,0
13008,Alcubillas,2026-01-01,0,0
46018,Alcublas,2026-01-01,2,2.7894002789400276
46016,Alcàntera de Xúquer,2026-01-01,2,1.3596193065941535
16010,Alcázar del Rey,2026-01-01,0,0
46020,"Alcúdia de Crespins, l'",2026-01-01,9,1.6336903249228536
46019,"Alcúdia, l'",2026-01-01,32,2.5449339907746142
46021,Aldaia,2026-01-01,77,2.2226070892506637
47006,Aldea de San Miguel,2026-01-01,0,0
35020,"Aldea de San Nicolás, La",2026-01-01,4,0.5387205387205387
10012,Aldea del Cano,2026-01-01,1,1.6420361247947455
28008,Aldea del Fresno,2026-01-01,4,1.1318619128466327
37015,Aldea del Obispo,2026-01-01,0,0
10013,"Aldea del Obispo, La",2026-01-01,1,3.4246575342465753
13009,Aldea del Rey,2026-01-01,1,0.6373486297004461
43904,"Aldea, L'",2026-01-01,26,5.502645502645503
10011,Aldeacentenera,2026-01-01,0,0
37013,Aldeacipreste,2026-01-01,0,0
37016,Aldealengua,2026-01-01,3,4.10958904109589
42011,Aldealpozo,2026-01-01,0,0
45009,Aldeanueva de Barbarroya,2026-01-01,2,4.3763676148796495
26008,Aldeanueva de Ebro,2026-01-01,1,0.3610108303249097
37017,Aldeanueva de Figueroa,2026-01-01,0,0
37018,Aldeanueva de la Sierra,2026-01-01,1,11.363636363636363
10014,Aldeanueva de la Vera,2026-01-01,2,1.0178117048346056
10015,Aldeanueva del Camino,2026-01-01,0,0
37019,Aldearrodrigo,2026-01-01,1,6.993006993006993
37022,Aldeaseca de la Frontera,2026-01-01,1,4.11522633744856
37023,Aldeatejada,2026-01-01,4,1.5003750937734435
10016,Aldehuela de Jerte,2026-01-01,0,0
05010,"Aldehuela, La",2026-01-01,0,0
18010,Aldeire,2026-01-01,0,0
43006,Aldover,2026-01-01,1,1.098901098901099
30006,Aledo,2026-01-01,3,2.6737967914438503
20005,Alegia,2026-01-01,2,1.1074197120708749
08003,Alella,2026-01-01,25,2.438786459857575
22019,Alerre,2026-01-01,0,0
26009,Alesanco,2026-01-01,1,2.070393374741201
18011,Alfacar,2026-01-01,15,2.5684931506849313
46022,Alfafar,2026-01-01,47,2.110841641965328
03010,Alfafara,2026-01-01,0,0
43008,Alfara de Carles,2026-01-01,0,0
46024,Alfara de la Baronia,2026-01-01,5,8.025682182985554
46025,Alfara del Patriarca,2026-01-01,1,0.2658160552897395
29003,Alfarnate,2026-01-01,2,1.9305019305019306
26011,Alfaro,2026-01-01,21,2.1065302437556426
46026,Alfarp,2026-01-01,5,2.8328611898017
46027,Alfarrasí,2026-01-01,2,1.7006802721088434
46023,Alfauir,2026-01-01,3,5.836575875486381
12007,Alfondeguilla,2026-01-01,3,3.40522133938706
43009,Alforja,2026-01-01,4,1.9694731659281144
03011,"Alfàs del Pi, l'",2026-01-01,65,3.0884728689537204
41007,"Algaba, La",2026-01-01,26,1.5419285968449767
24002,Algadefe,2026-01-01,0,0
07004,Algaida,2026-01-01,20,3.114779629341224
11003,Algar,2026-01-01,31,21.335168616655196
46028,Algar de Palancia,2026-01-01,0,0
18012,Algarinejo,2026-01-01,2,0.8543357539513029
29005,Algarrobo,2026-01-01,13,1.8320180383314542
11004,Algeciras,2026-01-01,308,2.434782608695652
46029,Algemesí,2026-01-01,61,2.1594449164542624
25015,Algerri,2026-01-01,0,0
28009,Algete,2026-01-01,42,1.981692931961876
46030,Algimia de Alfara,2026-01-01,0,0
46031,Alginet,2026-01-01,29,1.9357853280822375
11005,Algodonales,2026-01-01,3,0.5533013648100331
03012,Algorfa,2026-01-01,23,6.134969325153374
25016,Alguaire,2026-01-01,5,1.6355904481517827
30007,Alguazas,2026-01-01,16,1.535656013053076
03013,Algueña,2026-01-01,6,4.52147701582517
04010,Alhabia,2026-01-01,1,1.3333333333333333
18013,Alhama de Granada,2026-01-01,13,2.3436091581034795
30008,Alhama de Murcia,2026-01-01,55,2.2701944111941224
13010,Alhambra,2026-01-01,0,0
44017,Aliaga,2026-01-01,0,0
16014,Aliaguilla,2026-01-01,0,0
24003,Alija del Infantado,2026-01-01,0,0
25017,Alins,2026-01-01,0,0
10018,Aliseda,2026-01-01,4,2.3161551823972206
21002,Aljaraque,2026-01-01,25,1.0978394519585457
20006,Alkiza,2026-01-01,0,0
32001,Allariz,2026-01-01,8,1.229823212913144
31012,Allo,2026-01-01,1,0.975609756097561
44022,Alloza,2026-01-01,0,0
25019,Almacelles,2026-01-01,15,2.084201750729471
13012,Almadenejos,2026-01-01,1,2.617801047120419
19020,Almadrones,2026-01-01,0,0
13013,Almagro,2026-01-01,9,0.9742368478025547
02009,Almansa,2026-01-01,36,1.4632361907084503
24004,Almanza,2026-01-01,0,0
10019,Almaraz,2026-01-01,2,1.2539184952978057
49007,Almaraz de Duero,2026-01-01,1,2.5906735751295336
16015,"Almarcha, La",2026-01-01,4,8.421052631578947
29010,Almargen,2026-01-01,3,1.5915119363395225
42019,Almarza,2026-01-01,0,0
25020,Almatret,2026-01-01,0,0
14004,Almedinilla,2026-01-01,4,1.7316017316017316
12010,Almedíjar,2026-01-01,1,3.4602076124567476
49008,Almeida de Sayago,2026-01-01,0,0
25021,Almenar,2026-01-01,1,0.29788501638367587
12011,Almenara,2026-01-01,9,1.3146362839614374
37028,Almendra,2026-01-01,1,7.751937984496124
06010,Almendral,2026-01-01,4,3.3195020746887964
45011,Almendral de la Cañada,2026-01-01,1,2.923976608187134
06011,Almendralejo,2026-01-01,64,1.8527095877721167
21003,"Almendro, El",2026-01-01,0,0
16016,Almendros,2026-01-01,1,4.166666666666667
41010,Almensilla,2026-01-01,8,1.1994002998500748
04013,Almería,2026-01-01,258,1.2599378821323228
16017,Almodóvar del Pinar,2026-01-01,2,5.012531328320802
19021,Almoguera,2026-01-01,2,1.4398848092152627
46034,Almoines,2026-01-01,10,3.7369207772795217
50022,"Almolda, La",2026-01-01,21,40.229885057471265
45012,Almonacid de Toledo,2026-01-01,5,4.940711462450593
19022,Almonacid de Zorita,2026-01-01,1,1.4727540500736376
50024,Almonacid de la Sierra,2026-01-01,83,108.63874345549739
16018,Almonacid del Marquesado,2026-01-01,0,0
21004,Almonaster la Real,2026-01-01,2,1.135718341851221
21005,Almonte,2026-01-01,51,2.0209224916785544
03015,Almoradí,2026-01-01,38,1.661274809827752
45013,Almorox,2026-01-01,5,1.949317738791423
43011,Almoster,2026-01-01,2,1.4461315979754157
22022,Almunia de San Juan,2026-01-01,0,0
22023,Almuniente,2026-01-01,1,2.2222222222222223
13016,Almuradiel,2026-01-01,0,0
46035,Almussafes,2026-01-01,86,9.485991617030663
46032,Almàssera,2026-01-01,13,1.6592214422463305
48912,Alonsotegi,2026-01-01,4,1.3382402141184342
21006,Alosno,2026-01-01,3,0.7455268389662028
19024,Alovera,2026-01-01,29,1.9954586114360422
29013,Alozaina,2026-01-01,6,2.8169014084507045
17006,Alp,2026-01-01,8,4.640371229698376
50026,Alpartir,2026-01-01,1,1.6528925619834711
28010,Alpedrete,2026-01-01,22,1.3896784789337375
08004,Alpens,2026-01-01,2,7.49063670411985
02010,Alpera,2026-01-01,2,0.8620689655172413
25023,Alpicat,2026-01-01,20,3.050640634533252
46036,Alpuente,2026-01-01,3,4.354136429608127
03017,"Alqueria d'Asnar, l'",2026-01-01,1,1.9267822736030829
18018,Alquife,2026-01-01,0,0
43012,Altafulla,2026-01-01,12,2.0491803278688527
16019,Altarejos,2026-01-01,1,5.128205128205129
03018,Altea,2026-01-01,88,3.5582871699486476
09014,"Altos, Los",2026-01-01,1,5.524861878453039
12012,Altura,2026-01-01,8,2.044989775051125
20906,Altzaga,2026-01-01,1,6.0606060606060606
20007,Altzo,2026-01-01,3,6.7114093959731544
19027,Alustante,2026-01-01,0,0
46017,Alzira,2026-01-01,95,1.9545716401942228
05012,Amavida,2026-01-01,0,0
50027,Ambel,2026-01-01,1,3.952569169960474
28011,Ambite,2026-01-01,0,0
17007,Amer,2026-01-01,4,1.6535758577924762
15002,Ames,2026-01-01,11,0.3311956161743896
43013,"Ametlla de Mar, L'",2026-01-01,11,1.4792899408284024
20008,Amezketa,2026-01-01,1,1.0482180293501049
33003,Amieva,2026-01-01,2,3.3840947546531304
32002,Amoeiro,2026-01-01,2,0.8193363375665711
48003,Amorebieta-Etxano,2026-01-01,25,1.2729772391669638
43906,"Ampolla, L'",2026-01-01,12,3.1504331845628775
43014,Amposta,2026-01-01,66,2.863713281555083
34010,Ampudia,2026-01-01,0,0
39002,Ampuero,2026-01-01,4,0.886328384666519
01002,Amurrio,2026-01-01,10,0.9665571235260003
34011,Amusco,2026-01-01,1,2.3923444976076556
40017,Anaya,2026-01-01,0,0
28012,Anchuelo,2026-01-01,6,4.246284501061571
46038,Andilla,2026-01-01,0,0
20009,Andoain,2026-01-01,16,1.1030679076180627
44025,Andorra,2026-01-01,7,0.9733036707452725
31015,Andosilla,2026-01-01,7,2.3882633913340157
07005,Andratx,2026-01-01,21,1.6902768834513844
25027,Anglesola,2026-01-01,6,4.301075268817204
26013,Anguciana,2026-01-01,0,0
26014,Anguiano,2026-01-01,1,2.044989775051125
09017,Anguix,2026-01-01,0,0
46039,Anna,2026-01-01,7,2.6646364674533687
20010,Anoeta,2026-01-01,4,1.8921475875118259
19034,Anquela del Pedregal,2026-01-01,0,0
04016,Antas,2026-01-01,124,35.37803138373752
46040,Antella,2026-01-01,0,0
29015,Antequera,2026-01-01,70,1.6737202018028359
20011,Antzuola,2026-01-01,5,2.440214738897023
21007,Aracena,2026-01-01,28,3.313217370725358
38004,Arafo,2026-01-01,6,1.0005002501250624
41011,Arahal,2026-01-01,32,1.636159116474077
20012,Arama,2026-01-01,0,0
01003,Aramaio,2026-01-01,1,0.7390983000739099
09018,Aranda de Duero,2026-01-01,42,1.2387918829636622
15003,Aranga,2026-01-01,0,0
31023,Aranguren,2026-01-01,12,0.9090909090909091
28013,Aranjuez,2026-01-01,69,1.080860929227106
31024,Arano,2026-01-01,5,46.29629629629629
31022,Arantza,2026-01-01,1,1.594896331738437
48006,Arantzazu,2026-01-01,1,2.4390243902439024
19036,Aranzueque,2026-01-01,0,0
37032,Arapiles,2026-01-01,7,9.358288770053475
46041,Aras de los Olmos,2026-01-01,1,2.493765586034913
09020,Arauzo de Miel,2026-01-01,1,3.875968992248062
25029,Arbeca,2026-01-01,4,1.8467220683287164
31027,Arbizu,2026-01-01,0,0
04017,Arboleas,2026-01-01,10,2.391200382592061
43016,"Arboç, L'",2026-01-01,3,0.5262234695667427
16905,Arcas,2026-01-01,2,0.8361204013377926
49010,Arcenillas,2026-01-01,0,0
30009,Archena,2026-01-01,25,1.2022120702091847
29017,Archidona,2026-01-01,16,1.9757964929612248
11006,Arcos de la Frontera,2026-01-01,60,1.9180972475304499
49011,Arcos de la Polvorosa,2026-01-01,2,9.47867298578199
44026,Arcos de las Salinas,2026-01-01,1,9.5238095238095255
31029,"Arcos, Los",2026-01-01,2,1.7050298380221653
29018,Ardales,2026-01-01,3,1.1904761904761907
50033,Ardisa,2026-01-01,0,0
48093,Areatza,2026-01-01,4,3.10077519379845
31030,Arellano,2026-01-01,1,6.097560975609756
05013,"Arenal, El",2026-01-01,0,0
13903,Arenales de San Gregorio,2026-01-01,0,0
39004,Arenas de Iguña,2026-01-01,1,0.5757052389176742
13018,Arenas de San Juan,2026-01-01,4,3.9603960396039604
05014,Arenas de San Pedro,2026-01-01,14,2.1604938271604937
18020,Arenas del Rey,2026-01-01,0,0
08006,Arenys de Mar,2026-01-01,25,1.4721469791543988
08007,Arenys de Munt,2026-01-01,20,2.099296735593576
26015,Arenzana de Abajo,2026-01-01,1,3.9215686274509802
15004,Ares,2026-01-01,6,0.9580073447229762
31031,Areso,2026-01-01,0,0
20013,Aretxabaleta,2026-01-01,12,1.6722408026755853
13019,Argamasilla de Alba,2026-01-01,11,1.6264971166642024
13020,Argamasilla de Calatrava,2026-01-01,16,2.733640867930976
28014,Arganda del Rey,2026-01-01,173,2.8782963147824643
24007,Arganza,2026-01-01,0,0
19039,Argecilla,2026-01-01,0,0
17010,Argelaguer,2026-01-01,1,2.1413276231263385
43017,"Argentera, L'",2026-01-01,1,7.194244604316547
08009,Argentona,2026-01-01,26,2.016911023194477
08008,Argençola,2026-01-01,0,0
39005,Argoños,2026-01-01,0,0
31032,Arguedas,2026-01-01,3,1.2987012987012987
07901,Ariany,2026-01-01,4,3.734827264239029
38005,Arico,2026-01-01,0,0
50034,Ariza,2026-01-01,3,2.7548209366391188
44029,Ariño,2026-01-01,3,4.934210526315789
23006,Arjona,2026-01-01,7,1.314060446780552
23007,Arjonilla,2026-01-01,4,1.1347517730496455
17011,"Armentera, L'",2026-01-01,8,7.434944237918216
18021,Armilla,2026-01-01,53,2.0982620056217587
40022,Armuña,2026-01-01,0,0
19041,Armuña de Tajuña,2026-01-01,0,0
26017,Arnedillo,2026-01-01,1,2.288329519450801
26018,Arnedo,2026-01-01,15,0.9949588750331653
39006,Arnuero,2026-01-01,4,1.7421602787456445
21008,Aroche,2026-01-01,2,0.6673340006673341
38006,Arona,2026-01-01,32,0.35940518441978525
23008,Arquillos,2026-01-01,4,2.373887240356083
01037,Arraia-Maeztu,2026-01-01,0,0
48009,Arrankudiaga,2026-01-01,0,0
35004,Arrecife,2026-01-01,103,1.465879171707109
39007,Arredondo,2026-01-01,0,0
29020,Arriate,2026-01-01,7,1.729676303434643
48010,Arrieta,2026-01-01,5,8.591065292096221
48011,Arrigorriaga,2026-01-01,15,1.256491874685877
47010,Arroyo de la Encomienda,2026-01-01,64,2.8097286855737993
10021,Arroyo de la Luz,2026-01-01,3,0.545950864422202
23905,Arroyo del Ojanco,2026-01-01,2,0.9070294784580499
10023,Arroyomolinos,2026-01-01,90,109.22330097087378
28015,Arroyomolinos,2026-01-01,90,2.3569464449391124
31037,Arruazu,2026-01-01,0,0
31038,Artajona,2026-01-01,3,1.6882386043894204
12016,Artana,2026-01-01,2,1.004016064257028
48023,Artea,2026-01-01,1,1.3458950201884252
35005,Artenara,2026-01-01,1,0.9737098344693281
25033,Artesa de Lleida,2026-01-01,2,1.2944983818770226
25034,Artesa de Segre,2026-01-01,4,1.1129660545353368
01004,Artziniega,2026-01-01,2,1.0706638115631693
25036,Aspa,2026-01-01,0,0
49016,Aspariegos,2026-01-01,0,0
03019,Aspe,2026-01-01,42,1.8788583698666905
20014,Asteasu,2026-01-01,4,2.5559105431309903
20903,Astigarraga,2026-01-01,27,3.459764223475141
24008,Astorga,2026-01-01,22,2.1359223300970873
34017,Astudillo,2026-01-01,3,2.876318312559923
49017,Asturianos,2026-01-01,0,0
29021,Atajate,2026-01-01,0,0
37037,"Atalaya, La",2026-01-01,1,9.803921568627452
09029,Atapuerca,2026-01-01,0,0
47011,Ataquines,2026-01-01,1,1.7006802721088434
18022,Atarfe,2026-01-01,50,2.3864070255822836
20015,Ataun,2026-01-01,4,2.333722287047841
28016,"Atazar, El",2026-01-01,0,0
50038,Ateca,2026-01-01,3,1.681614349775785
19044,Atienza,2026-01-01,0,0
48091,Atxondo,2026-01-01,1,0.7473841554559043
46003,Atzeneta d'Albaida,2026-01-01,2,1.6736401673640167
12001,Atzeneta del Maestrat,2026-01-01,1,0.7800312012480499
48070,Aulesti,2026-01-01,2,3.1298904538341157
26020,Ausejo,2026-01-01,1,1.278772378516624
34018,Autilla del Pino,2026-01-01,1,4.424778761061947
34019,Autillo de Campos,2026-01-01,1,8
26021,Autol,2026-01-01,6,1.218274111675127
33004,Avilés,2026-01-01,95,1.2513995916485545
32004,Avión,2026-01-01,0,0
21010,Ayamonte,2026-01-01,39,1.753754834067812
22039,Ayerbe,2026-01-01,3,2.8544243577545196
02011,Ayna,2026-01-01,1,1.7391304347826089
46044,Ayora,2026-01-01,11,2.0719532868713504
12017,Ayódar,2026-01-01,1,5.681818181818182
31042,Azagra,2026-01-01,4,1.0695187165775402
44031,Azaila,2026-01-01,0,0
20017,Azkoitia,2026-01-01,13,1.1046906866077497
22042,Azlor,2026-01-01,0,0
26022,Azofra,2026-01-01,1,5.128205128205129
20018,Azpeitia,2026-01-01,12,0.7844675426554226
06014,Azuaga,2026-01-01,6,0.7900974453515934
50039,Azuara,2026-01-01,0,0
19046,Azuqueca de Henares,2026-01-01,52,1.4552374555732797
12018,Azuébar,2026-01-01,0,0
12002,Aín,2026-01-01,20,150.37593984962405
14006,Añora,2026-01-01,3,2.017484868863484
31018,Añorbe,2026-01-01,0,0
45014,Añover de Tajo,2026-01-01,7,1.2836970474967906
37038,Babilafuente,2026-01-01,0,0
04019,Bacares,2026-01-01,0,0
06015,Badajoz,2026-01-01,227,1.5046066149665276
08015,Badalona,2026-01-01,361,1.5651962782147224
41014,Badolatosa,2026-01-01,2,0.6506180871828238
14007,Baena,2026-01-01,27,1.4725934005999455
23009,Baeza,2026-01-01,27,1.7344382347273077
48012,Bakio,2026-01-01,7,2.450980392156863
25040,Balaguer,2026-01-01,26,1.4716703458425313
04904,Balanegra,2026-01-01,4,1.3157894736842104
02012,Balazote,2026-01-01,9,3.800675675675676
24009,Balboa,2026-01-01,0,0
02014,"Ballestero, El",2026-01-01,0,0
13022,Ballesteros de Calatrava,2026-01-01,0,0
22046,Ballobar,2026-01-01,1,1.1494252873563218
48090,Balmaseda,2026-01-01,9,1.1632415664986429
03020,Balones,2026-01-01,0,0
08018,Balsareny,2026-01-01,5,1.4907573047107932
32005,Baltar,2026-01-01,0,0
32006,Bande,2026-01-01,3,2.0562028786840303
07007,Banyalbufar,2026-01-01,2,3.4602076124567476
03021,Banyeres de Mariola,2026-01-01,8,1.0905125408942202
17015,Banyoles,2026-01-01,37,1.7714367788576628
16027,Barajas de Melo,2026-01-01,0,0
48013,Barakaldo,2026-01-01,135,1.3096115789065228
37040,Barbadillo,2026-01-01,0,0
09037,Barbadillo de Herreros,2026-01-01,0,0
31046,Barbarin,2026-01-01,0,0
22048,Barbastro,2026-01-01,20,1.1236586325074442
11007,Barbate,2026-01-01,40,1.7632019747862118
25041,Barbens,2026-01-01,1,1.098901098901099
06016,Barcarrota,2026-01-01,1,0.28868360277136257
08019,Barcelona,2026-01-01,2927,1.7084518461144247
47013,Barcial de la Loma,2026-01-01,0,0
45018,Barcience,2026-01-01,2,1.7391304347826089
39011,Bareyo,2026-01-01,0,0
45019,Bargas,2026-01-01,15,1.3245033112582782
24011,Barjas,2026-01-01,0,0
38007,Barlovento,2026-01-01,1,0.46904315196998125
12020,Barracas,2026-01-01,0,0
44035,Barrachina,2026-01-01,1,8.849557522123893
05022,"Barraco, El",2026-01-01,2,0.9596928982725528
10025,Barrado,2026-01-01,0,0
02015,Barrax,2026-01-01,6,3.205128205128205
48014,Barrika,2026-01-01,3,1.969796454366382
24012,"Barrios de Luna, Los",2026-01-01,0,0
11008,"Barrios, Los",2026-01-01,40,1.6268098259313486
37044,Barruecopardo,2026-01-01,0,0
47014,Barruelo del Valle,2026-01-01,0,0
01013,Barrundia,2026-01-01,0,0
46046,Barx,2026-01-01,7,4.623513870541612
46045,Barxeta,2026-01-01,4,2.5396825396825395
48015,Basauri,2026-01-01,49,1.217028463563658
09045,Basconcillos del Tozo,2026-01-01,0,0
37045,"Bastida, La",2026-01-01,0,0
43022,Batea,2026-01-01,4,2.135611318739989
28017,Batres,2026-01-01,6,3.033367037411527
18023,Baza,2026-01-01,42,2.0332090816672315
15007,"Baña, A",2026-01-01,1,0.30873726458783574
26024,Bañares,2026-01-01,2,10.101010101010102
24010,"Bañeza, La",2026-01-01,18,1.7431725740848345
32007,Baños de Molgas,2026-01-01,3,2.0408163265306123
10024,Baños de Montemayor,2026-01-01,1,1.3550135501355014
09035,Baños de Valdearados,2026-01-01,2,6.211180124223602
23011,Baños de la Encina,2026-01-01,4,1.5735641227380015
32011,Beariz,2026-01-01,0,0
21011,Beas,2026-01-01,9,2.03527815468114
18024,Beas de Granada,2026-01-01,1,0.992063492063492
23012,Beas de Segura,2026-01-01,6,1.2021638950110198
20019,Beasain,2026-01-01,28,1.997289392966688
05024,Becedas,2026-01-01,0,0
05025,Becedillas,2026-01-01,1,14.285714285714285
44037,Beceite,2026-01-01,0,0
34029,Becerril de Campos,2026-01-01,1,1.3550135501355014
28018,Becerril de la Sierra,2026-01-01,9,1.3370970138166691
48092,Bedia,2026-01-01,14,12.63537906137184
27007,Begonte,2026-01-01,1,0.3457814661134163
08020,Begues,2026-01-01,19,2.5182239893969514
17013,Begur,2026-01-01,13,3.033131124591694
31051,Beire,2026-01-01,0,0
04023,Beires,2026-01-01,1,7.142857142857142
12022,Bejís,2026-01-01,0,0
20021,Belauntza,2026-01-01,1,3.4364261168384878
50045,Belchite,2026-01-01,0,0
25046,Belianes,2026-01-01,1,1.953125
25048,Bell-lloc d'Urgell,2026-01-01,5,2.11954217888936
25170,Bellaguarda,2026-01-01,1,3.484320557491289
25047,Bellcaire d'Urgell,2026-01-01,3,2.3584905660377355
25049,Bellmunt d'Urgell,2026-01-01,0,0
43023,Bellmunt del Priorat,2026-01-01,2,6.944444444444444
44039,Bello,2026-01-01,0,0
08021,Bellprat,2026-01-01,0,0
25050,Bellpuig,2026-01-01,11,1.9887904538058216
43024,Bellvei,2026-01-01,2,0.8116883116883118
25051,Bellver de Cerdanya,2026-01-01,7,3.058103975535168
46049,Bellús,2026-01-01,30,94.9367088607595
14009,Belmez,2026-01-01,2,0.6978367062107467
16033,Belmonte,2026-01-01,4,2.2522522522522523
28019,Belmonte de Tajo,2026-01-01,2,1.0245901639344264
16034,Belmontejo,2026-01-01,1,7.936507936507936
09048,Belorado,2026-01-01,2,1.092896174863388
22052,Belver de Cinca,2026-01-01,5,3.8940809968847354
24014,Bembibre,2026-01-01,11,1.3622291021671826
22053,Benabarre,2026-01-01,1,0.8726003490401396
12024,Benafer,2026-01-01,1,5.9171597633136095
12025,Benafigos,2026-01-01,0,0
46051,Benaguasil,2026-01-01,22,1.7313291886361848
04024,Benahadux,2026-01-01,10,2.0370747606437156
11901,Benalup-Casas Viejas,2026-01-01,20,2.7468754291992856
29026,Benamargosa,2026-01-01,3,1.9206145966709347
18029,Benamaurel,2026-01-01,4,1.7977528089887642
29027,Benamocarra,2026-01-01,7,2.197112366603892
11009,Benaocaz,2026-01-01,2,2.6737967914438503
03022,Benasau,2026-01-01,1,5.747126436781609
22054,Benasque,2026-01-01,0,0
23016,Benatae,2026-01-01,0,0
49021,Benavente,2026-01-01,22,1.2734429266033804
46052,Benavites,2026-01-01,0,0
49022,Benegiles,2026-01-01,1,3.745318352059925
03023,Beneixama,2026-01-01,1,0.5868544600938967
46053,Beneixida,2026-01-01,0,0
03024,Benejúzar,2026-01-01,6,1.029336078229542
46054,Benetússer,2026-01-01,29,1.7304135091592578
03025,Benferri,2026-01-01,6,2.859866539561487
03026,Beniarbeig,2026-01-01,10,3.937007874015748
03027,Beniardá,2026-01-01,1,4.291845493562231
46055,Beniarjó,2026-01-01,2,1.0224948875255624
03028,Beniarrés,2026-01-01,1,0.8960573476702509
12027,Benicarló,2026-01-01,37,1.2173455287227741
46057,Benicolet,2026-01-01,2,3.246753246753247
46904,Benicull de Xúquer,2026-01-01,1,0.8517887563884157
03030,Benidoleig,2026-01-01,138,108.32025117739404
03031,Benidorm,2026-01-01,135,1.7484555309476628
30010,Beniel,2026-01-01,20,1.7319016279875303
46058,Benifairó de les Valls,2026-01-01,4,1.6913319238900633
46060,Benifaió,2026-01-01,29,2.3696682464454977
43025,Benifallet,2026-01-01,0,0
03032,Benifallim,2026-01-01,0,0
46061,Beniflá,2026-01-01,1,1.9723865877712032
03029,Benigembla,2026-01-01,0,0
03034,Benijófar,2026-01-01,16,4.329004329004329
03035,Benilloba,2026-01-01,2,2.680965147453083
03036,Benillup,2026-01-01,0,0
03037,Benimantell,2026-01-01,2,3.676470588235294
03038,Benimarfull,2026-01-01,0,0
03040,Benimeli,2026-01-01,3,6.329113924050633
46063,Benimodo,2026-01-01,4,1.7123287671232876
46064,Benimuslem,2026-01-01,4,5.925925925925926
46065,Beniparrell,2026-01-01,14,6.606890042472864
03041,Benissa,2026-01-01,48,3.832641328648994
43026,Benissanet,2026-01-01,1,0.8396305625524769
04026,Benitagla,2026-01-01,1,15.625
12029,Benlloch,2026-01-01,72,62.82722513089005
10027,Benquerencia,2026-01-01,0,0
04028,Bentarique,2026-01-01,1,4.424778761061947
48016,Berango,2026-01-01,5,0.6055468087683178
01014,Berantevilla,2026-01-01,0,0
20022,Berastegi,2026-01-01,0,0
22055,Berbegal,2026-01-01,1,3.115264797507788
09050,Berberana,2026-01-01,0,0
31053,Berbinzana,2026-01-01,0,0
47017,Bercero,2026-01-01,2,11.76470588235294
05026,Bercial de Zapardiel,2026-01-01,1,6.024096385542169
08022,Berga,2026-01-01,21,1.197331660870061
20074,Bergara,2026-01-01,12,0.8324661810613944
26028,Bergasa,2026-01-01,2,11.627906976744185
15008,Bergondo,2026-01-01,26,3.651172588119646
04029,Berja,2026-01-01,12,0.9232899899976917
05027,"Berlanas, Las",2026-01-01,0,0
06019,Berlanga,2026-01-01,3,1.379310344827586
42035,Berlanga de Duero,2026-01-01,0,0
24019,Berlanga del Bierzo,2026-01-01,1,3.215434083601286
09051,Berlangas de Roa,2026-01-01,0,0
48017,Bermeo,2026-01-01,30,1.7527459686842721
49023,Bermillo de Sayago,2026-01-01,0,0
01016,Bernedo,2026-01-01,0,0
19051,Berninches,2026-01-01,1,17.857142857142858
40031,Bernuy de Porreros,2026-01-01,2,1.4892032762472078
48018,Berriatua,2026-01-01,2,1.6326530612244898
31903,Berriozar,2026-01-01,6,0.5301758416541487
48019,Berriz,2026-01-01,7,1.5408320493066257
20023,Berrobi,2026-01-01,1,1.7857142857142856
21012,Berrocal,2026-01-01,0,0
37051,Berrocal de Salvatierra,2026-01-01,1,13.513513513513514
10029,Berzocana,2026-01-01,1,2.6666666666666665
34032,Berzosilla,2026-01-01,0,0
15009,Betanzos,2026-01-01,14,1.036422860527095
16035,Beteta,2026-01-01,0,0
12021,Betxí,2026-01-01,8,1.40424784974548
17021,Beuda,2026-01-01,2,9.900990099009901
03043,Biar,2026-01-01,5,1.3598041881968996
46071,Bicorp,2026-01-01,0,0
20024,Bidania-Goiatz,2026-01-01,1,1.8796992481203008
50901,Biel,2026-01-01,0,0
22057,Bielsa,2026-01-01,0,0
02016,Bienservida,2026-01-01,1,1.8214936247723132
06020,Bienvenida,2026-01-01,2,1
22059,Biescas,2026-01-01,2,1.215066828675577
03044,Bigastro,2026-01-01,18,2.385685884691849
48020,Bilbao,2026-01-01,389,1.1083410499323314
22060,Binaced,2026-01-01,3,1.7857142857142856
07008,Binissalem,2026-01-01,24,2.5742786656655583
25055,Biosca,2026-01-01,1,5.405405405405405
50051,Biota,2026-01-01,2,2.4096385542168677
22062,Bisaurri,2026-01-01,0,0
43027,"Bisbal de Falset, La",2026-01-01,2,9.345794392523365
17234,Biure,2026-01-01,1,4.405286343612335
30011,Blanca,2026-01-01,9,1.3165593914569924
43029,Blancafort,2026-01-01,1,2.5510204081632653
32012,"Blancos, Os",2026-01-01,1,1.4285714285714286
17023,Blanes,2026-01-01,52,1.225085991612873
44043,Blesa,2026-01-01,0,0
37052,Boada,2026-01-01,1,3.8610038610038613
28022,Boadilla del Monte,2026-01-01,1724,25.995566881285907
33007,Boal,2026-01-01,2,1.4577259475218658
28023,"Boalo, El",2026-01-01,5,0.5703855806525211
26031,Bobadilla,2026-01-01,2,19.41747572815534
47020,Bobadilla del Campo,2026-01-01,0,0
46072,Bocairent,2026-01-01,5,1.1933174224343677
40032,Boceguillas,2026-01-01,2,2.680965147453083
47021,Bocigas,2026-01-01,0,0
06021,Bodonal de la Sierra,2026-01-01,2,2.0345879959308237
47023,Boecillo,2026-01-01,9,2.02474690663667
02017,Bogarra,2026-01-01,1,1.36986301369863
10030,Bohonal de Ibor,2026-01-01,1,2.0408163265306123
05037,Bohoyo,2026-01-01,1,4.901960784313726
15010,Boimorto,2026-01-01,2,1.1086474501108647
15011,Boiro,2026-01-01,16,0.8439708830045364
13023,Bolaños de Calatrava,2026-01-01,20,1.6500288755053214
47024,Bolaños de Campos,2026-01-01,1,4.11522633744856
46073,Bolbaite,2026-01-01,2,1.5151515151515151
32015,"Bolo, O",2026-01-01,1,1.2755102040816326
22066,Boltaña,2026-01-01,1,0.9165902841429882
03045,Bolulla,2026-01-01,1,2.053388090349076
17024,Bolvir,2026-01-01,2,4.056795131845842
21014,Bonares,2026-01-01,7,1.1303084127240433
43030,Bonastre,2026-01-01,1,1.2853470437017993
02018,Bonete,2026-01-01,0,0
16036,Boniches,2026-01-01,0,0
05038,Bonilla de la Sierra,2026-01-01,0,0
02019,"Bonillo, El",2026-01-01,2,0.7558578987150416
46074,Bonrepòs i Mirambell,2026-01-01,8,1.942690626517727
50053,Boquiñeni,2026-01-01,2,2.6737967914438503
17025,Bordils,2026-01-01,3,1.644736842105263
29030,"Borge, El",2026-01-01,2,2.103049421661409
25058,"Borges Blanques, Les",2026-01-01,5,0.774233508826262
43031,"Borges del Camp, Les",2026-01-01,6,2.594033722438392
50055,Borja,2026-01-01,3,0.5778120184899846
42038,Borjabad,2026-01-01,0,0
41017,Bormujos,2026-01-01,43,1.8626007103872477
11010,Bornos,2026-01-01,6,0.7993605115907274
42039,Borobia,2026-01-01,0,0
45021,Borox,2026-01-01,302,68.68319308619513
12031,Borriol,2026-01-01,16,2.664002664002664
11011,"Bosque, El",2026-01-01,11,4.901960784313726
43032,Bot,2026-01-01,1,1.834862385321101
43033,Botarell,2026-01-01,1,0.8650519031141869
10031,Botija,2026-01-01,1,5.405405405405405
50056,Botorrita,2026-01-01,1,1.697792869269949
25056,Bovera,2026-01-01,2,7.936507936507936
24021,Boñar,2026-01-01,1,0.578368999421631
28024,Braojos,2026-01-01,0,0
13024,Brazatortas,2026-01-01,2,2.004008016032064
34036,Brañosera,2026-01-01,0,0
28025,Brea de Tajo,2026-01-01,2,3.454231433506045
17027,Breda,2026-01-01,5,1.2613521695257317
41018,Brenes,2026-01-01,16,1.2373366328976878
49026,Bretocino,2026-01-01,0,0
38008,Breña Alta,2026-01-01,17,2.2739432851792403
40033,Brieva,2026-01-01,0,0
19053,Brihuega,2026-01-01,0,0
49027,Brime de Sog,2026-01-01,1,8.771929824561402
49028,Brime de Urz,2026-01-01,0,0
26034,Briones,2026-01-01,1,1.3280212483399734
09056,Briviesca,2026-01-01,16,2.384145432871405
26033,Briñas,2026-01-01,0,0
44045,Bronchales,2026-01-01,0,0
22069,Broto,2026-01-01,1,1.6207455429497568
10032,Brozas,2026-01-01,0,0
08025,"Bruc, El",2026-01-01,3,1.3077593722755014
08026,"Brull, El",2026-01-01,0,0
28026,Brunete,2026-01-01,1557,138.26480774353968
17028,Brunyola,2026-01-01,1,2.506265664160401
50058,Bubierca,2026-01-01,0,0
16038,Buciegas,2026-01-01,0,0
19054,Budia,2026-01-01,0,0
45022,Buenaventura,2026-01-01,0,0
37060,Buenavista,2026-01-01,0,0
34037,Buenavista de Valdavia,2026-01-01,0,0
38010,Buenavista del Norte,2026-01-01,5,1.0584250635055037
36004,Bueu,2026-01-01,0,0
46076,Bugarra,2026-01-01,3,3.8071065989847717
14012,Bujalance,2026-01-01,2,0.28280542986425344
50059,Bujaraloz,2026-01-01,1,1.0593220338983051
50060,Bulbuente,2026-01-01,0,0
30012,Bullas,2026-01-01,18,1.5001250104175348
09058,Buniel,2026-01-01,1,1.5974440894568689
07010,Bunyola,2026-01-01,12,1.5629070070330815
27902,Burela,2026-01-01,11,1.1389521640091116
50061,Bureta,2026-01-01,1,4.807692307692308
49029,Burganes de Valverde,2026-01-01,0,0
50062,"Burgo de Ebro, El",2026-01-01,3,1.075268817204301
29031,"Burgo, El",2026-01-01,2,1.1376564277588168
05041,Burgohondo,2026-01-01,3,2.356637863315004
09059,Burgos,2026-01-01,286,1.6034086449515053
41019,Burguillos,2026-01-01,5,0.6662225183211192
45023,Burguillos de Toledo,2026-01-01,7,1.813001813001813
06022,Burguillos del Cerro,2026-01-01,0,0
46078,Burjassot,2026-01-01,68,1.6290156433413985
03046,Busot,2026-01-01,11,2.9286474973375936
28028,Bustarviejo,2026-01-01,6,2.0927799093128705
49030,Bustillo del Oro,2026-01-01,1,13.333333333333334
09060,Busto de Bureba,2026-01-01,0,0
48021,Busturia,2026-01-01,3,1.772002362669817
46077,Buñol,2026-01-01,19,1.9168684422921711
31057,Buñuel,2026-01-01,3,1.296456352636128
46047,Bèlgida,2026-01-01,3,4.608294930875576
46070,Bétera,2026-01-01,71,2.482083551826604
37061,"Cabaco, El",2026-01-01,1,4.3478260869565215
15014,Cabana de Bergantiños,2026-01-01,2,0.4916420845624386
15015,Cabanas,2026-01-01,4,1.2221203788573174
17030,Cabanes,2026-01-01,11,11.022044088176353
12033,Cabanes,2026-01-01,11,3.150959610426812
31062,Cabanillas,2026-01-01,1,0.7320644216691069
28029,Cabanillas de la Sierra,2026-01-01,0,0
19058,Cabanillas del Campo,2026-01-01,39,3.3801352054082163
08027,"Cabanyes, Les",2026-01-01,191,179.51127819548873
24027,Cabañas Raras,2026-01-01,2,1.5420200462606013
50064,Cabañas de Ebro,2026-01-01,1,2.100840336134454
45026,Cabañas de Yepes,2026-01-01,0,0
45025,Cabañas de la Sagra,2026-01-01,2,0.9170105456212746
10033,Cabañas del Castillo,2026-01-01,0,0
09061,Cabañes de Esgueva,2026-01-01,0,0
06023,Cabeza del Buey,2026-01-01,4,0.8920606601248885
06024,Cabeza la Vaca,2026-01-01,0,0
10034,Cabezabellosa,2026-01-01,0,0
45027,Cabezamesada,2026-01-01,2,5.602240896358543
13025,Cabezarados,2026-01-01,1,3.4482758620689653
13026,Cabezarrubias del Puerto,2026-01-01,0,0
05042,Cabezas de Alambre,2026-01-01,1,6.5359477124183005
41020,"Cabezas de San Juan, Las",2026-01-01,22,1.3420362349783446
40036,Cabezuela,2026-01-01,2,3.0534351145038165
10035,Cabezuela del Valle,2026-01-01,2,0.9560229445506692
05045,Cabizuela,2026-01-01,1,11.11111111111111
14013,Cabra,2026-01-01,16,0.8005603922745922
44048,Cabra de Mora,2026-01-01,0,0
43036,Cabra del Camp,2026-01-01,1,0.7209805335255948
08028,Cabrera d'Anoia,2026-01-01,7,3.9392234102419805
08029,Cabrera de Mar,2026-01-01,61,12.07203641401148
28030,"Cabrera, La",2026-01-01,5,1.7029972752043596
37067,Cabrerizos,2026-01-01,3,0.7109004739336493
10036,Cabrero,2026-01-01,0,0
47029,Cabreros del Monte,2026-01-01,1,15.625
37068,Cabrillas,2026-01-01,2,6.329113924050633
08030,Cabrils,2026-01-01,31,3.9974210186976147
24030,Cacabelos,2026-01-01,2,0.4221190375685943
28031,Cadalso de los Vidrios,2026-01-01,4,1.1809861234130499
31064,Cadreita,2026-01-01,2,0.9170105456212746
50066,Cadrete,2026-01-01,6,1.2864493996569468
21016,Cala,2026-01-01,1,0.9025270758122744
44049,Calaceite,2026-01-01,0,0
08031,Calaf,2026-01-01,8,2.2056796250344637
43037,Calafell,2026-01-01,33,1.0176076968145795
26036,Calahorra,2026-01-01,42,1.6606041436027201
34041,Calahorra de Boedo,2026-01-01,0,0
18114,"Calahorra, La",2026-01-01,0,0
44050,Calamocha,2026-01-01,6,1.296456352636128
06025,Calamonte,2026-01-01,8,1.3042060645582
44051,Calanda,2026-01-01,9,2.36655272153563
30013,Calasparra,2026-01-01,29,2.7927580893682586
50067,Calatayud,2026-01-01,23,1.1413259229853117
42046,Calatañazor,2026-01-01,0,0
50068,Calatorao,2026-01-01,5,1.6891891891891893
21017,Calañas,2026-01-01,3,1.0924981791697013
50069,Calcena,2026-01-01,0,0
08034,Calders,2026-01-01,4,3.568242640499554
08032,Caldes d'Estrac,2026-01-01,4,1.194743130227001
17033,Caldes de Malavella,2026-01-01,15,1.7353077279037483
08033,Caldes de Montbui,2026-01-01,47,2.533146491322626
08035,Calella,2026-01-01,25,1.203369434416366
45028,Calera y Chozas,2026-01-01,2,0.4133085348212441
09064,Caleruega,2026-01-01,1,2.6525198938992043
45029,Caleruela,2026-01-01,0,0
18037,Calicasas,2026-01-01,2,2.9027576197387517
08037,Calldetenes,2026-01-01,5,1.8355359765051396
46079,Calles,2026-01-01,0,0
03048,Callosa d'en Sarrià,2026-01-01,17,2.0479460305987227
03049,Callosa de Segura,2026-01-01,28,1.407388791153556
44052,Calomarde,2026-01-01,0,0
17034,Calonge,2026-01-01,27,2.2008477339419628
08036,Calonge de Segarra,2026-01-01,1,5.58659217877095
37069,Calvarrasa de Abajo,2026-01-01,1,0.8051529790660226
37070,Calvarrasa de Arriba,2026-01-01,2,3.316749585406302
07011,Calvià,2026-01-01,35,0.6471654154801967
13027,Calzada de Calatrava,2026-01-01,4,1.0878433505575196
37072,Calzada de Don Diego,2026-01-01,1,7.751937984496124
45030,Calzada de Oropesa,2026-01-01,0,0
37073,Calzada de Valdunciel,2026-01-01,1,1.3831258644536653
34042,Calzada de los Molinos,2026-01-01,0,0
24031,Calzada del Coto,2026-01-01,1,4.672897196261682
10040,Calzadilla,2026-01-01,1,2.237136465324385
49032,Calzadilla de Tera,2026-01-01,1,3.5971223021582737
06027,Calzadilla de los Barros,2026-01-01,0,0
39015,Camaleño,2026-01-01,2,2.070393374741201
25062,Camarasa,2026-01-01,1,1.25
45031,Camarena,2026-01-01,9,1.859504132231405
44054,Camarena de la Sierra,2026-01-01,0,0
45032,Camarenilla,2026-01-01,0,0
39016,Camargo,2026-01-01,10,0.32725725692967245
44055,Camarillas,2026-01-01,0,0
15016,Camariñas,2026-01-01,4,0.7894217485691731
43903,Camarles,2026-01-01,3,0.8573878250928837
28032,Camarma de Esteruelas,2026-01-01,15,1.7981299448573482
41021,Camas,2026-01-01,69,2.3637422493234217
44053,Camañas,2026-01-01,1,7.352941176470588
23018,Cambil,2026-01-01,3,1.1312217194570138
15017,Cambre,2026-01-01,8,0.3229582980097695
43038,Cambrils,2026-01-01,76,2.050285960936657
10041,Caminomorisco,2026-01-01,0,0
44056,Caminreal,2026-01-01,5,8.223684210526315
41022,"Campana, La",2026-01-01,14,2.734375
06028,Campanario,2026-01-01,4,0.851063829787234
07012,Campanet,2026-01-01,7,2.4518388791593693
47030,Campaspero,2026-01-01,1,0.9852216748768472
17037,Campelles,2026-01-01,1,6.134969325153374
03050,"Campello, el",2026-01-01,74,2.3442202299870116
16042,Campillo de Altobuey,2026-01-01,1,0.7639419404125286
09065,Campillo de Aranda,2026-01-01,0,0
23019,Campillo de Arenas,2026-01-01,2,1.1682242990654206
06029,Campillo de Llerena,2026-01-01,2,1.5082956259426847
19060,Campillo de Ranas,2026-01-01,0,0
45033,"Campillo de la Jara, El",2026-01-01,0,0
21018,"Campillo, El",2026-01-01,6,2.9865604778496766
47031,"Campillo, El",2026-01-01,6,29.26829268292683
29032,Campillos,2026-01-01,10,1.1691804045364198
08039,Campins,2026-01-01,1,1.7006802721088434
17038,Campllong,2026-01-01,4,7.49063670411985
22074,Campo,2026-01-01,3,6.048387096774193
10043,Campo Lugar,2026-01-01,3,3.802281368821293
28033,Campo Real,2026-01-01,15,2.1536252692031588
13028,Campo de Criptana,2026-01-01,30,2.3286501591244275
37077,"Campo de Peñaranda, El",2026-01-01,0,0
40039,Campo de San Pedro,2026-01-01,1,3.90625
24033,Campo de Villavidel,2026-01-01,1,4.854368932038835
24034,Camponaraya,2026-01-01,5,1.2300123001230012
47032,Camporredondo,2026-01-01,0,0
46080,Camporrobles,2026-01-01,0,0
07013,Campos,2026-01-01,25,1.9984012789768186
17039,Camprodon,2026-01-01,1,0.390625
45034,Camuñas,2026-01-01,3,1.726121979286536
47033,Canalejas de Peñafiel,2026-01-01,1,3.8910505836575875
16045,Canalejas del Arroyo,2026-01-01,0,0
05046,Canales,2026-01-01,1,23.809523809523807
26038,Canales de la Sierra,2026-01-01,0,0
46081,Canals,2026-01-01,19,1.3763129300977905
22077,Candasnos,2026-01-01,0,0
38011,Candelaria,2026-01-01,62,2.1203830369357046
37078,Candelario,2026-01-01,2,2.403846153846154
05047,Candeleda,2026-01-01,5,1.0002000400080016
42049,Candilichera,2026-01-01,0,0
23020,Canena,2026-01-01,3,1.7543859649122808
17040,Canet d'Adri,2026-01-01,1,1.3477088948787064
46082,Canet d'En Berenguer,2026-01-01,21,2.540527461892088
08040,Canet de Mar,2026-01-01,26,1.7115397274702124
12036,Canet lo Roig,2026-01-01,1,1.4124293785310735
22078,Canfranc,2026-01-01,0,0
09067,Canicosa de la Sierra,2026-01-01,3,7.317073170731708
18039,Caniles,2026-01-01,10,2.551671344730799
29033,Canillas de Aceituno,2026-01-01,6,3.3594624860022395
29034,Canillas de Albaida,2026-01-01,2,2.4390243902439024
43907,"Canonja, La",2026-01-01,5,0.8343066911396629
08041,Canovelles,2026-01-01,26,1.4903983949555748
37080,Cantagallo,2026-01-01,2,7.092198581560283
37081,Cantalapiedra,2026-01-01,1,1.1325028312570782
40040,Cantalejo,2026-01-01,3,0.8298755186721991
17041,Cantallops,2026-01-01,1,2.7247956403269753
37082,Cantalpino,2026-01-01,3,3.7359900373599007
37083,Cantaracillo,2026-01-01,1,5.319148936170213
44059,Cantavieja,2026-01-01,2,2.751031636863824
41023,Cantillana,2026-01-01,28,2.600297176820208
40041,Cantimpalos,2026-01-01,0,0
04031,Cantoria,2026-01-01,20,5.538631957906397
08043,Canyelles,2026-01-01,10,1.8201674554058973
31065,Caparroso,2026-01-01,4,1.3731548232063167
07014,Capdepera,2026-01-01,12,0.9023913370431644
22079,Capdesaso,2026-01-01,0,0
15018,"Capela, A",2026-01-01,1,0.8591065292096219
22080,Capella,2026-01-01,0,0
08044,Capellades,2026-01-01,12,2.1436227224008575
34045,Capillas,2026-01-01,0,0
17042,Capmany,2026-01-01,0,0
43040,Capçanes,2026-01-01,0,0
28035,Carabaña,2026-01-01,5,2.0242914979757085
30015,Caravaca de la Cruz,2026-01-01,46,1.7533160542765664
09070,Carazo,2026-01-01,0,0
49036,Carbajales de Alba,2026-01-01,0,0
37085,Carbajosa de la Sagrada,2026-01-01,18,2.3121387283236996
32018,Carballeda de Avia,2026-01-01,0,0
32019,"Carballiño, O",2026-01-01,28,1.9665683382497543
15019,Carballo,2026-01-01,41,1.2774575479046582
04032,Carboneras,2026-01-01,11,1.3008514664143804
16055,Carboneras de Guadazaón,2026-01-01,4,5
40043,Carbonero el Mayor,2026-01-01,4,1.6253555465258025
23021,Carboneros,2026-01-01,1,1.6025641025641024
10047,Carcaboso,2026-01-01,1,0.9276437847866419
14015,Carcabuey,2026-01-01,3,1.2919896640826873
46083,Carcaixent,2026-01-01,41,1.8727447129219386
31067,Carcastillo,2026-01-01,1,0.41476565740356697
09072,Carcedo de Burgos,2026-01-01,2,3.8910505836575875
08046,Cardedeu,2026-01-01,28,1.4698162729658792
14016,Cardeña,2026-01-01,1,0.7199424046076314
09073,Cardeñadijo,2026-01-01,1,0.6915629322268326
09074,Cardeñajimeno,2026-01-01,1,0.8431703204047217
34046,Cardeñosa de Volpejera,2026-01-01,1,15.625
09075,Cardeñuela Riopico,2026-01-01,0,0
45035,Cardiel de los Montes,2026-01-01,0,0
08047,Cardona,2026-01-01,9,1.9823788546255507
50072,Carenas,2026-01-01,2,11.76470588235294
50073,Cariñena,2026-01-01,5,1.3885031935573453
15901,Cariño,2026-01-01,3,0.8216926869350862
46085,Carlet,2026-01-01,35,2.079249094041466
14017,"Carlota, La",2026-01-01,19,1.3085399449035813
08048,Carme,2026-01-01,2,2.3255813953488373
45036,Carmena,2026-01-01,0,0
41024,Carmona,2026-01-01,39,1.282557221783741
06031,Carmonita,2026-01-01,0,0
15020,Carnota,2026-01-01,3,0.7942811755361397
23024,"Carolina, La",2026-01-01,13,0.8848352845085762
47035,Carpio,2026-01-01,0,0
45037,"Carpio de Tajo, El",2026-01-01,6,3.080082135523614
14018,"Carpio, El",2026-01-01,5,1.1571395510298543
24038,Carracedelo,2026-01-01,3,0.8756567425569177
15021,Carral,2026-01-01,7,1.023990637799883
45038,Carranque,2026-01-01,7,1.284168042560998
37087,Carrascal de Barregas,2026-01-01,4,2.751031636863824
42053,Carrascosa de Abajo,2026-01-01,0,0
29036,Carratraca,2026-01-01,0,0
05051,"Carrera, La",2026-01-01,1,6.451612903225806
09076,Carrias,2026-01-01,1,38.46153846153847
45039,Carriches,2026-01-01,1,3.7735849056603774
13032,Carrizosa,2026-01-01,1,0.9124087591240876
30016,Cartagena,2026-01-01,184,0.8348457350272231
29037,Cartajima,2026-01-01,0,0
21021,Cartaya,2026-01-01,40,1.8485142566662045
39018,Cartes,2026-01-01,3,0.5114217524718718
24041,Carucedo,2026-01-01,0,0
19070,Casa de Uceda,2026-01-01,3,23.25581395348837
29039,Casabermeja,2026-01-01,8,1.9111323459149545
26042,Casalarreina,2026-01-01,2,1.8331805682859763
45040,"Casar de Escalona, El",2026-01-01,5,2.1920210434020166
10050,Casar de Palomero,2026-01-01,2,2.014098690835851
19071,"Casar, El",2026-01-01,19,1.3645504165469693
29040,Casarabonela,2026-01-01,8,2.8338646829613885
42055,Casarejos,2026-01-01,0,0
29041,Casares,2026-01-01,19,2.1148708815672306
10051,Casares de las Hurdes,2026-01-01,0,0
41026,Casariche,2026-01-01,8,1.5128593040847202
45041,Casarrubios del Monte,2026-01-01,13,1.7337956788476927
28036,Casarrubuelos,2026-01-01,61,14.000459031443652
06033,Casas de Don Pedro,2026-01-01,1,0.7267441860465116
16061,Casas de Fernando Alonso,2026-01-01,0,0
16063,Casas de Guijarro,2026-01-01,1,9.433962264150942
16064,Casas de Haro,2026-01-01,4,4.9079754601226995
10057,Casas de Miravete,2026-01-01,0,0
02023,Casas de Ves,2026-01-01,3,5.660377358490566
16065,Casas de los Pinos,2026-01-01,1,2.6525198938992043
10054,Casas del Castañar,2026-01-01,1,1.7271157167530224
37090,"Casas del Conde, Las",2026-01-01,1,15.873015873015872
10055,Casas del Monte,2026-01-01,0,0
49039,Casaseca de las Chanas,2026-01-01,1,2.680965147453083
16066,Casasimarro,2026-01-01,9,2.816020025031289
10058,Casatejada,2026-01-01,6,4.316546762589928
05054,Casavieja,2026-01-01,1,0.7293946024799417
31068,Cascante,2026-01-01,5,1.1845534233593935
05055,Casillas,2026-01-01,3,4.464285714285714
10059,Casillas de Coria,2026-01-01,2,5.649717514124294
37091,Casillas de Flores,2026-01-01,0,0
46089,Casinos,2026-01-01,5,1.590836780146357
50074,Caspe,2026-01-01,10,0.9610764055742432
08049,Casserres,2026-01-01,1,0.6006006006006006
03053,Castalla,2026-01-01,23,1.9327731092436975
10060,Castañar de Ibor,2026-01-01,0,0
26043,Castañares de Rioja,2026-01-01,1,2.2727272727272725
39019,Castañeda,2026-01-01,2,0.6082725060827251
22085,Castelflorite,2026-01-01,0,0
03054,Castell de Castells,2026-01-01,0,0
03075,"Castell de Guadalest, el",2026-01-01,1,3.571428571428571
08057,Castell de l'Areny,2026-01-01,0,0
17048,Castell-Platja d'Aro,2026-01-01,10,0.7758553805570642
09079,Castellanos de Castro,2026-01-01,1,20.833333333333332
37092,Castellanos de Moriscos,2026-01-01,7,2.2236340533672174
23025,Castellar,2026-01-01,4,1.2714558169103625
13033,Castellar de Santiago,2026-01-01,3,1.7533606078316775
11013,Castellar de la Frontera,2026-01-01,10,3.3377837116154874
19076,Castellar de la Muela,2026-01-01,0,0
25064,Castellar de la Ribera,2026-01-01,0,0
08052,Castellar de n'Hug,2026-01-01,1,6.024096385542169
08050,Castellar del Riu,2026-01-01,1,6.622516556291391
08053,Castellbell i el Vilar,2026-01-01,9,2.1619024741772757
08054,Castellbisbal,2026-01-01,30,2.297442181038444
08055,Castellcir,2026-01-01,1,1.2468827930174564
25067,Castelldans,2026-01-01,1,1.0471204188481678
08056,Castelldefels,2026-01-01,145,2.0806727030090832
08058,Castellet i la Gornal,2026-01-01,4,1.44248106743599
17046,Castellfollit de la Roca,2026-01-01,5,5.208333333333333
08059,Castellfollit del Boix,2026-01-01,4,8.528784648187633
08062,Castellnou de Bages,2026-01-01,7,4.7586675730795385
25068,Castellnou de Seana,2026-01-01,7,9.549795361527966
12039,Castellnovo,2026-01-01,0,0
44071,Castellote,2026-01-01,0,0
08064,Castellterçol,2026-01-01,5,1.8234865061998542
43042,Castellvell del Camp,2026-01-01,7,2.3325558147284235
46090,Castelló de Rugat,2026-01-01,3,1.2820512820512822
46092,Castielfabib,2026-01-01,41,145.3900709219858
22086,Castiello de Jaca,2026-01-01,1,3.571428571428571
22087,Castigaleu,2026-01-01,0,0
34048,Castil de Vela,2026-01-01,0,0
06035,Castilblanco,2026-01-01,0,0
19078,Castilforte,2026-01-01,1,17.857142857142858
50078,Castiliscar,2026-01-01,0,0
22088,Castillazuelo,2026-01-01,1,5.952380952380952
41029,Castilleja de la Cuesta,2026-01-01,18,1.0546051089758612
41030,Castilleja del Campo,2026-01-01,0,0
45043,Castillo de Bayuela,2026-01-01,1,1.1086474501108647
16072,Castillo de Garcimuñoz,2026-01-01,0,0
12041,Castillo de Villamalefa,2026-01-01,2,17.699115044247787
22089,Castillonroy,2026-01-01,5,14.749262536873156
42057,Castilruiz,2026-01-01,0,0
32021,Castrelo do Val,2026-01-01,2,2.1119324181626187
18046,Castril,2026-01-01,3,1.550387596899225
34050,Castrillo de Don Juan,2026-01-01,0,0
47038,Castrillo de Duero,2026-01-01,1,9.174311926605505
34051,Castrillo de Onielo,2026-01-01,0,0
09085,Castrillo de la Vega,2026-01-01,1,1.594896331738437
09086,Castrillo del Val,2026-01-01,2,2.333722287047841
47039,Castrillo-Tejeriego,2026-01-01,0,0
47041,Castrodeza,2026-01-01,1,6.7114093959731544
49041,Castrogonzalo,2026-01-01,1,2.3094688221709005
09091,Castrojeriz,2026-01-01,0,0
34053,Castromocho,2026-01-01,1,5.181347150259067
47043,Castromonte,2026-01-01,1,3.125
47045,Castronuño,2026-01-01,1,1.3422818791946307
33017,Castropol,2026-01-01,2,0.6248047485160887
47046,Castroponce,2026-01-01,0,0
27011,Castroverde,2026-01-01,0,0
49043,Castroverde de Campos,2026-01-01,0,0
47047,Castroverde de Cerrato,2026-01-01,1,5.208333333333333
06036,Castuera,2026-01-01,2,0.36677058499908305
46093,Catadau,2026-01-01,7,2.301874383426504
46094,Catarroja,2026-01-01,65,2.1233503201358945
43043,"Catllar, El",2026-01-01,18,3.341377390012994
03055,Catral,2026-01-01,26,2.6945797491968078
12042,Catí,2026-01-01,2,2.7027027027027026
02025,Caudete,2026-01-01,10,0.9541074324968991
46095,Caudete de las Fuentes,2026-01-01,0,0
12043,Caudiel,2026-01-01,1,1.358695652173913
09063,Cavia,2026-01-01,0,0
09093,Cayuela,2026-01-01,0,0
45045,Cazalegas,2026-01-01,22,9.905447996398019
23027,Cazalilla,2026-01-01,2,2.635046113306983
41032,Cazalla de la Sierra,2026-01-01,4,0.8626266982963123
23028,Cazorla,2026-01-01,5,0.7232749891508752
03052,Cañada,2026-01-01,5,4.1017227235438884
41901,Cañada Rosal,2026-01-01,4,1.1494252873563218
44062,Cañada Vellida,2026-01-01,0,0
16046,Cañada del Hoyo,2026-01-01,1,4.5662100456621
16048,Cañamares,2026-01-01,2,4.366812227074235
10044,Cañamero,2026-01-01,2,1.266624445851805
10045,Cañaveral,2026-01-01,0,0
16050,Cañaveras,2026-01-01,1,4.11522633744856
16051,Cañaveruelas,2026-01-01,0,0
16052,Cañete,2026-01-01,0,0
14014,Cañete de las Torres,2026-01-01,1,0.3619254433586681
29035,Cañete la Real,2026-01-01,3,1.9023462270133165
49034,Cañizal,2026-01-01,0,0
19066,Cañizar,2026-01-01,0,0
16053,Cañizares,2026-01-01,0,0
49035,Cañizo,2026-01-01,0,0
24051,Cea,2026-01-01,1,2.680965147453083
45046,Cebolla,2026-01-01,3,0.911854103343465
05057,Cebreros,2026-01-01,2,0.5993407252022775
15022,Cedeira,2026-01-01,10,1.5213753232922562
10062,Cedillo,2026-01-01,1,2.2123893805309733
40052,Cedillo de la Torre,2026-01-01,0,0
45047,Cedillo del Condado,2026-01-01,6,1.29926375054136
44074,Cedrillas,2026-01-01,3,4.573170731707317
15023,Cee,2026-01-01,7,0.9054456085887983
47048,Ceinos de Campos,2026-01-01,0,0
44075,Celadas,2026-01-01,1,2.985074626865672
32024,Celanova,2026-01-01,2,0.3511852502194908
44076,Cella,2026-01-01,8,2.969561989606533
17189,"Cellera de Ter, La",2026-01-01,5,2.459419576979833
18047,Cenes de la Vega,2026-01-01,32,3.8605380624924597
26046,Cenicero,2026-01-01,0,0
28037,Cenicientos,2026-01-01,6,2.794597112249651
02026,Cenizate,2026-01-01,1,0.8568980291345331
32025,Cenlle,2026-01-01,0,0
08067,Centelles,2026-01-01,13,1.6539440203562341
19082,Centenera,2026-01-01,1,6.289308176100629
37098,Cepeda,2026-01-01,0,0
15024,Cerceda,2026-01-01,10,1.9557989438685706
28038,Cercedilla,2026-01-01,11,1.4135183757388845
08268,Cercs,2026-01-01,2,1.6181229773462784
46096,Cerdà,2026-01-01,0,0
37099,Cereceda de la Sierra,2026-01-01,0,0
49046,Cerecinos de Campos,2026-01-01,1,4.310344827586206
49047,Cerecinos del Carrizal,2026-01-01,2,17.857142857142858
10063,Cerezo,2026-01-01,0,0
40053,Cerezo de Abajo,2026-01-01,0,0
40054,Cerezo de Arriba,2026-01-01,0,0
37101,Cerralbo,2026-01-01,0,0
45048,"Cerralbos, Los",2026-01-01,0,0
37102,"Cerro, El",2026-01-01,1,2.7472527472527473
34055,Cervatos de la Cueza,2026-01-01,0,0
25072,Cervera,2026-01-01,13,1.3499480789200415
34056,Cervera de Pisuerga,2026-01-01,2,0.8787346221441125
45049,Cervera de los Montes,2026-01-01,1,1.9569471624266144
16073,Cervera del Llano,2026-01-01,0,0
12044,Cervera del Maestre,2026-01-01,2,3.1695721077654517
27013,Cervo,2026-01-01,2,0.48426150121065376
37103,Cespedosa de Tormes,2026-01-01,1,2.100840336134454
50081,Cetina,2026-01-01,0,0
51001,Ceuta,2026-01-01,198,2.369356324865078
22094,Chalamera,2026-01-01,0,0
18059,Chauchina,2026-01-01,11,1.887763857902866
40065,Chañe,2026-01-01,2,2.6109660574412534
06042,Cheles,2026-01-01,0,0
46107,Chella,2026-01-01,3,1.215066828675577
46106,Chelva,2026-01-01,1,0.5711022272986864
46108,Chera,2026-01-01,0,0
04036,Chercos,2026-01-01,0,0
46109,Cheste,2026-01-01,28,3.077261237498626
23029,Chiclana de Segura,2026-01-01,3,3.452243958573072
11015,Chiclana de la Frontera,2026-01-01,191,2.098970295724035
19105,Chiloeches,2026-01-01,13,3.160709944079747
18061,Chimeneas,2026-01-01,5,3.9556962025316458
22096,Chimillas,2026-01-01,0,0
11016,Chipiona,2026-01-01,44,2.19145333200518
50092,Chiprana,2026-01-01,2,3.9603960396039604
04037,Chirivel,2026-01-01,5,3.058103975535168
46111,Chiva,2026-01-01,43,2.3728065334951993
50093,Chodes,2026-01-01,0,0
24065,Chozas de Abajo,2026-01-01,0,0
45056,Chozas de Canales,2026-01-01,1,0.19857029388403494
21030,Chucena,2026-01-01,4,1.716001716001716
45057,Chueca,2026-01-01,1,3.968253968253968
46112,Chulilla,2026-01-01,3,4.213483146067416
18062,Churriana de la Vega,2026-01-01,36,2.12879191059074
12056,Chóvar,2026-01-01,1,3.1446540880503147
42061,Cidones,2026-01-01,0,0
28040,Ciempozuelos,2026-01-01,33,1.2569513217033597
16074,"Cierva, La",2026-01-01,0,0
39021,Cieza,2026-01-01,54,102.46679316888046
30019,Cieza,2026-01-01,54,1.5231862800406182
19086,Cifuentes,2026-01-01,2,1.1574074074074074
47050,Cigales,2026-01-01,18,3.2991202346041058
47051,Ciguñuela,2026-01-01,1,2.7624309392265194
26049,Cihuri,2026-01-01,0,0
18048,Cijuela,2026-01-01,5,1.3027618551328817
10064,Cilleros,2026-01-01,1,0.6459948320413437
09103,Cilleruelo de Abajo,2026-01-01,0,0
24054,Cimanes de la Vega,2026-01-01,1,2.2522522522522523
24055,Cimanes del Tejar,2026-01-01,1,1.3888888888888888
12046,Cirat,2026-01-01,0,0
42064,Ciria,2026-01-01,1,14.705882352941176
19088,Ciruelas,2026-01-01,0,0
45050,Ciruelos,2026-01-01,0,0
09105,Ciruelos de Cervera,2026-01-01,1,11.11111111111111
26050,Cirueña,2026-01-01,0,0
34059,Cisneros,2026-01-01,1,2.347417840375587
17051,Cistella,2026-01-01,1,3.5087719298245617
24056,Cistierna,2026-01-01,2,0.7005253940455342
13034,Ciudad Real,2026-01-01,129,1.6954276026127983
37107,Ciudad Rodrigo,2026-01-01,7,0.5966078581777892
07015,Ciutadella de Menorca,2026-01-01,38,1.1614046884073475
25074,Ciutadilla,2026-01-01,1,5.376344086021506
25075,Clariana de Cardener,2026-01-01,2,12.5
26051,Clavijo,2026-01-01,1,3.4129692832764507
33018,Coaña,2026-01-01,3,0.9052504526252263
45051,Cobeja,2026-01-01,2,0.736105999263894
19090,Cobeta,2026-01-01,0,0
28041,Cobeña,2026-01-01,12,1.5676028739386023
45052,Cobisa,2026-01-01,9,1.9728189390618152
34060,Cobos de Cerrato,2026-01-01,1,7.751937984496124
49050,Cobreros,2026-01-01,0,0
40057,Coca,2026-01-01,5,2.923976608187134
03056,Cocentaina,2026-01-01,34,2.9601253700156716
50086,Codos,2026-01-01,1,4.149377593360996
06037,"Codosera, La",2026-01-01,3,1.5166835187057635
46097,Cofrentes,2026-01-01,1,0.8984725965858041
47054,Cogeces del Monte,2026-01-01,0,0
19091,Cogollor,2026-01-01,1,50
09108,Cogollos,2026-01-01,0,0
18049,Cogollos de Guadix,2026-01-01,1,1.6260162601626016
19092,Cogolludo,2026-01-01,0,0
25076,"Cogul, El",2026-01-01,2,12.345679012345679
17054,Colera,2026-01-01,1,2.044989775051125
05061,"Colilla, La",2026-01-01,0,0
39023,Colindres,2026-01-01,21,2.450122506125306
28046,Collado Mediano,2026-01-01,1138,146.857659052781
28047,Collado Villalba,2026-01-01,86,1.265524751309671
05062,Collado de Contreras,2026-01-01,1,6.7114093959731544
08070,Collsuspina,2026-01-01,1,2.5641025641025643
29043,Colmenar,2026-01-01,6,1.646090534979424
28045,Colmenar Viejo,2026-01-01,139,2.369829849626624
28043,Colmenar de Oreja,2026-01-01,16,1.733290001083306
28042,Colmenar del Arroyo,2026-01-01,70,34.09644422795908
28044,Colmenarejo,2026-01-01,19,1.94771911840082
18051,Colomera,2026-01-01,0,0
17055,Colomers,2026-01-01,0,0
33019,Colunga,2026-01-01,2,0.6313131313131314
29044,Comares,2026-01-01,2,1.486988847583643
39024,Comillas,2026-01-01,4,1.931434089811685
19095,Condemios de Abajo,2026-01-01,0,0
03057,Confrides,2026-01-01,1,3.4129692832764507
34062,Congosto de Valdavia,2026-01-01,0,0
19097,Congostrina,2026-01-01,0,0
11014,Conil de la Frontera,2026-01-01,62,2.569096258235611
14020,Conquista,2026-01-01,0,0
10066,Conquista de la Sierra,2026-01-01,0,0
07016,Consell,2026-01-01,11,2.4357838795394153
41033,Constantina,2026-01-01,4,0.6968641114982579
45053,Consuegra,2026-01-01,9,0.917805425249847
49052,Coomonte,2026-01-01,0,0
08071,Copons,2026-01-01,0,0
46098,Corbera,2026-01-01,9,2.7380590203833286
43048,Corbera d'Ebre,2026-01-01,1,0.9765625
08072,Corbera de Llobregat,2026-01-01,43,2.680129643480429
25078,Corbins,2026-01-01,8,5.369127516778523
37110,Cordovilla,2026-01-01,20,190.47619047619045
19099,Corduente,2026-01-01,0,0
31077,Corella,2026-01-01,12,1.3739409205404167
26053,Corera,2026-01-01,0,0
49053,Coreses,2026-01-01,4,3.780718336483932
10067,Coria,2026-01-01,16,1.332889036987671
41035,Coripe,2026-01-01,0,0
15029,Coristanco,2026-01-01,3,0.5255781359495445
26054,Cornago,2026-01-01,2,6.666666666666667
43049,Cornudella de Montsant,2026-01-01,3,2.9585798816568047
06039,"Coronada, La",2026-01-01,3,1.4044943820224718
41036,"Coronil, El",2026-01-01,3,0.6448839208942391
28048,Corpa,2026-01-01,1,1.1976047904191616
45054,Corral de Almaguer,2026-01-01,8,1.4981273408239701
13035,Corral de Calatrava,2026-01-01,0,0
39025,"Corrales de Buelna, Los",2026-01-01,21,1.917808219178082
49054,Corrales del Vino,2026-01-01,1,1.0706638115631693
41037,"Corrales, Los",2026-01-01,5,1.2465719272001994
06040,Corte de Peleas,2026-01-01,1,0.851063829787234
21025,Cortegana,2026-01-01,6,1.2998266897746968
31078,Cortes,2026-01-01,2,0.6321112515802781
18053,Cortes de Baza,2026-01-01,0,0
46099,Cortes de Pallás,2026-01-01,0,0
29046,Cortes de la Frontera,2026-01-01,8,2.619515389652914
18054,Cortes y Graena,2026-01-01,0,0
09112,Coruña del Conde,2026-01-01,0,0
28049,Coslada,2026-01-01,224,2.7872830212157034
07017,Costitx,2026-01-01,1,0.6184291898577613
12049,Costur,2026-01-01,1,1.9607843137254901
50088,Cosuenda,2026-01-01,0,0
49055,Cotanes del Monte,2026-01-01,0,0
42069,Covaleda,2026-01-01,2,1.2804097311139564
09113,Covarrubias,2026-01-01,1,1.9723865877712032
12050,"Coves de Vinromà, les",2026-01-01,0,0
03058,Cox,2026-01-01,25,3.2408607726212084
43050,Creixell,2026-01-01,7,1.649387370405278
05065,Crespos,2026-01-01,1,2.1321961620469083
44086,Cretas,2026-01-01,0,0
03059,Crevillent,2026-01-01,45,1.4572538860103628
06041,Cristina,2026-01-01,0,0
10068,Cuacos de Yuste,2026-01-01,1,1.2360939431396785
24061,Cuadros,2026-01-01,0,0
32028,Cualedro,2026-01-01,2,1.3071895424836601
50089,Cuarte de Huerva,2026-01-01,48,3.1209362808842656
28050,Cubas de la Sagra,2026-01-01,15,2.0784259387557156
08074,Cubelles,2026-01-01,37,2.0965548504079785
25079,Cubells,2026-01-01,0,0
34066,Cubillas de Cerrato,2026-01-01,0,0
47057,Cubillas de Santa Marta,2026-01-01,1,2.5380710659898473
40062,Cubillo,2026-01-01,0,0
24064,Cubillos del Sil,2026-01-01,5,2.858776443682104
09115,Cubo de Bureba,2026-01-01,1,9.803921568627452
33021,Cudillero,2026-01-01,2,0.4084967320261438
49059,Cuelgamures,2026-01-01,0,0
16078,Cuenca,2026-01-01,71,1.3206599579620915
47058,Cuenca de Campos,2026-01-01,0,0
45055,Cuerva,2026-01-01,0,0
44092,"Cuervo, El",2026-01-01,24,275.8620689655172
16079,Cueva del Hierro,2026-01-01,0,0
29047,Cuevas Bajas,2026-01-01,5,3.7230081906180197
44094,Cuevas Labradas,2026-01-01,0,0
29049,Cuevas de San Marcos,2026-01-01,4,1.0976948408342482
04035,Cuevas del Almanzora,2026-01-01,30,1.943634596695821
29048,Cuevas del Becerro,2026-01-01,3,1.854140914709518
18912,Cuevas del Campo,2026-01-01,2,1.0863661053775122
12051,Culla,2026-01-01,0,0
46105,Cullera,2026-01-01,39,1.5840136468868038
15031,Culleredo,2026-01-01,17,0.5443135245901639
10069,"Cumbre, La",2026-01-01,3,3.6719706242350063
21029,Cumbres Mayores,2026-01-01,1,0.585480093676815
21027,Cumbres de Enmedio,2026-01-01,0,0
43051,Cunit,2026-01-01,27,1.65603532875368
15032,Curtis,2026-01-01,7,1.653673517599811
10037,Cáceres,2026-01-01,184,1.904801341642684
11012,Cádiz,2026-01-01,176,1.5982129073853781
14021,Córdoba,2026-01-01,551,1.6997831311177538
28053,Daganzo de Arriba,2026-01-01,135,12.548800892359175
13039,Daimiel,2026-01-01,29,1.6346316442139677
46113,Daimús,2026-01-01,16,4.435819240365955
17060,Darnius,2026-01-01,3,5.347593582887701
50094,Daroca,2026-01-01,0,0
18063,Darro,2026-01-01,3,1.763668430335097
17061,Das,2026-01-01,0,0
03061,Daya Nueva,2026-01-01,5,2.656748140276302
03062,Daya Vieja,2026-01-01,0,0
20029,Deba,2026-01-01,5,0.9304056568663938
33022,Degaña,2026-01-01,2,2.607561929595828
18065,Dehesas Viejas,2026-01-01,1,1.574803149606299
18064,Dehesas de Guadix,2026-01-01,1,2.617801047120419
18066,Deifontes,2026-01-01,5,1.9230769230769231
07018,Deià,2026-01-01,5,6.6401062416998675
10070,Deleitosa,2026-01-01,2,2.9154518950437316
43901,Deltebre,2026-01-01,30,2.484677820109326
48901,Derio,2026-01-01,14,1.9214932747735383
42076,Deza,2026-01-01,0,0
31080,Dicastillo,2026-01-01,1,1.7825311942959001
18067,Diezma,2026-01-01,1,1.194743130227001
48026,Dima,2026-01-01,1,0.6548788474132285
15033,Dodro,2026-01-01,1,0.38402457757296465
03064,Dolores,2026-01-01,14,1.6796640671865628
46114,Domeño,2026-01-01,0,0
06044,Don Benito,2026-01-01,53,1.394406587913389
31081,Donamaria,2026-01-01,1,2.247191011235955
46115,Dos Aguas,2026-01-01,0,0
41038,Dos Hermanas,2026-01-01,251,1.7618609744284481
14023,Dos Torres,2026-01-01,2,0.8470986869970352
08075,Dosrius,2026-01-01,16,2.5368638021246235
37116,Doñinos de Ledesma,2026-01-01,0,0
37117,Doñinos de Salamanca,2026-01-01,5,2.1929824561403506
19107,Driebes,2026-01-01,2,6.006006006006006
34069,Dueñas,2026-01-01,3,1.152073732718894
48027,Durango,2026-01-01,37,1.22593684768563
42078,Duruelo de la Sierra,2026-01-01,0,0
03063,Dénia,2026-01-01,153,3.2164480322906157
48028,Ea,2026-01-01,1,1.2165450121654502
20030,Eibar,2026-01-01,53,1.9297990096125839
07026,Eivissa,2026-01-01,151,2.7641502526177053
50095,Ejea de los Caballeros,2026-01-01,14,0.8130553458388989
04902,"Ejido, El",2026-01-01,105,1.1587229769248597
48031,Elantxobe,2026-01-01,1,3.125
02030,Elche de la Sierra,2026-01-01,5,1.3865779256794233
01022,Elciego,2026-01-01,0,0
03066,Elda,2026-01-01,74,1.3320372970443173
20031,Elduain,2026-01-01,0,0
20033,Elgeta,2026-01-01,1,0.88261253309797
20032,Elgoibar,2026-01-01,24,2.0497053548552397
31087,Elgorriaga,2026-01-01,1,4.761904761904763
46116,"Eliana, l'",2026-01-01,47,2.3556535685645548
10072,Eljas,2026-01-01,2,2.4213075060532687
48032,Elorrio,2026-01-01,14,1.9162332329592116
46117,Emperador,2026-01-01,1,1.4124293785310735
37120,Encina de San Silvestre,2026-01-01,0,0
37119,"Encina, La",2026-01-01,0,0
14024,Encinas Reales,2026-01-01,2,0.9025270758122744
37121,Encinas de Abajo,2026-01-01,2,3.252032520325203
47060,Encinas de Esgueva,2026-01-01,1,4.672897196261682
21031,Encinasola,2026-01-01,0,0
24067,Encinedo,2026-01-01,1,1.5723270440251573
46118,Enguera,2026-01-01,8,1.6306563391765185
04041,Enix,2026-01-01,1,1.6025641025641024
39028,Entrambasaguas,2026-01-01,7,1.2300123001230012
26059,Entrena,2026-01-01,6,3.621001810500905
48902,Erandio,2026-01-01,101,4.085595242910886
31090,Eratsun,2026-01-01,0,0
50100,Erla,2026-01-01,1,2.688172043010753
48034,Ermua,2026-01-01,19,1.2210796915167095
20067,Errenteria,2026-01-01,23,0.5846318090541673
48079,Errigoiti,2026-01-01,0,0
31092,Erro,2026-01-01,1,1.2285012285012284
45060,Erustes,2026-01-01,0,0
21032,Escacena del Campo,2026-01-01,1,0.43010752688172044
17062,"Escala, L'",2026-01-01,24,2.2554271215111363
39029,Escalante,2026-01-01,5,6.983240223463687
45061,Escalona,2026-01-01,2,0.5017561465127948
40073,Escalona del Prado,2026-01-01,0,0
45062,Escalonilla,2026-01-01,3,1.9442644199611148
40074,Escarabajosa de Cabezas,2026-01-01,1,3.676470588235294
23031,Escañuela,2026-01-01,0,0
19112,Escopete,2026-01-01,1,12.5
07019,Escorca,2026-01-01,32,160.80402010050253
28054,"Escorial, El",2026-01-01,33,1.9050917907862832
44097,Escorihuela,2026-01-01,0,0
44099,Escucha,2026-01-01,1,1.2547051442910915
10073,Escurial,2026-01-01,0,0
37125,Escurial de la Sierra,2026-01-01,0,0
32031,Esgos,2026-01-01,0,0
20034,Eskoriatza,2026-01-01,5,1.1839924224484963
31094,Eslava,2026-01-01,1,10.309278350515465
12057,Eslida,2026-01-01,2,2.4479804161566707
06046,Esparragalejo,2026-01-01,1,0.6640106241699867
06048,Esparragosa de Lares,2026-01-01,1,1.1918951132300357
06047,Esparragosa de la Serena,2026-01-01,1,1.0964912280701753
08076,Esparreguera,2026-01-01,63,2.782808427934096
41040,Espartinas,2026-01-01,44,2.6547604682032095
37127,Espeja,2026-01-01,0,0
42080,Espeja de San Marcelino,2026-01-01,0,0
14025,Espejo,2026-01-01,7,2.2026431718061676
23032,Espeluy,2026-01-01,1,1.6722408026755853
11017,Espera,2026-01-01,5,1.332267519317879
14026,Espiel,2026-01-01,3,1.2914334911752046
40076,"Espinar, El",2026-01-01,5,0.4803073967339097
17063,Espinelves,2026-01-01,0,0
34070,Espinosa de Cerrato,2026-01-01,0,0
19113,Espinosa de Henares,2026-01-01,1,1.4064697609001406
34071,Espinosa de Villagonzalo,2026-01-01,0,0
09124,Espinosa de los Monteros,2026-01-01,4,2.4615384615384617
45063,Espinoso del Rey,2026-01-01,1,2.3640661938534278
40077,Espirdo,2026-01-01,1,0.6165228113440198
08077,Esplugues de Llobregat,2026-01-01,76,1.5694696844539897
17064,Espolla,2026-01-01,1,2.506265664160401
07020,Esporles,2026-01-01,14,2.6310843826348433
25082,Espot,2026-01-01,1,2.6525198938992043
31096,Espronceda,2026-01-01,0,0
08078,"Espunyola, L'",2026-01-01,1,3.8461538461538463
08254,"Esquirol, L'",2026-01-01,4,1.7368649587494573
45064,Esquivias,2026-01-01,6,1.026694045174538
22102,Estada,2026-01-01,1,4.651162790697675
22103,Estadilla,2026-01-01,1,1.2345679012345678
08079,"Estany, L'",2026-01-01,1,2.557544757033248
07021,Estellencs,2026-01-01,0,0
41041,Estepa,2026-01-01,26,2.0905363029669535
29051,Estepona,2026-01-01,173,2.1735579762039374
44100,Estercuel,2026-01-01,0,0
46120,Estivella,2026-01-01,1,0.5824111822947001
26060,Estollo,2026-01-01,0,0
28055,Estremera,2026-01-01,3,2.04778156996587
31099,Etayo,2026-01-01,0,0
31082,Etxalar,2026-01-01,1,1.2453300124533002
31085,Etxauri,2026-01-01,2,2.967359050445104
48029,Etxebarri,2026-01-01,18,1.4956377233070213
48030,Etxebarria,2026-01-01,0,0
26061,Ezcaray,2026-01-01,0,0
20035,Ezkio-Itsaso,2026-01-01,1,1.644736842105263
50102,Fabara,2026-01-01,3,2.824858757062147
24070,Fabero,2026-01-01,2,0.5025125628140704
31104,Falces,2026-01-01,5,2.0981955518254303
43055,Falset,2026-01-01,6,2.074688796680498
22107,Fanlo,2026-01-01,0,0
12059,Fanzara,2026-01-01,0,0
49064,Fariza,2026-01-01,0,0
50104,Farlete,2026-01-01,1,2.6737967914438503
25089,Farrera,2026-01-01,1,8.333333333333334
38012,Fasnia,2026-01-01,2,0.6343165239454488
43056,"Fatarella, La",2026-01-01,2,2.378121284185493
46122,Faura,2026-01-01,7,1.8592297476759627
46123,Favara,2026-01-01,5,1.8076644974692697
50106,"Fayos, Los",2026-01-01,1,7.462686567164179
07022,Felanitx,2026-01-01,27,1.405152224824356
04043,Felix,2026-01-01,1,1.2953367875647668
15035,Fene,2026-01-01,16,1.2839030653185683
06049,Feria,2026-01-01,2,1.8975332068311195
49065,Fermoselle,2026-01-01,2,1.7699115044247788
18074,Ferreira,2026-01-01,0,0
07023,Ferreries,2026-01-01,1,0.19252984212552945
15036,Ferrol,2026-01-01,74,1.1401630124955704
43058,"Figuera, La",2026-01-01,1,8.620689655172413
17066,Figueres,2026-01-01,110,2.219711033981758
43059,Figuerola del Camp,2026-01-01,8,23.323615160349853
12060,Figueroles,2026-01-01,0,0
50107,Figueruelas,2026-01-01,3,2.290076335877863
04044,Fines,2026-01-01,2,0.8368200836820083
03069,Finestrat,2026-01-01,293,29.35871743486974
22109,Fiscal,2026-01-01,1,2.73972602739726
15037,Fisterra,2026-01-01,3,0.6396588486140725
31105,Fitero,2026-01-01,2,0.8453085376162299
04045,Fiñana,2026-01-01,0,0
43060,Flix,2026-01-01,5,1.4961101137043686
08082,Fogars de la Selva,2026-01-01,5,2.932551319648094
46126,Foios,2026-01-01,16,2.003255289846
24071,Folgoso de la Ribera,2026-01-01,1,1.02880658436214
08083,Folgueroles,2026-01-01,6,2.6525198938992043
47062,Fombellida,2026-01-01,1,5.88235294117647
47063,Fompedraza,2026-01-01,0,0
26062,Foncea,2026-01-01,2,23.25581395348837
25093,Fondarella,2026-01-01,0,0
18076,Fonelas,2026-01-01,1,1.0384215991692627
08084,Fonollosa,2026-01-01,7,4.4557606619987276
46127,"Font d'En Carròs, la",2026-01-01,12,2.9607698001480385
46128,"Font de la Figuera, la",2026-01-01,1,0.49285362247412523
19117,Fontanar,2026-01-01,1,0.3777861730260672
13041,Fontanarejo,2026-01-01,0,0
46124,Fontanars dels Alforins,2026-01-01,1,1.0695187165775402
17070,Fontanilles,2026-01-01,1,5.88235294117647
17071,Fontcoberta,2026-01-01,4,2.6990553306342777
31106,Fontellas,2026-01-01,1,0.9551098376313276
09127,Fontioso,2026-01-01,0,0
05074,Fontiveros,2026-01-01,1,1.3947001394700138
22110,Fonz,2026-01-01,2,2.257336343115124
26063,Fonzaleche,2026-01-01,0,0
25094,Foradada,2026-01-01,1,5.154639175257732
12061,Forcall,2026-01-01,0,0
37130,Forfoleda,2026-01-01,1,4.830917874396135
03070,Formentera del Segura,2026-01-01,13,2.672147995889003
44103,Formiche Alto,2026-01-01,1,6.329113924050633
07025,Fornalutx,2026-01-01,0,0
17073,Fornells de la Selva,2026-01-01,29,10.309278350515465
18077,Fornes,2026-01-01,3,5.671077504725898
46125,Fortaleny,2026-01-01,2,1.943634596695821
30020,Fortuna,2026-01-01,26,2.2485514139929084
48906,Forua,2026-01-01,1,1.0775862068965516
15038,Frades,2026-01-01,4,1.863932898415657
37131,Frades de la Sierra,2026-01-01,0,0
22112,Fraga,2026-01-01,39,2.5324675324675323
23033,Frailes,2026-01-01,5,3.201024327784891
33023,"Franco, El",2026-01-01,2,0.5347593582887701
50110,"Frasno, El",2026-01-01,0,0
06050,Fregenal de la Sierra,2026-01-01,6,1.2733446519524618
43062,Freginals,2026-01-01,0,0
18078,Freila,2026-01-01,0,0
16084,Fresneda de la Sierra,2026-01-01,0,0
44108,"Fresneda, La",2026-01-01,2,4.3478260869565215
28056,Fresnedillas de la Oliva,2026-01-01,3,1.5831134564643798
10075,Fresnedoso de Ibor,2026-01-01,0,0
09131,Fresnillo de las Dueñas,2026-01-01,2,2.849002849002849
40079,Fresno de Cantespino,2026-01-01,0,0
09133,Fresno de Rodilla,2026-01-01,0,0
28057,Fresno de Torote,2026-01-01,7,2.7365129007036746
40080,Fresno de la Fuente,2026-01-01,0,0
49075,Fresno de la Polvorosa,2026-01-01,0,0
24073,Fresno de la Vega,2026-01-01,1,2.053388090349076
47065,Fresno el Viejo,2026-01-01,0,0
05076,"Fresno, El",2026-01-01,0,0
49078,Friera de Valverde,2026-01-01,0,0
29053,Frigiliana,2026-01-01,8,2.3128071697022263
38013,Frontera,2026-01-01,5,1.0757314974182444
48035,Fruiz,2026-01-01,1,1.6920473773265652
40081,Frumales,2026-01-01,0,0
13042,Fuencaliente,2026-01-01,2,1.9880715705765406
50114,Fuendetodos,2026-01-01,0,0
29054,Fuengirola,2026-01-01,164,1.9326631863016603
28058,Fuenlabrada,2026-01-01,242,1.2749323021484191
13043,Fuenllana,2026-01-01,0,0
26064,Fuenmayor,2026-01-01,7,2.140672782874618
47066,Fuensaldaña,2026-01-01,35,16.32462686567164
45066,Fuensalida,2026-01-01,16,1.2636234402148159
02032,Fuensanta,2026-01-01,0,0
23034,Fuensanta de Martos,2026-01-01,3,0.9845749917952085
14901,Fuente Carreteros,2026-01-01,1,0.9319664492078285
49079,Fuente Encalada,2026-01-01,1,10.752688172043012
14029,Fuente Obejuna,2026-01-01,4,0.9261403102570039
14030,Fuente Palmera,2026-01-01,15,1.5102698348771646
18079,Fuente Vaqueros,2026-01-01,13,2.740303541315346
06052,Fuente de Cantos,2026-01-01,1,0.2181500872600349
16086,Fuente de Pedro Naharro,2026-01-01,4,3.0721966205837172
40082,Fuente de Santa Cruz,2026-01-01,0,0
06053,Fuente del Arco,2026-01-01,0,0
06054,Fuente del Maestre,2026-01-01,11,1.678620479169846
13044,Fuente el Fresno,2026-01-01,3,0.9970089730807576
28059,Fuente el Saz de Jarama,2026-01-01,19,2.5585779692970645
14028,Fuente la Lancha,2026-01-01,0,0
02034,Fuentealbilla,2026-01-01,5,2.780867630700779
09135,Fuentebureba,2026-01-01,0,0
37136,Fuenteguinaldo,2026-01-01,0,0
21033,Fuenteheridos,2026-01-01,1,1.2224938875305624
49080,Fuentelapeña,2026-01-01,1,1.7035775127768313
16087,Fuentelespino de Haro,2026-01-01,1,4.366812227074235
16088,Fuentelespino de Moya,2026-01-01,0,0
37137,Fuenteliante,2026-01-01,3,34.883720930232556
09139,Fuentemolinos,2026-01-01,0,0
09140,Fuentenebro,2026-01-01,0,0
19124,Fuentenovilla,2026-01-01,1,1.550387596899225
40086,Fuentepelayo,2026-01-01,2,2.6212319790301444
40088,Fuenterrebollo,2026-01-01,1,3.225806451612903
46129,Fuenterrobles,2026-01-01,2,2.949852507374631
16089,Fuentes,2026-01-01,1,2.150537634408602
50115,Fuentes de Ebro,2026-01-01,8,1.7115960633290543
50116,Fuentes de Jiloca,2026-01-01,1,4.926108374384237
34076,Fuentes de Nava,2026-01-01,1,1.7182130584192439
37140,Fuentes de Oñoro,2026-01-01,3,3.015075376884422
49082,Fuentes de Ropel,2026-01-01,3,8.108108108108109
34077,Fuentes de Valdepero,2026-01-01,2,4.048582995951417
44114,Fuentespalda,2026-01-01,2,6.5359477124183005
09141,Fuentespina,2026-01-01,0,0
40092,Fuentidueña,2026-01-01,0,0
28060,Fuentidueña de Tajo,2026-01-01,6,2.5337837837837838
23035,Fuerte del Rey,2026-01-01,5,3.687315634218289
25096,"Fuliola, La",2026-01-01,1,0.7830853563038371
31107,Funes,2026-01-01,9,3.480278422273782
31108,Fustiñana,2026-01-01,8,3.296250515039143
18905,"Gabias, Las",2026-01-01,25,1.0520557168707656
20038,Gabiria,2026-01-01,0,0
03072,Gaianes,2026-01-01,0,0
12065,Gaibiel,2026-01-01,1,5
20037,Gaintza,2026-01-01,0,0
19125,Gajanejos,2026-01-01,1,18.867924528301884
37141,Gajates,2026-01-01,0,0
28061,Galapagar,2026-01-01,47,1.2770004075533214
31109,Galar,2026-01-01,10,4.125412541254125
21034,Galaroza,2026-01-01,1,0.7293946024799417
48036,Galdakao,2026-01-01,62,2.503331045342593
48037,Galdames,2026-01-01,1,1.2048192771084338
49085,Galende,2026-01-01,0,0
18082,Galera,2026-01-01,0,0
43063,"Galera, La",2026-01-01,0,0
26066,Galilea,2026-01-01,1,2.403846153846154
37142,Galindo y Perahuy,2026-01-01,0,0
37143,Galinduste,2026-01-01,2,4.987531172069826
10076,Galisteo,2026-01-01,1,1.1668611435239205
04048,"Gallardos, Los",2026-01-01,11,3.538115149565777
09144,"Gallega, La",2026-01-01,2,58.8235294117647
05079,Gallegos de Altamiros,2026-01-01,0,0
47069,Gallegos de Hornija,2026-01-01,0,0
49086,Gallegos del Pan,2026-01-01,0,0
08087,Gallifa,2026-01-01,1,5.847953216374268
50117,Gallocanta,2026-01-01,1,7.8125
50118,Gallur,2026-01-01,1,0.3776435045317221
44115,Galve,2026-01-01,1,6.756756756756757
48038,Gamiz-Fika,2026-01-01,3,2.1201413427561837
49088,Gamones,2026-01-01,0,0
43064,Gandesa,2026-01-01,4,1.2694382735639478
46131,Gandia,2026-01-01,175,2.110747928451676
16093,Garaballa,2026-01-01,0,0
38015,Garachico,2026-01-01,9,1.8214936247723132
06056,Garbayuela,2026-01-01,0,0
43065,Garcia,2026-01-01,0,0
10077,Garciaz,2026-01-01,1,1.5037593984962407
37147,Garcibuey,2026-01-01,0,0
37149,Garcirrey,2026-01-01,0,0
31113,Garde,2026-01-01,0,0
28062,Garganta de los Montes,2026-01-01,0,0
10079,Garganta la Olla,2026-01-01,0,0
10078,"Garganta, La",2026-01-01,1,2.8169014084507045
43066,"Garidells, Els",2026-01-01,1,4.739336492890995
31115,Garralda,2026-01-01,0,0
42094,Garray,2026-01-01,1,1.2610340479192939
08088,"Garriga, La",2026-01-01,31,1.783043828367652
17077,Garriguella,2026-01-01,4,4.044489383215369
41043,"Garrobo, El",2026-01-01,2,2.493765586034913
06058,"Garrovilla, La",2026-01-01,3,1.2981393336218088
04049,Garrucha,2026-01-01,9,0.8315624133789153
28064,Gascones,2026-01-01,0,0
11018,"Gastor, El",2026-01-01,5,2.9638411381149967
10084,Gata,2026-01-01,0,0
03071,Gata de Gorgos,2026-01-01,51,7.495590828924162
48040,Gatika,2026-01-01,5,3.0599755201958385
48041,Gautegiz Arteaga,2026-01-01,2,2.2988505747126435
46130,Gavarda,2026-01-01,2,1.949317738791423
05082,Gavilanes,2026-01-01,1,1.9083969465648853
20907,Gaztelu,2026-01-01,1,5.813953488372093
37150,Gejuelo del Barro,2026-01-01,1,33.333333333333336
12067,Geldo,2026-01-01,3,4.504504504504505
08091,Gelida,2026-01-01,23,2.8076171875
50119,Gelsa,2026-01-01,4,4.008016032064128
41044,Gelves,2026-01-01,24,2.273157795036939
05083,Gemuño,2026-01-01,0,0
29057,Genalguacil,2026-01-01,1,2.7548209366391188
17078,Ger,2026-01-01,0,0
41045,Gerena,2026-01-01,11,1.3805220883534137
47071,Geria,2026-01-01,3,6.109979633401222
45069,Gerindote,2026-01-01,3,1.052262364082778
48046,Gernika-Lumo,2026-01-01,25,1.463614542474094
46133,Gestalgar,2026-01-01,2,3.395585738539898
28065,Getafe,2026-01-01,300,1.5335228085959065
20039,Getaria,2026-01-01,4,1.3764624913971093
48044,Getxo,2026-01-01,110,1.4479971566601288
33024,Gijón,2026-01-01,316,1.164938306194449
41046,Gilena,2026-01-01,6,1.6415868673050615
46134,Gilet,2026-01-01,9,2.246069378587472
41047,Gines,2026-01-01,15,1.0980966325036603
43067,Ginestar,2026-01-01,0,0
02035,"Gineta, La",2026-01-01,3,1.1312217194570138
17079,Girona,2026-01-01,285,2.6303160070880094
08092,Gironella,2026-01-01,6,1.1806375442739079
08093,Gisclareny,2026-01-01,0,0
48047,Gizaburuaga,2026-01-01,0,0
18083,Gobernador,2026-01-01,1,4.329004329004329
43068,Godall,2026-01-01,1,1.6666666666666667
46135,Godella,2026-01-01,28,2.0655060489820007
46136,Godelleta,2026-01-01,13,3.0162412993039442
31117,Goizueta,2026-01-01,1,1.466275659824047
42095,Golmayo,2026-01-01,2,0.6455777921239509
37151,Golpejas,2026-01-01,2,14.285714285714285
37152,Gomecello,2026-01-01,0,0
18085,Gor,2026-01-01,1,1.287001287001287
18086,Gorafe,2026-01-01,1,2.73224043715847
24077,Gordaliza del Pino,2026-01-01,0,0
48042,Gordexola,2026-01-01,1,0.5787037037037037
10085,"Gordo, El",2026-01-01,0,0
24078,Gordoncillo,2026-01-01,0,0
03073,Gorga,2026-01-01,1,3.472222222222222
48043,Gorliz,2026-01-01,5,0.8282259400364419
24079,Gradefes,2026-01-01,0,0
33026,Grado,2026-01-01,11,1.1391880695940346
22115,"Grado, El",2026-01-01,1,2.617801047120419
16095,Graja de Campalbo,2026-01-01,1,11.76470588235294
16096,Graja de Iniesta,2026-01-01,2,5.830903790087463
40097,Grajera,2026-01-01,0,0
18087,Granada,2026-01-01,489,2.0782510391255196
08094,"Granada, La",2026-01-01,3,1.31521262604121
25101,"Granadella, La",2026-01-01,3,3.9946737683089215
33027,Grandas de Salime,2026-01-01,1,1.303780964797914
08095,Granera,2026-01-01,2,24.096385542168676
25102,"Granja d'Escarp, La",2026-01-01,1,1.006036217303823
49091,Granja de Moreruela,2026-01-01,0,0
03074,Granja de Rocamora,2026-01-01,15,5.520794994479204
06059,Granja de Torrehermosa,2026-01-01,3,1.5682174594877156
46137,"Granja de la Costera, la",2026-01-01,1,3.278688524590164
14032,"Granjuela, La",2026-01-01,1,2.4154589371980677
08096,Granollers,2026-01-01,144,2.211200343964498
25103,Granyanella,2026-01-01,1,6.493506493506494
43069,Gratallops,2026-01-01,0,0
22117,Graus,2026-01-01,5,1.470155836518671
11019,Grazalema,2026-01-01,1,0.5032712632108707
09148,Grijalba,2026-01-01,0,0
34079,Grijota,2026-01-01,9,3.171247357293869
50122,Grisel,2026-01-01,0,0
18088,Guadahortuna,2026-01-01,9,4.896626768226333
19130,Guadalajara,2026-01-01,187,2.015129636414578
44120,Guadalaviar,2026-01-01,0,0
41048,Guadalcanal,2026-01-01,2,0.7849293563579278
28067,Guadalix de la Sierra,2026-01-01,20,2.8530670470756063
10087,Guadalupe,2026-01-01,18,10.465116279069766
45070,Guadamur,2026-01-01,3,1.6666666666666667
28068,Guadarrama,2026-01-01,32,1.823881447705899
46139,Guadassuar,2026-01-01,17,2.824858757062147
46138,Guadasséquies,2026-01-01,1,2.092050209205021
18089,Guadix,2026-01-01,27,1.4303120199184194
08097,Gualba,2026-01-01,1,0.5704506560182544
18093,Gualchos,2026-01-01,5,0.9580379383023567
17081,Gualta,2026-01-01,0,0
38018,"Guancha, La",2026-01-01,6,1.0574550581600282
46140,Guardamar de la Safor,2026-01-01,2,3.215434083601286
03076,Guardamar del Segura,2026-01-01,52,2.804595221401219
45071,"Guardia, La",2026-01-01,6,2.722323049001815
34080,Guardo,2026-01-01,9,1.6363636363636362
06060,Guareña,2026-01-01,7,1.05089325927038
49093,Guarrate,2026-01-01,0,0
32034,"Gudiña, A",2026-01-01,1,0.835421888053467
43070,"Guiamets, Els",2026-01-01,0,0
14902,"Guijarrosa, La",2026-01-01,2,1.4545454545454544
10088,Guijo de Coria,2026-01-01,1,5.347593582887701
10089,Guijo de Galisteo,2026-01-01,1,0.6825938566552902
10090,Guijo de Granadilla,2026-01-01,1,2.008032128514056
14034,"Guijo, El",2026-01-01,0,0
37156,Guijuelo,2026-01-01,6,1.094291446288528
41049,Guillena,2026-01-01,11,0.771875657848572
17082,Guils de Cerdanya,2026-01-01,0,0
05089,Guisando,2026-01-01,1,2.1598272138228944
25110,Guissona,2026-01-01,12,1.5554115359688916
25111,Guixers,2026-01-01,0,0
08100,Gurb,2026-01-01,7,2.556610664718773
48045,Güeñes,2026-01-01,5,0.7336757153338225
06061,"Haba, La",2026-01-01,1,0.8445945945945946
26071,Haro,2026-01-01,20,1.6456841932033244
39031,Hazas de Cesto,2026-01-01,1,0.5117707267144319
13047,Herencia,2026-01-01,12,1.386001386001386
45072,"Herencias, Las",2026-01-01,0,0
10092,Herguijuela,2026-01-01,0,0
38021,Hermigua,2026-01-01,2,1.0141987829614605
49094,Hermisende,2026-01-01,1,4.761904761904763
20040,Hernani,2026-01-01,28,1.3740308175483364
05092,Hernansancho,2026-01-01,0,0
20041,Hernialde,2026-01-01,0,0
41050,Herrera,2026-01-01,10,1.5188335358444716
34083,Herrera de Pisuerga,2026-01-01,4,2.135611318739989
34084,Herrera de Valdecañas,2026-01-01,0,0
50124,Herrera de los Navarros,2026-01-01,1,2.0202020202020203
06063,Herrera del Duque,2026-01-01,0,0
02038,"Herrera, La",2026-01-01,1,3.1645569620253164
05094,Herreros de Suso,2026-01-01,0,0
10095,Herreruela,2026-01-01,1,3.048780487804878
16098,"Herrumblar, El",2026-01-01,1,1.2315270935960592
23041,Higuera de Calatrava,2026-01-01,0,0
06066,Higuera de Vargas,2026-01-01,4,2.1845985800109227
06064,Higuera de la Serena,2026-01-01,2,2.2701475595913734
21038,Higuera de la Sierra,2026-01-01,4,3.108003108003108
05095,Higuera de las Dueñas,2026-01-01,0,0
06067,Higuera la Real,2026-01-01,3,1.36986301369863
02039,Higueruela,2026-01-01,6,5.253940455341506
46141,Higueruelas,2026-01-01,5,8.802816901408452
05096,"Hija de Dios, La",2026-01-01,1,12.658227848101266
49095,"Hiniesta, La",2026-01-01,0,0
10098,Hinojal,2026-01-01,1,2.557544757033248
21039,Hinojales,2026-01-01,0,0
23042,Hinojares,2026-01-01,1,2.923976608187134
21040,Hinojos,2026-01-01,1,0.2420721374969741
45074,Hinojosa de San Vicente,2026-01-01,2,5.405405405405405
14035,Hinojosa del Duque,2026-01-01,11,1.6837593754783406
06068,Hinojosa del Valle,2026-01-01,0,0
16099,"Hinojosa, La",2026-01-01,0,0
16100,"Hinojosos, Los",2026-01-01,1,1.4306151645207439
28069,"Hiruela, La",2026-01-01,513,5829.545454545454
19138,Hita,2026-01-01,0,0
16101,"Hito, El",2026-01-01,0,0
10099,Holguera,2026-01-01,1,1.7035775127768313
20036,Hondarribia,2026-01-01,20,1.1927480916030535
16102,Honrubia,2026-01-01,2,1.314924391847469
45075,Hontanar,2026-01-01,0,0
40101,Hontanares de Eresma,2026-01-01,4,2.3837902264600714
09160,Hontangas,2026-01-01,2,21.73913043478261
19142,Hontoba,2026-01-01,1,2.109704641350211
09164,Hontoria de Valdearados,2026-01-01,0,0
09162,Hontoria de la Cantera,2026-01-01,0,0
09163,Hontoria del Pinar,2026-01-01,1,1.6313213703099512
05097,"Horcajada, La",2026-01-01,1,2.293577981651376
37162,Horcajo Medianero,2026-01-01,1,5.050505050505051
16106,Horcajo de Santiago,2026-01-01,6,1.5120967741935483
05099,Horcajo de las Torres,2026-01-01,2,4.705882352941176
13049,Horcajo de los Montes,2026-01-01,3,3.75
28071,Horcajuelo de la Sierra,2026-01-01,1,9.433962264150942
19143,Horche,2026-01-01,0,0
09166,"Hormazas, Las",2026-01-01,1,10.752688172043012
45076,Hormigos,2026-01-01,0,0
26075,Hormilla,2026-01-01,1,2.2727272727272725
26076,Hormilleja,2026-01-01,1,6.756756756756757
06069,Hornachos,2026-01-01,3,0.8870490833826139
14036,Hornachuelos,2026-01-01,3,0.6858710562414265
34087,Hornillos de Cerrato,2026-01-01,0,0
09168,"Horra, La",2026-01-01,2,6.779661016949152
43071,Horta de Sant Joan,2026-01-01,0,0
17083,Hostalric,2026-01-01,11,2.46415770609319
09170,Hoyales de Roa,2026-01-01,0,0
28072,Hoyo de Manzanares,2026-01-01,14,1.5016625549715756
05102,"Hoyo de Pinares, El",2026-01-01,3,1.3729977116704806
05101,Hoyocasero,2026-01-01,0,0
10100,Hoyos,2026-01-01,0,0
05105,Hoyos del Espino,2026-01-01,0,0
45077,Huecas,2026-01-01,1,1.1123470522803114
23044,Huelma,2026-01-01,5,0.9117432530999271
21041,Huelva,2026-01-01,265,1.843170531528649
37164,Huerta,2026-01-01,3,10.526315789473683
09173,Huerta de Arriba,2026-01-01,0,0
09174,Huerta de Rey,2026-01-01,1,1.124859392575928
23045,Huesa,2026-01-01,2,0.8302200083022001
22125,Huesca,2026-01-01,96,1.7444079007141169
16112,Huete,2026-01-01,1,0.5515719801434088
19150,Hueva,2026-01-01,0,0
09175,Humada,2026-01-01,0,0
28073,Humanes de Madrid,2026-01-01,53,2.5792009343520363
29059,Humilladero,2026-01-01,5,1.4771048744460857
34088,Husillos,2026-01-01,0,0
18101,Huétor Vega,2026-01-01,1,0.08145975887911372
18099,Huétor de Santillán,2026-01-01,1,0.5073566717402334
10102,Ibahernando,2026-01-01,0,0
20042,Ibarra,2026-01-01,7,1.7077335935594047
48048,Ibarrangelu,2026-01-01,0,0
50125,Ibdes,2026-01-01,0,0
09177,Ibeas de Juarros,2026-01-01,1,0.6648936170212766
03079,Ibi,2026-01-01,32,1.2975427783634743
23046,Ibros,2026-01-01,6,2.158273381294964
20043,Idiazabal,2026-01-01,4,1.8026137899954935
31259,Igantzi,2026-01-01,0,0
26080,Igea,2026-01-01,1,1.5552099533437014
09179,Iglesiarrubia,2026-01-01,0,0
09180,Iglesias,2026-01-01,0,0
44126,"Iglesuela del Cid, La",2026-01-01,0,0
45079,"Iglesuela, La",2026-01-01,0,0
48094,Igorre,2026-01-01,1,0.23073373327180433
08102,Igualada,2026-01-01,80,1.8846144785507315
29060,Igualeja,2026-01-01,1,1.3736263736263736
20044,Ikaztegieta,2026-01-01,0,0
22128,Ilche,2026-01-01,0,0
19152,Illana,2026-01-01,2,2.0768431983385254
45081,Illescas,2026-01-01,57,1.718575692706606
50126,Illueca,2026-01-01,1,0.36023054755043227
07027,Inca,2026-01-01,79,2.189821487969841
35011,Ingenio,2026-01-01,26,0.7915727942519637
16113,Iniesta,2026-01-01,13,2.866593164277839
31127,Irañeta,2026-01-01,0,0
15039,Irixoa,2026-01-01,1,0.7473841554559043
23047,"Iruela, La",2026-01-01,2,1.0976948408342482
37165,Iruelos,2026-01-01,1,33.333333333333336
20045,Irun,2026-01-01,116,1.8199789761049312
20046,Irura,2026-01-01,4,2.126528442317916
01027,Iruraiz-Gauna,2026-01-01,0,0
31904,Irurtzun,2026-01-01,9,3.9164490861618795
21042,Isla Cristina,2026-01-01,29,1.3415367534810565
41902,Isla Mayor,2026-01-01,6,1.0416666666666667
48049,Ispaster,2026-01-01,0,0
34089,Itero de la Vega,2026-01-01,1,6.802721088435374
20047,Itsasondo,2026-01-01,1,1.4534883720930232
40104,Ituero y Lama,2026-01-01,4,8.130081300813009
31130,Iturmendi,2026-01-01,0,0
48910,Iurreta,2026-01-01,32,8.21566110397946
25113,Ivars d'Urgell,2026-01-01,1,0.6257822277847309
25112,Ivars de Noguera,2026-01-01,2,6.289308176100629
25114,Ivorra,2026-01-01,0,0
18105,Iznalloz,2026-01-01,14,2.689204763734153
29062,Iznate,2026-01-01,4,4.206098843322818
23048,Iznatoraf,2026-01-01,0,0
48050,Izurtza,2026-01-01,1,4.484304932735426
23049,Jabalquinto,2026-01-01,3,1.5440041173443129
21043,Jabugo,2026-01-01,1,0.4574565416285453
22130,Jaca,2026-01-01,18,1.284613188695404
03080,Jacarilla,2026-01-01,5,2.293577981651376
19156,Jadraque,2026-01-01,1,0.6544502617801048
17085,Jafre,2026-01-01,2,5.208333333333333
46142,Jalance,2026-01-01,0,0
49096,Jambrina,2026-01-01,0,0
23051,Jamilena,2026-01-01,1,0.3014772384684956
12070,"Jana, la",2026-01-01,0,0
46144,Jarafuel,2026-01-01,2,2.544529262086514
10103,Jaraicejo,2026-01-01,0,0
09183,Jaramillo de la Fuente,2026-01-01,0,0
50130,Jarque,2026-01-01,0,0
22131,Jasa,2026-01-01,0,0
31134,Jaurrieta,2026-01-01,0,0
18107,Jayena,2026-01-01,4,4.020100502512563
23050,Jaén,2026-01-01,245,2.1851782481113817
11020,Jerez de la Frontera,2026-01-01,512,2.3811184745959775
06070,Jerez de los Caballeros,2026-01-01,15,1.647627416520211
18108,Jerez del Marquesado,2026-01-01,0,0
10107,Jerte,2026-01-01,5,4.170141784820684
18109,Jete,2026-01-01,2,2.002002002002002
23052,Jimena,2026-01-01,1,0.8169934640522876
11021,Jimena de la Frontera,2026-01-01,9,1.3177159590043923
24086,Joarilla de las Matas,2026-01-01,0,0
17086,"Jonquera, La",2026-01-01,4,1.1730205278592376
08103,Jorba,2026-01-01,2,2.3557126030624262
44130,Jorcas,2026-01-01,0,0
02041,Jorquera,2026-01-01,0,0
50132,"Joyosa, La",2026-01-01,2,1.7391304347826089
40106,Juarros de Voltoya,2026-01-01,1,5.347593582887701
29064,Jubrique,2026-01-01,1,1.6863406408094435
30022,Jumilla,2026-01-01,32,1.166435809579354
18111,Jun,2026-01-01,12,2.897151134717528
25119,Juneda,2026-01-01,8,2.2707919386886175
18112,Juviles,2026-01-01,1,6.666666666666667
48907,Kortezubi,2026-01-01,2,4.4543429844097995
01019,Kripan,2026-01-01,0,0
01020,Kuartango,2026-01-01,0,0
40107,Labajos,2026-01-01,0,0
13050,"Labores, Las",2026-01-01,2,3.629764065335753
22133,Labuerda,2026-01-01,0,0
10108,Ladrillar,2026-01-01,1,5.58659217877095
45082,Lagartera,2026-01-01,1,0.764525993883792
01031,Laguardia,2026-01-01,4,2.7247956403269753
24087,Laguna Dalga,2026-01-01,1,1.644736842105263
26082,Laguna de Cameros,2026-01-01,1,9.00900900900901
40108,Laguna de Contreras,2026-01-01,0,0
47076,Laguna de Duero,2026-01-01,30,1.304404539327797
24088,Laguna de Negrillos,2026-01-01,0,0
16116,Lagunaseca,2026-01-01,1,19.607843137254903
37168,Lagunilla,2026-01-01,1,2.398081534772182
23040,Lahiguera,2026-01-01,2,1.2804097311139564
31138,Lakuntza,2026-01-01,1,0.7485029940119761
22135,Laluenga,2026-01-01,2,9.950248756218905
22136,Lalueza,2026-01-01,0,0
22137,Lanaja,2026-01-01,1,0.8764241893076249
16117,Landete,2026-01-01,0,0
05109,Langa,2026-01-01,1,2.2522522522522523
42103,Langa de Duero,2026-01-01,4,5.755395683453237
47077,Langayo,2026-01-01,0,0
18117,Lanteira,2026-01-01,1,1.876172607879925
31140,Lantz,2026-01-01,1,6.666666666666667
06071,"Lapa, La",2026-01-01,0,0
01033,Lapuebla de Labarca,2026-01-01,2,2.2346368715083798
15041,"Laracha, A",2026-01-01,5,0.4247005860868088
26084,Lardero,2026-01-01,45,3.71900826446281
39035,Laredo,2026-01-01,11,1.0304449648711944
48052,Larrabetzu,2026-01-01,0,0
31142,Larraga,2026-01-01,4,1.8518518518518519
31143,Larraona,2026-01-01,1,10
20048,Larraul,2026-01-01,0,0
37169,Larrodrigo,2026-01-01,0,0
23054,Larva,2026-01-01,1,2.2675736961451247
20902,Lasarte-Oria,2026-01-01,18,0.9272137227630969
22144,Laspuña,2026-01-01,0,0
40112,"Lastrilla, La",2026-01-01,8,1.6771488469601676
48053,Laukiz,2026-01-01,4,3.2232070910556003
15040,Laxe,2026-01-01,2,0.6942034015966678
45083,Layos,2026-01-01,3,3.215434083601286
20049,Lazkao,2026-01-01,6,0.9876543209876544
20050,Leaburu,2026-01-01,0,0
41053,Lebrija,2026-01-01,39,1.404544963445817
50137,Leciñena,2026-01-01,1,0.9199632014719411
19159,Ledanca,2026-01-01,0,0
16118,Ledaña,2026-01-01,4,2.5252525252525255
37170,Ledesma,2026-01-01,4,2.6917900403768504
37171,Ledrada,2026-01-01,2,4.1928721174004195
16119,Leganiel,2026-01-01,0,0
28074,Leganés,2026-01-01,352,1.7964132975411593
31147,Legarda,2026-01-01,0,0
31148,Legaria,2026-01-01,0,0
20051,Legazpi,2026-01-01,8,0.955794504181601
20052,Legorreta,2026-01-01,3,2.0604395604395607
01058,Legutio,2026-01-01,4,1.9102196752626552
48054,Leioa,2026-01-01,64,1.9567078390607804
32040,Leiro,2026-01-01,3,1.9801980198019802
31149,Leitza,2026-01-01,8,2.644628099173554
26087,Leiva,2026-01-01,1,4.366812227074235
48057,Lekeitio,2026-01-01,4,0.5547850208044383
31908,Lekunberri,2026-01-01,4,2.289639381797367
48055,Lemoa,2026-01-01,13,3.600110772639158
48056,Lemoiz,2026-01-01,4,2.969561989606533
21044,Lepe,2026-01-01,38,1.2722220362248486
09194,Lerma,2026-01-01,4,1.5105740181268883
25121,Les,2026-01-01,1,0.9505703422053232
31153,Lesaka,2026-01-01,13,4.788213627992633
02042,Letur,2026-01-01,2,2.2026431718061676
50139,Letux,2026-01-01,0,0
48081,Lezama,2026-01-01,4,1.646090534979424
20053,Lezo,2026-01-01,10,1.6147263038914905
02043,Lezuza,2026-01-01,0,0
24089,León,2026-01-01,162,1.305493549088975
30023,Librilla,2026-01-01,43,7.295554801493044
39036,Liendo,2026-01-01,1,0.8210180623973727
45084,Lillo,2026-01-01,4,1.5779092702169624
39038,Limpias,2026-01-01,6,3.0015007503751874
23055,Linares,2026-01-01,69,1.2390238646770457
44137,Linares de Mora,2026-01-01,1,4.11522633744856
21045,Linares de la Sierra,2026-01-01,1,3.5971223021582737
25122,Linyola,2026-01-01,6,2.177858439201452
20054,Lizartza,2026-01-01,0,0
08104,"Llacuna, La",2026-01-01,3,3.1217481789802286
25123,Lladorre,2026-01-01,1,4.065040650406504
25124,Lladurs,2026-01-01,1,5.376344086021506
08105,"Llagosta, La",2026-01-01,17,1.2826316583672854
17089,Llagostera,2026-01-01,15,1.5659254619480112
24092,Llamas de la Ribera,2026-01-01,0,0
17090,Llambilles,2026-01-01,1,1.366120218579235
17091,Llanars,2026-01-01,1,1.9342359767891684
46154,Llanera de Ranes,2026-01-01,3,2.835538752362949
33036,Llanes,2026-01-01,8,0.5913223445930963
47079,Llano de Olmedo,2026-01-01,0,0
13904,Llanos del Caudillo,2026-01-01,1,1.5128593040847202
25125,Llardecans,2026-01-01,2,4.504504504504505
25120,Lleida,2026-01-01,405,2.7482034892005784
06073,Llera,2026-01-01,1,1.2820512820512822
06074,Llerena,2026-01-01,3,0.5297545470598622
17093,Llers,2026-01-01,8,6.309148264984227
25129,Llobera,2026-01-01,0,0
46153,Llocnou de Sant Jeroni,2026-01-01,1,1.6891891891891893
46156,Llombai,2026-01-01,6,2.1528525296017222
17095,Lloret de Mar,2026-01-01,85,2.026511539195117
07028,Lloret de Vistalegre,2026-01-01,3,1.7678255745433118
46157,"Llosa de Ranes, la",2026-01-01,5,1.3273161667109106
12074,"Llosa, la",2026-01-01,2,1.937984496124031
07029,Lloseta,2026-01-01,11,1.6770849214819332
07030,Llubí,2026-01-01,4,1.5384615384615385
07031,Llucmajor,2026-01-01,53,1.3102595797280594
46150,Llutxent,2026-01-01,14,6.068487212830516
46147,Llíria,2026-01-01,36,1.405536251122477
22149,Loarre,2026-01-01,1,2.8011204481792715
18121,Lobras,2026-01-01,1,7.142857142857142
31157,Lodosa,2026-01-01,5,1.0117361392148927
28075,Loeches,2026-01-01,29,3.1112541572792622
26089,Logroño,2026-01-01,292,1.9250927934283133
48903,Loiu,2026-01-01,6,2.560819462227913
18122,Loja,2026-01-01,34,1.62500597428667
34096,Lomas,2026-01-01,0,0
45085,Lominchar,2026-01-01,7,2.3450586264656614
47078,Lomoviejo,2026-01-01,1,6.329113924050633
50143,Longares,2026-01-01,0,0
23056,Lopera,2026-01-01,3,0.8576329331046312
22150,Loporzano,2026-01-01,1,1.736111111111111
41054,Lora de Estepa,2026-01-01,2,2.249718785151856
19160,Loranca de Tajuña,2026-01-01,0,0
30024,Lorca,2026-01-01,141,1.4298317666027804
46148,Loriguilla,2026-01-01,6,2.7472527472527473
46149,Losa del Obispo,2026-01-01,0,0
40113,"Losa, La",2026-01-01,1,1.8484288354898337
10110,Losar de la Vera,2026-01-01,4,1.4265335235378032
22151,Loscorrales,2026-01-01,0,0
44138,Loscos,2026-01-01,0,0
15042,Lousame,2026-01-01,0,0
04060,Lucainena de las Torres,2026-01-01,0,0
14038,Lucena,2026-01-01,62,1.428242340474545
21046,Lucena del Puerto,2026-01-01,5,1.456876456876457
50147,Luceni,2026-01-01,1,0.998003992015968
13051,Luciana,2026-01-01,1,2.857142857142857
24090,Lucillo,2026-01-01,1,2.793296089385475
49101,Luelmo,2026-01-01,1,6.756756756756757
27028,Lugo,2026-01-01,247,2.468247544243587
41056,"Luisiana, La",2026-01-01,4,0.8658008658008658
31159,Lumbier,2026-01-01,2,1.486988847583643
37173,Lumbrales,2026-01-01,0,0
50150,Lumpiaque,2026-01-01,0,0
50151,Luna,2026-01-01,0,0
14039,Luque,2026-01-01,2,0.7132667617689016
04062,Macael,2026-01-01,15,2.742230347349177
46158,Macastre,2026-01-01,1,0.675219446320054
32043,Maceda,2026-01-01,5,1.7409470752089136
29066,Macharaviaya,2026-01-01,66,126.43678160919542
37174,Macotera,2026-01-01,1,0.9910802775024776
28078,Madarcos,2026-01-01,0,0
49102,"Maderal, El",2026-01-01,1,5.847953216374268
40115,Maderuelo,2026-01-01,0,0
28079,Madrid,2026-01-01,5828,1.6759180525533164
49103,Madridanos,2026-01-01,0,0
45087,Madridejos,2026-01-01,16,1.5885623510722795
10111,Madrigal de la Vera,2026-01-01,4,2.607561929595828
10112,Madrigalejo,2026-01-01,1,0.5858230814294083
09197,Madrigalejo del Monte,2026-01-01,0,0
02045,Madrigueras,2026-01-01,10,2.1413276231263385
37176,Madroñal,2026-01-01,1,7.8125
10113,Madroñera,2026-01-01,3,1.272264631043257
41057,"Madroño, El",2026-01-01,0,0
50152,Maella,2026-01-01,6,2.7998133457769483
05115,Maello,2026-01-01,1,1.3831258644536653
06075,Magacela,2026-01-01,0,0
34098,Magaz de Pisuerga,2026-01-01,2,1.8779342723004695
06076,Maguilla,2026-01-01,1,1.0917030567685588
49104,Mahide,2026-01-01,0,0
02046,Mahora,2026-01-01,1,0.6765899864682003
25133,Maials,2026-01-01,0,0
50154,Mainar,2026-01-01,0,0
41058,Mairena del Alcor,2026-01-01,30,1.231830500123183
41059,Mairena del Aljarafe,2026-01-01,83,1.7280146568954031
28080,Majadahonda,2026-01-01,2713,36.830387445358525
10114,Majadas,2026-01-01,3,2.3584905660377355
19167,Malaguilla,2026-01-01,1,4.5662100456621
18126,"Malahá, La",2026-01-01,3,1.5552099533437014
50155,Malanquilla,2026-01-01,0,0
06077,Malcocinado,2026-01-01,0,0
08110,Malgrat de Mar,2026-01-01,22,1.1207335710646968
08111,Malla,2026-01-01,1,3.4965034965034967
48058,Mallabia,2026-01-01,5,4.524886877828055
10116,Malpartida de Plasencia,2026-01-01,8,1.7152658662092624
06078,Malpartida de la Serena,2026-01-01,3,5.9171597633136095
15043,Malpica de Bergantiños,2026-01-01,3,0.5717552887364208
45089,Malpica de Tajo,2026-01-01,3,1.7899761336515514
50159,Maluenda,2026-01-01,0,0
49107,Malva,2026-01-01,0,0
05117,Mamblas,2026-01-01,0,0
07033,Manacor,2026-01-01,68,1.380010147133435
37179,Mancera de Abajo,2026-01-01,1,5.208333333333333
23058,Mancha Real,2026-01-01,24,2.090774457705375
06079,Manchita,2026-01-01,0,0
07034,Mancor de la Vall,2026-01-01,7,4.139562389118865
19168,Mandayona,2026-01-01,1,3.4965034965034967
29068,Manilva,2026-01-01,55,3.0481046331190425
46159,Manises,2026-01-01,57,1.7406174611414786
08112,Manlleu,2026-01-01,42,1.9698888419867737
34099,Manquillos,2026-01-01,0,0
08113,Manresa,2026-01-01,156,1.9332771526297525
24095,Mansilla Mayor,2026-01-01,1,3.1446540880503147
24094,Mansilla de las Mulas,2026-01-01,2,1.1743981209630063
46160,Manuel,2026-01-01,2,0.7830853563038371
49110,Manzanal de Arriba,2026-01-01,1,3.0120481927710845
13053,Manzanares,2026-01-01,20,1.1300073450477428
28082,Manzanares el Real,2026-01-01,17,1.7580144777662874
32044,Manzaneda,2026-01-01,0,0
45090,Manzaneque,2026-01-01,2,4.807692307692308
44143,Manzanera,2026-01-01,0,0
21047,Manzanilla,2026-01-01,0,0
37180,"Manzano, El",2026-01-01,0,0
45091,Maqueda,2026-01-01,2,3.663003663003663
18127,Maracena,2026-01-01,47,2.100840336134454
40118,Marazuela,2026-01-01,0,0
29069,Marbella,2026-01-01,490,3.053378033126036
10117,Marchagaz,2026-01-01,1,4.329004329004329
18128,Marchal,2026-01-01,0,0
19171,Marchamalo,2026-01-01,15,1.7259233690024163
41060,Marchena,2026-01-01,29,1.4936135146271117
31163,Marcilla,2026-01-01,3,1.0224948875255624
08242,Marganell,2026-01-01,2,6.430868167202572
07035,Maria de la Salut,2026-01-01,7,2.849002849002849
16122,Mariana,2026-01-01,0,0
41061,Marinaleda,2026-01-01,2,0.7757951900698216
46161,Marines,2026-01-01,3,1.5174506828528074
21048,"Marines, Los",2026-01-01,2,4.555808656036446
45092,Marjaliza,2026-01-01,1,3.8167938931297707
48060,Markina-Xemein,2026-01-01,5,0.9811616954474096
23059,Marmolejo,2026-01-01,6,0.9334163036714375
50902,Marracos,2026-01-01,0,0
45093,Marrupe,2026-01-01,1,6.024096385542169
37181,Martiago,2026-01-01,1,3.9840637450199203
08114,Martorell,2026-01-01,232,8.003035634206078
08115,Martorelles,2026-01-01,11,2.2057349107679967
23060,Martos,2026-01-01,33,1.350190254081257
48061,Maruri-Jatabe,2026-01-01,4,3.5429583702391496
47081,Marzales,2026-01-01,1,22.22222222222222
43077,Mas de Barberans,2026-01-01,0,0
44145,Mas de las Matas,2026-01-01,0,0
17100,Masarac,2026-01-01,2,6.8728522336769755
45094,Mascaraque,2026-01-01,0,0
43078,Masdenverge,2026-01-01,2,1.7467248908296944
19172,Masegoso de Tajuña,2026-01-01,0,0
32045,Maside,2026-01-01,1,0.3620564808110065
08116,"Masies de Roda, Les",2026-01-01,3,3.95778364116095
43079,Masllorenç,2026-01-01,1,1.7605633802816902
08118,"Masnou, El",2026-01-01,52,2.1029643709305614
43081,Maspujols,2026-01-01,4,4.362050163576881
08119,Masquefa,2026-01-01,22,2.175848086242706
43082,"Masroig, El",2026-01-01,2,4.1928721174004195
46163,Massalfassar,2026-01-01,10,3.679175864606328
46164,Massamagrell,2026-01-01,30,1.7080391710316556
46165,Massanassa,2026-01-01,45,4.2317096106827155
17101,Massanes,2026-01-01,4,4.540295119182747
25132,Massoteres,2026-01-01,0,0
37184,Masueco,2026-01-01,0,0
12075,"Mata de Morella, la",2026-01-01,0,0
44146,"Mata de los Olmos, La",2026-01-01,0,0
45095,"Mata, La",2026-01-01,2,2.190580503833516
40123,Matabuena,2026-01-01,0,0
08120,Matadepera,2026-01-01,34,3.4665579119086463
42110,Matalebreras,2026-01-01,0,0
38025,"Matanza de Acentejo, La",2026-01-01,15,1.645458534444932
47082,Matapozuelos,2026-01-01,5,5.128205128205129
19173,Matarrubia,2026-01-01,2,20
08121,Mataró,2026-01-01,275,2.0933241988277382
12076,Matet,2026-01-01,1,10.638297872340425
47083,Matilla de los Caños,2026-01-01,2,17.094017094017097
40125,"Matilla, La",2026-01-01,1,13.888888888888888
26095,Matute,2026-01-01,0,0
47084,Mayorga,2026-01-01,4,2.941176470588235
45096,Mazarambroz,2026-01-01,4,3.1446540880503147
15045,Mazaricos,2026-01-01,4,1.0723860589812333
34102,Mazariegos,2026-01-01,0,0
39041,Mazcuerras,2026-01-01,1,0.48426150121065376
19176,Mazuecos,2026-01-01,2,7.434944237918216
09206,Mazuela,2026-01-01,0,0
17102,Maçanet de Cabrenys,2026-01-01,0,0
17103,Maçanet de la Selva,2026-01-01,15,1.8598884066955983
48059,Mañaria,2026-01-01,0,0
31161,Mañeru,2026-01-01,1,2.2026431718061676
09208,Mecerreyes,2026-01-01,0,0
28083,Meco,2026-01-01,40,2.5032855623005195
05123,Mediana de Voltoya,2026-01-01,0,0
09209,Medina de Pomar,2026-01-01,5,0.8120838070488875
47086,Medina de Rioseco,2026-01-01,4,0.8671146759158899
06081,Medina de las Torres,2026-01-01,2,1.7196904557179709
47085,Medina del Campo,2026-01-01,18,0.8894159501927068
42113,Medinaceli,2026-01-01,1,1.4641288433382138
08122,Mediona,2026-01-01,3,1.1261261261261262
26096,Medrano,2026-01-01,1,2.857142857142857
47087,Megeces,2026-01-01,1,2.3696682464454977
45097,Mejorada,2026-01-01,2,1.4336917562724014
28084,Mejorada del Campo,2026-01-01,56,2.242152466367713
47088,Melgar de Abajo,2026-01-01,0,0
47089,Melgar de Arriba,2026-01-01,0,0
09211,Melgar de Fernamental,2026-01-01,5,3.3222591362126246
49116,Melgar de Tera,2026-01-01,1,2.9940119760479043
34104,Melgar de Yuso,2026-01-01,1,3.663003663003663
46166,Meliana,2026-01-01,23,2.082201701973565
15046,Melide,2026-01-01,3,0.3826530612244898
52001,Melilla,2026-01-01,253,2.9058081707191015
13054,Membrilla,2026-01-01,10,1.7241379310344827
19179,Membrillera,2026-01-01,0,0
45098,Menasalbas,2026-01-01,6,2.4048096192384767
20901,Mendaro,2026-01-01,2,0.9881422924901185
48062,Mendata,2026-01-01,2,5.235602094240838
31165,Mendavia,2026-01-01,8,2.227791701475912
31166,Mendaza,2026-01-01,2,6.968641114982578
48063,Mendexa,2026-01-01,0,0
34106,Meneses de Campos,2026-01-01,0,0
06082,Mengabril,2026-01-01,0,0
50165,Mequinenza,2026-01-01,3,1.3398838767306833
32047,"Merca, A",2026-01-01,1,0.5060728744939271
07037,"Mercadal, Es",2026-01-01,7,1.0840947808579835
16124,"Mesas, Las",2026-01-01,2,0.8877052818464269
45100,Mesegar de Tajo,2026-01-01,1,4.926108374384237
50166,Mesones de Isuela,2026-01-01,0,0
13055,Mestanza,2026-01-01,0,0
50167,Mezalocha,2026-01-01,1,5.076142131979695
32048,"Mezquita, A",2026-01-01,1,1.0090817356205852
48064,Meñaka,2026-01-01,0,0
10121,Miajadas,2026-01-01,19,2.0227829234536356
49117,Micereces de Tera,2026-01-01,1,2.4752475247524752
39044,Miengo,2026-01-01,5,0.9482268158543523
33037,Mieres,2026-01-01,12,0.3299604047514298
17105,Mieres,2026-01-01,12,32.608695652173914
37190,Mieza,2026-01-01,0,0
45101,Miguel Esteban,2026-01-01,3,0.6331785563528914
13056,Miguelturra,2026-01-01,19,1.1957205789804908
05127,Mijares,2026-01-01,0,0
29070,Mijas,2026-01-01,158,1.6751484308736218
31169,Milagro,2026-01-01,2,0.5364806866952789
09218,Milagros,2026-01-01,1,2.457002457002457
37191,"Milano, El",2026-01-01,0,0
19184,Millana,2026-01-01,0,0
46167,Millares,2026-01-01,2,5.88235294117647
21049,Minas de Riotinto,2026-01-01,3,0.8105917319643339
02048,Minaya,2026-01-01,1,0.7092198581560284
16125,Minglanilla,2026-01-01,6,2.4865312888520514
16126,Mira,2026-01-01,3,3.2119914346895073
10123,Mirabel,2026-01-01,1,1.6129032258064515
28085,Miraflores de la Sierra,2026-01-01,12,1.6359918200408998
25135,Miralcamp,2026-01-01,2,1.4716703458425313
46168,Miramar,2026-01-01,9,2.8625954198473282
31171,Miranda de Arga,2026-01-01,0,0
09219,Miranda de Ebro,2026-01-01,46,1.2562470983423
37193,Miranda del Castañar,2026-01-01,2,5.54016620498615
06084,Mirandilla,2026-01-01,3,2.4291497975708505
09220,Miraveche,2026-01-01,0,0
43084,Miravet,2026-01-01,1,1.4265335235378032
46169,Mislata,2026-01-01,68,1.446716167053167
15048,Miño,2026-01-01,11,1.5479876160990713
42115,Miño de Medinaceli,2026-01-01,1,13.698630136986301
29071,Moclinejo,2026-01-01,4,3.2546786004882016
15049,Moeche,2026-01-01,0,0
37194,Mogarraz,2026-01-01,0,0
21050,Moguer,2026-01-01,50,2.0821187640543015
10124,Mohedas de Granadilla,2026-01-01,3,3.6363636363636362
47090,Mojados,2026-01-01,7,2.032520325203252
04903,"Mojonera, La",2026-01-01,21,2.4165707710011506
49119,Molacillos,2026-01-01,0,0
43085,"Molar, El",2026-01-01,15,49.83388704318937
28086,"Molar, El",2026-01-01,15,1.5045135406218655
41063,"Molares, Los",2026-01-01,3,0.8176614881439085
30027,Molina de Segura,2026-01-01,115,1.4704002045774198
24100,Molinaseca,2026-01-01,1,1.1547344110854503
02049,Molinicos,2026-01-01,1,1.3227513227513228
44151,Molinos,2026-01-01,0,0
28087,"Molinos, Los",2026-01-01,3,0.6161429451632779
08123,Molins de Rei,2026-01-01,57,2.088600637572826
39046,Molledo,2026-01-01,0,0
25137,Mollerussa,2026-01-01,21,1.3111888111888113
17106,Mollet de Peralada,2026-01-01,0,0
29072,Mollina,2026-01-01,11,1.970619849516302
18134,Monachil,2026-01-01,11,1.2678653757491933
19191,Monasterio,2026-01-01,1,76.92307692307693
09224,Monasterio de Rodilla,2026-01-01,1,5.813953488372093
46171,Moncada,2026-01-01,37,1.662771885673198
12077,Moncofa,2026-01-01,6,0.718993409227082
29073,Monda,2026-01-01,6,1.977587343441002
36031,Mondariz-Balneario,2026-01-01,1,1.3513513513513513
50170,Monegrillo,2026-01-01,0,0
06085,Monesterio,2026-01-01,4,0.9416195856873822
50171,Moneva,2026-01-01,0,0
49122,Monfarracinos,2026-01-01,3,2.997002997002997
03088,Monforte del Cid,2026-01-01,20,2.134016218523261
08128,Monistrol de Calders,2026-01-01,1,1.3089005235602096
08127,Monistrol de Montserrat,2026-01-01,8,2.4744819053510674
37198,Monleras,2026-01-01,1,4.149377593360996
50172,Monreal de Ariza,2026-01-01,3,17.142857142857142
44153,Monreal del Campo,2026-01-01,6,2.3255813953488373
10125,Monroy,2026-01-01,2,2.2002200220022
43091,Mont-ral,2026-01-01,0,0
17110,Mont-ras,2026-01-01,4,2.366863905325444
43092,Mont-roig del Camp,2026-01-01,24,1.638001638001638
16129,Montalbanejo,2026-01-01,0,0
16130,Montalbo,2026-01-01,2,2.793296089385475
02050,Montalvos,2026-01-01,1,13.513513513513514
49123,Montamarta,2026-01-01,0,0
12079,Montanejos,2026-01-01,1,1.5360983102918586
46173,Montaverner,2026-01-01,3,1.8259281801582472
43086,Montblanc,2026-01-01,13,1.7177589852008457
08125,Montcada i Reixac,2026-01-01,136,3.6318965977674518
08130,Montclar,2026-01-01,2,15.037593984962406
31173,Monteagudo,2026-01-01,15,13.863216266173753
44156,Monteagudo del Castillo,2026-01-01,0,0
02051,Montealegre del Castillo,2026-01-01,8,3.904343582235237
29903,Montecorto,2026-01-01,53,89.83050847457628
32049,Montederramo,2026-01-01,1,1.5174506828528074
10127,Montehermoso,2026-01-01,6,1.0770059235325795
29074,Montejaque,2026-01-01,191,201.90274841437633
37200,Montejo,2026-01-01,0,0
28088,Montejo de la Sierra,2026-01-01,2,4.901960784313726
41064,Montellano,2026-01-01,7,0.9950248756218905
14041,Montemayor,2026-01-01,6,1.5408320493066257
47093,Montemayor de Pililla,2026-01-01,2,2.3809523809523814
32050,Monterrei,2026-01-01,2,0.8281573498964804
40131,Monterrubio,2026-01-01,0,0
37202,Monterrubio de Armuña,2026-01-01,5,3.7735849056603774
06087,Monterrubio de la Serena,2026-01-01,2,0.9289363678588017
37203,Monterrubio de la Sierra,2026-01-01,1,6.666666666666667
46174,Montesa,2026-01-01,2,1.7761989342806395
03903,"Montesinos, Los",2026-01-01,18,3.1255426289286334
08131,Montesquiu,2026-01-01,3,2.64783759929391
25138,Montgai,2026-01-01,0,0
08126,Montgat,2026-01-01,30,2.337358784573432
13057,Montiel,2026-01-01,1,0.8591065292096219
06088,Montijo,2026-01-01,12,0.7897334649555774
14042,Montilla,2026-01-01,48,2.1629416005767843
18137,Montillana,2026-01-01,0,0
08132,Montmajor,2026-01-01,1,2.1231422505307855
08133,Montmaneu,2026-01-01,0,0
43090,"Montmell, El",2026-01-01,1,0.5141388174807198
25142,Montoliu de Lleida,2026-01-01,0,0
25141,Montoliu de Segarra,2026-01-01,0,0
09227,Montorio,2026-01-01,0,0
14043,Montoro,2026-01-01,10,1.1096316023080337
08137,Montseny,2026-01-01,1,2.5839793281653747
14044,Monturque,2026-01-01,2,1.0378827192527245
45106,Mora,2026-01-01,8,0.7863180656575586
44158,Mora de Rubielos,2026-01-01,4,2.2792022792022792
09228,Moradillo de Roa,2026-01-01,0,0
13058,Moral de Calatrava,2026-01-01,9,1.7387944358578054
40132,Moral de Hornuez,2026-01-01,0,0
47094,Moral de la Reina,2026-01-01,0,0
18138,Moraleda de Zafayona,2026-01-01,10,3.105590062111801
10128,Moraleja,2026-01-01,8,1.2183978068839476
28089,Moraleja de Enmedio,2026-01-01,16,2.8338646829613885
49126,Moraleja de Sayago,2026-01-01,0,0
49125,Moraleja del Vino,2026-01-01,5,2.7731558513588466
47096,Morales de Campos,2026-01-01,0,0
49129,Morales de Toro,2026-01-01,1,1.0799136069114472
49130,Morales de Valverde,2026-01-01,0,0
49127,Morales del Vino,2026-01-01,6,1.9723865877712032
49131,Moralina,2026-01-01,0,0
28090,Moralzarzal,2026-01-01,3059,207.74193548387095
37204,Morasverdes,2026-01-01,0,0
50176,Morata de Jiloca,2026-01-01,0,0
28091,Morata de Tajuña,2026-01-01,11,1.310459852275435
30028,Moratalla,2026-01-01,11,1.4637391882900865
10129,Morcillo,2026-01-01,0,0
43095,"Morell, El",2026-01-01,7,1.8367882445552348
12080,Morella,2026-01-01,4,1.5987210231814548
43096,"Morera de Montsant, La",2026-01-01,0,0
06089,"Morera, La",2026-01-01,1,1.4265335235378032
48066,Morga,2026-01-01,2,4.807692307692308
14045,Moriles,2026-01-01,2,0.5461496450027307
37207,Moriscos,2026-01-01,1,1.7241379310344827
36033,Mos,2026-01-01,0,0
44160,Mosqueruela,2026-01-01,1,1.779359430604982
16133,Mota del Cuervo,2026-01-01,10,1.6471750947125678
16134,Motilla del Palancar,2026-01-01,10,1.5420200462606013
02052,Motilleja,2026-01-01,0,0
18140,Motril,2026-01-01,109,1.8118351063829787
35013,Moya,2026-01-01,9,1.124718820294926
16135,Moya,2026-01-01,9,67.66917293233082
40134,Mozoncillo,2026-01-01,3,3.282275711159737
50180,Mozota,2026-01-01,1,7.633587786259541
47098,Mucientes,2026-01-01,0,0
47099,"Mudarra, La",2026-01-01,1,5.952380952380952
19196,Muduex,2026-01-01,1,9.615384615384617
50181,Muel,2026-01-01,1,0.6435006435006435
50182,"Muela, La",2026-01-01,26,3.866171003717472
49135,Muelas del Pan,2026-01-01,0,0
15051,Mugardos,2026-01-01,3,0.5770340450086555
30029,Mula,2026-01-01,25,1.3899699766485045
48068,Mundaka,2026-01-01,1,0.550357732526142
02053,Munera,2026-01-01,2,0.5955926146515784
48069,Mungia,2026-01-01,25,1.3785497656465397
44161,Muniesa,2026-01-01,0,0
26098,Munilla,2026-01-01,1,10.752688172043012
08129,Muntanyola,2026-01-01,2,2.857142857142857
08139,Mura,2026-01-01,0,0
31176,Murchante,2026-01-01,13,3.0609842241582292
30030,Murcia,2026-01-01,444,0.9295879036327207
31177,Murieta,2026-01-01,1,2.7548209366391188
31179,Murillo el Fruto,2026-01-01,1,1.4684287812041115
03091,Murla,2026-01-01,2,3.484320557491289
07039,Muro,2026-01-01,17,2.0257387988560533
26100,Muro de Aguas,2026-01-01,1,17.543859649122805
03092,Muro de Alcoy,2026-01-01,14,1.4955667129580172
15053,Muros,2026-01-01,2,0.24476808224207564
18141,Murtas,2026-01-01,1,2.304147465437788
48908,Murueta,2026-01-01,0,0
46177,Museros,2026-01-01,18,2.6026604973973395
48071,Muskiz,2026-01-01,16,2.1424745581146225
20057,Mutiloa,2026-01-01,0,0
20056,Mutriku,2026-01-01,1,0.19105846388995032
03090,Mutxamel,2026-01-01,59,2.0565373488096483
48067,Muxika,2026-01-01,0,0
05135,Muñana,2026-01-01,1,2.008032128514056
05136,Muñico,2026-01-01,0,0
05138,Muñogalindo,2026-01-01,0,0
05140,Muñomer del Peco,2026-01-01,1,8.849557522123893
40135,Muñopedro,2026-01-01,0,0
05142,Muñosancho,2026-01-01,0,0
05143,Muñotello,2026-01-01,0,0
29067,Málaga,2026-01-01,1297,2.171899935194659
28092,Móstoles,2026-01-01,270,1.2599571614565104
48909,Nabarniz,2026-01-01,0,0
04065,Nacimiento,2026-01-01,2,4.123711340206186
26103,Nalda,2026-01-01,6,4.562737642585551
45107,Nambroca,2026-01-01,8,1.5017833677492023
42128,Narros,2026-01-01,0,0
33040,Nava,2026-01-01,3,0.5706676811869887
45108,"Nava de Ricomalillo, La",2026-01-01,1,1.9157088122605364
09229,Nava de Roa,2026-01-01,0,0
06090,"Nava de Santiago, La",2026-01-01,0,0
47101,Nava del Rey,2026-01-01,5,2.5933609958506225
37212,Navacarros,2026-01-01,0,0
05151,Navacepedilla de Corneja,2026-01-01,1,9.900990099009901
28093,Navacerrada,2026-01-01,77,23.06770521270222
10130,Navaconcejo,2026-01-01,2,0.980872976949485
45109,Navahermosa,2026-01-01,3,0.8298755186721991
05156,Navahondilla,2026-01-01,0,0
12081,Navajas,2026-01-01,1,1.0799136069114472
22160,Naval,2026-01-01,0,0
05157,Navalacruz,2026-01-01,0,0
28094,Navalafuente,2026-01-01,7,4.065040650406504
28095,Navalagamella,2026-01-01,7,2.2082018927444795
28096,Navalcarnero,2026-01-01,55,1.6490765171503958
42129,Navaleno,2026-01-01,2,2.865329512893983
40141,Navalmanzano,2026-01-01,1,0.9551098376313276
05158,Navalmoral,2026-01-01,1,2.2172949002217295
10131,Navalmoral de la Mata,2026-01-01,19,1.0984563797190265
45112,"Navalmorales, Los",2026-01-01,2,0.9442870632672333
05160,Navalosa,2026-01-01,0,0
05161,Navalperal de Pinares,2026-01-01,0,0
45113,"Navalucillos, Los",2026-01-01,3,1.5873015873015872
05163,Navaluenga,2026-01-01,1,0.4672897196261682
06091,Navalvillar de Pela,2026-01-01,1,0.23266635644485809
45114,Navamorcuende,2026-01-01,0,0
08140,Navarcles,2026-01-01,10,1.5931177314003504
01041,Navaridas,2026-01-01,1,5
05165,Navarredonda de Gredos,2026-01-01,1,2.1786492374727673
26105,Navarrete,2026-01-01,0,0
05167,Navarrevisca,2026-01-01,0,0
02054,Navas de Jorquera,2026-01-01,2,3.8910505836575875
40145,Navas de Oro,2026-01-01,2,1.5360983102918586
40146,Navas de San Antonio,2026-01-01,0,0
23063,Navas de San Juan,2026-01-01,9,2.06280082512033
10133,Navas del Madroño,2026-01-01,1,0.7974481658692185
28099,Navas del Rey,2026-01-01,133,38.84345794392524
17111,Navata,2026-01-01,6,3.9893617021276593
10134,Navezuelas,2026-01-01,1,1.4970059880239521
33041,Navia,2026-01-01,2,0.24878716258241074
09231,Nebreda,2026-01-01,0,0
15055,Neda,2026-01-01,5,1.0164667615368976
19198,Negredo,2026-01-01,0,0
15056,Negreira,2026-01-01,6,0.8616975441619992
05171,Neila de San Miguel,2026-01-01,0,0
29075,Nerja,2026-01-01,51,2.3116671199347296
02055,Nerpio,2026-01-01,1,0.8779631255487269
21052,Nerva,2026-01-01,5,0.9830908375933936
26106,Nestares,2026-01-01,0,0
36034,"Neves, As",2026-01-01,1,0.27359781121751026
21053,Niebla,2026-01-01,56,13.029315960912053
40148,Nieva,2026-01-01,0,0
05172,Niharra,2026-01-01,0,0
23064,Noalejo,2026-01-01,5,2.898550724637681
45115,Noblejas,2026-01-01,6,1.5022533800701052
45116,Noez,2026-01-01,2,1.86046511627907
06092,Nogales,2026-01-01,1,1.5797788309636651
44165,Nogueruelas,2026-01-01,1,5.319148936170213
15057,Noia,2026-01-01,13,0.9214629997164729
39047,Noja,2026-01-01,2,0.7524454477050414
45117,Nombela,2026-01-01,1,1.1001100110011
50189,Nonaspe,2026-01-01,1,0.9950248756218905
33042,Noreña,2026-01-01,9,1.7554125219426564
22162,Novales,2026-01-01,1,6.451612903225806
50190,Novallas,2026-01-01,2,2.328288707799767
03093,Novelda,2026-01-01,42,1.5782353825341953
42132,Noviercas,2026-01-01,0,0
50191,Novillas,2026-01-01,1,1.968503937007874
03094,"Nucia, la",2026-01-01,50,2.5867866935692483
22163,Nueno,2026-01-01,1,1.7452006980802792
14046,Nueva Carteya,2026-01-01,11,2.097635392829901
50193,Nuez de Ebro,2026-01-01,0,0
12082,Nules,2026-01-01,20,1.3906271728549575
43098,Nulles,2026-01-01,1,1.7985611510791368
45119,Numancia de la Sagra,2026-01-01,13,2.269156920928609
10135,Nuñomoral,2026-01-01,2,1.682085786375105
31183,Obanos,2026-01-01,0,0
14047,Obejo,2026-01-01,0,0
45121,Ocaña,2026-01-01,16,0.9975684269592868
04067,Ohanes,2026-01-01,0,0
20063,Oiartzun,2026-01-01,113,10.794803209782193
44169,Ojos Negros,2026-01-01,1,3.115264797507788
05173,Ojos-Albos,2026-01-01,0,0
01042,Okondo,2026-01-01,4,3.389830508474576
20058,Olaberria,2026-01-01,30,31.948881789137378
44171,Olba,2026-01-01,0,0
15058,Oleiros,2026-01-01,0,0
08146,Olesa de Bonesvalls,2026-01-01,7,3.2802249297094654
08147,Olesa de Montserrat,2026-01-01,46,1.84
25149,Oliana,2026-01-01,4,2.140181915462814
25151,Olius,2026-01-01,1,1.0111223458038423
46181,Oliva,2026-01-01,53,1.97613721103654
10136,Oliva de Plasencia,2026-01-01,0,0
06093,Oliva de la Frontera,2026-01-01,6,1.223740566999796
35014,"Oliva, La",2026-01-01,16,0.5357621216180016
19200,"Olivar, El",2026-01-01,1,14.705882352941176
41067,Olivares,2026-01-01,9,0.9439899307740718
47103,Olivares de Duero,2026-01-01,0,0
08148,Olivella,2026-01-01,15,3.35345405767941
06095,Olivenza,2026-01-01,20,1.6985138004246285
26111,Ollauri,2026-01-01,1,3.105590062111801
46183,"Olleria, l'",2026-01-01,19,2.128136200716846
28101,Olmeda de las Fuentes,2026-01-01,2,4.608294930875576
09235,Olmedillo de Roa,2026-01-01,1,5.319148936170213
47104,Olmedo,2026-01-01,5,1.3789299503585217
44173,"Olmos, Los",2026-01-01,0,0
46182,Olocau,2026-01-01,6,2.3687327279905253
12083,Olocau del Rey,2026-01-01,0,0
40149,Olombrada,2026-01-01,0,0
08149,Olost,2026-01-01,2,1.6611295681063123
17114,Olot,2026-01-01,64,1.6195971252151027
08144,Olvan,2026-01-01,2,2.1598272138228944
11024,Olvera,2026-01-01,13,1.658586374075019
25153,"Omellons, Els",2026-01-01,1,5.347593582887701
25154,"Omells de na Gaia, Els",2026-01-01,0,0
42135,Oncala,2026-01-01,0,0
12084,Onda,2026-01-01,57,2.167547629007111
03095,Ondara,2026-01-01,10,1.2938284383490748
48073,Ondarroa,2026-01-01,3,0.3707365299060801
03096,Onil,2026-01-01,12,1.4732965009208103
46184,Ontinyent,2026-01-01,71,1.9268868564604988
22165,Ontiñena,2026-01-01,3,6.024096385542169
02056,Ontur,2026-01-01,2,1.0570824524312896
24105,Onzonilla,2026-01-01,13,6.619144602851324
31196,Orbara,2026-01-01,0,0
05174,Orbita,2026-01-01,0,0
18146,Orce,2026-01-01,3,2.6954177897574128
23065,Orcera,2026-01-01,2,1.1682242990654206
15059,Ordes,2026-01-01,14,1.079414032382421
17115,Ordis,2026-01-01,1,2.4330900243309004
20076,Ordizia,2026-01-01,12,1.111934766493699
19204,Orea,2026-01-01,1,5.181347150259067
06096,Orellana de la Sierra,2026-01-01,2,7.874015748031496
06097,Orellana la Vieja,2026-01-01,2,0.774593338497289
20905,Orendain,2026-01-01,0,0
50196,Orera,2026-01-01,0,0
45124,Orgaz,2026-01-01,5,1.885369532428356
04070,Oria,2026-01-01,2,0.9095043201455206
03099,Orihuela,2026-01-01,117,1.3882461823229986
44174,Orihuela del Tremedal,2026-01-01,1,2.2222222222222223
20061,Orio,2026-01-01,6,0.9697753353806369
31906,Orkoien,2026-01-01,24,5.857944837686111
20062,Ormaiztegi,2026-01-01,4,3.098373353989156
45125,Oropesa,2026-01-01,4,1.549186676994578
38026,"Orotava, La",2026-01-01,59,1.3827368815767889
48075,Orozko,2026-01-01,2,0.7504690431519699
44175,Orrios,2026-01-01,0,0
26112,Ortigosa de Cameros,2026-01-01,0,0
40901,Ortigosa del Monte,2026-01-01,0,0
15061,Ortigueira,2026-01-01,3,0.5530973451327433
48083,Ortuella,2026-01-01,17,1.9448575677840063
28102,Orusco de Tajuña,2026-01-01,2,1.3029315960912053
03098,Orxeta,2026-01-01,0,0
25156,Os de Balaguer,2026-01-01,2,1.8281535648994516
16145,Osa de la Vega,2026-01-01,0,0
50198,Oseja,2026-01-01,1,23.809523809523807
05175,"Oso, El",2026-01-01,0,0
17116,Osor,2026-01-01,0,0
02057,Ossa de Montiel,2026-01-01,1,0.4472271914132379
22167,Osso de Cinca,2026-01-01,6,9.036144578313253
41068,Osuna,2026-01-01,29,1.667625071880391
31200,Oteiza,2026-01-01,2,2.061855670103093
45126,Otero,2026-01-01,1,2.242152466367713
49139,Otero de Bodas,2026-01-01,0,0
40152,Otero de Herreros,2026-01-01,4,4.056795131845842
46185,Otos,2026-01-01,0,0
48072,Otxandio,2026-01-01,2,1.5128593040847202
32054,Ourense,2026-01-01,146,1.3824579344563437
27039,Outeiro de Rei,2026-01-01,1,0.18412815319462345
15062,Outes,2026-01-01,6,1.0011680293675955
33044,Oviedo,2026-01-01,295,1.3194618384799799
09238,Oña,2026-01-01,1,1.0672358591248667
20059,Oñati,2026-01-01,9,0.7813856572321584
15064,Paderne,2026-01-01,1,0.4065040650406504
32055,Paderne de Allariz,2026-01-01,2,1.4914243102162563
05176,Padiernos,2026-01-01,1,3.5971223021582737
09243,Padilla de Arriba,2026-01-01,1,11.363636363636363
18150,Padul,2026-01-01,23,2.3770152955766846
04071,Padules,2026-01-01,0,0
46186,Paiporta,2026-01-01,48,1.699897297871587
05177,Pajares de Adaja,2026-01-01,0,0
24107,Pajares de los Oteros,2026-01-01,0,0
05178,Palacios de Goda,2026-01-01,0,0
09247,Palacios de Riopisuerga,2026-01-01,0,0
49143,Palacios de Sanabria,2026-01-01,1,4.237288135593221
09246,Palacios de la Sierra,2026-01-01,0,0
24108,Palacios de la Valduerna,2026-01-01,0,0
24109,Palacios del Sil,2026-01-01,2,2.3228803716608595
08155,Palafolls,2026-01-01,12,1.196888090963495
17117,Palafrugell,2026-01-01,50,2.036162241407395
12087,Palanques,2026-01-01,0,0
25158,"Palau d'Anglesola, El",2026-01-01,6,2.696629213483146
17121,Palau-sator,2026-01-01,0,0
17120,Palau-saverdera,2026-01-01,8,5.2493438320209975
40155,Palazuelos de Eresma,2026-01-01,5,0.8177952240758913
34120,Palencia,2026-01-01,131,1.693184608822655
37229,Palencia de Negrilla,2026-01-01,0,0
14048,Palenciana,2026-01-01,2,1.3986013986013985
34121,Palenzuela,2026-01-01,0,0
43100,"Pallaresos, Els",2026-01-01,14,2.776125322228832
43099,"Palma d'Ebre, La",2026-01-01,1,3.0211480362537766
21054,"Palma del Condado, La",2026-01-01,16,1.4735678762202984
41904,"Palmar de Troya, El",2026-01-01,1,0.43535045711797993
46188,Palmera,2026-01-01,7,6.796116504854369
17123,Palol de Revardit,2026-01-01,4,8.639308855291578
46189,"Palomar, el",2026-01-01,1,1.6528925619834711
16148,Palomares del Campo,2026-01-01,1,1.8083182640144664
06098,Palomas,2026-01-01,2,3.0864197530864197
45127,Palomeque,2026-01-01,4,3.2336297493936943
10137,Palomero,2026-01-01,0,0
21055,Palos de la Frontera,2026-01-01,33,2.4832568289562795
17124,Pals,2026-01-01,8,3.134796238244514
18151,Pampaneira,2026-01-01,0,0
09251,Pancorbo,2026-01-01,1,2.320185614849188
50200,Paniza,2026-01-01,0,0
22170,Panticosa,2026-01-01,1,1.088139281828074
45128,Pantoja,2026-01-01,9,2.4855012427506216
08158,"Papiol, El",2026-01-01,9,2.0435967302452314
28104,Paracuellos de Jarama,2026-01-01,48,1.7360483200115737
50201,Paracuellos de Jiloca,2026-01-01,0,0
37230,Parada de Arriba,2026-01-01,0,0
32057,Parada de Sil,2026-01-01,1,2.004008016032064
41071,Paradas,2026-01-01,8,1.1823825007389892
37232,Paradinas de San Juan,2026-01-01,2,5.2493438320209975
29077,Parauta,2026-01-01,1,3.7037037037037037
03100,Parcent,2026-01-01,5,4.7664442326024785
17125,Pardines,2026-01-01,1,5.952380952380952
34123,Paredes de Nava,2026-01-01,1,0.5184033177812338
19211,Pareja,2026-01-01,1,2.0242914979757085
28106,Parla,2026-01-01,180,1.304234414398748
06099,"Parra, La",2026-01-01,3,2.3112480739599386
47110,"Parrilla, La",2026-01-01,2,4.246284501061571
04072,Partaloa,2026-01-01,5,6.045949214026602
20064,Pasaia,2026-01-01,15,0.9275290625772941
38027,"Paso, El",2026-01-01,16,1.9298034012784948
19212,Pastrana,2026-01-01,1,1.0224948875255624
50203,Pastriz,2026-01-01,2,1.514004542013626
46190,Paterna,2026-01-01,159,2.097486973154805
11025,Paterna de Rivera,2026-01-01,10,1.8031013342949873
21056,Paterna del Campo,2026-01-01,4,1.1802891708468575
28107,Patones,2026-01-01,1417,2292.8802588996764
17128,Pau,2026-01-01,3,5.376344086021506
21057,Paymogo,2026-01-01,1,0.8643042350907519
36037,Pazos de Borbén,2026-01-01,3,0.984251968503937
23066,Peal de Becerro,2026-01-01,4,0.7561436672967864
04074,Pechina,2026-01-01,6,1.3020833333333333
16153,"Pedernoso, El",2026-01-01,0,0
27045,Pedrafita do Cebreiro,2026-01-01,0,0
47111,"Pedraja de Portillo, La",2026-01-01,3,2.5188916876574305
47112,Pedrajas de San Esteban,2026-01-01,7,2.0384391380314506
46191,Pedralba,2026-01-01,7,2.157829839704069
40156,Pedraza,2026-01-01,1,2.9940119760479043
37235,Pedraza de Alba,2026-01-01,0,0
34125,Pedraza de Campos,2026-01-01,0,0
19213,"Pedregal, El",2026-01-01,0,0
03101,Pedreguer,2026-01-01,27,3.053262467488409
41072,Pedrera,2026-01-01,8,1.5692428403295409
28108,Pedrezuela,2026-01-01,15,2.2713506965475467
14050,Pedro Abad,2026-01-01,6,2.1451555237754736
13061,Pedro Muñoz,2026-01-01,16,2.0760347735824576
14051,Pedroche,2026-01-01,3,2.0847810979847115
50204,Pedrola,2026-01-01,8,2.0817069997397866
09256,Pedrosa de Duero,2026-01-01,1,2.1598272138228944
34126,Pedrosa de la Vega,2026-01-01,0,0
47113,Pedrosa del Rey,2026-01-01,0,0
37236,Pedrosillo de Alba,2026-01-01,2,16.260162601626018
37237,Pedrosillo de los Aires,2026-01-01,2,6.349206349206349
37238,Pedrosillo el Ralo,2026-01-01,0,0
37239,"Pedroso de la Armuña, El",2026-01-01,0,0
41073,"Pedroso, El",2026-01-01,0,0
16154,"Pedroñeras, Las",2026-01-01,11,1.6845329249617151
23067,Pegalajar,2026-01-01,3,1.0593220338983051
03102,Pego,2026-01-01,23,2.119424990785109
05184,Peguerinos,2026-01-01,2,7.042253521126761
37240,Pelabravo,2026-01-01,2,1.402524544179523
37242,Pelayos,2026-01-01,1,13.888888888888888
28109,Pelayos de la Presa,2026-01-01,4,1.2531328320802004
49147,Peleagonzalo,2026-01-01,0,0
49148,Peleas de Abajo,2026-01-01,1,4.048582995951417
18153,Peligros,2026-01-01,73,6.236651003844511
39048,Penagos,2026-01-01,1,0.4426737494466578
25164,Penelles,2026-01-01,0,0
03103,Penàguila,2026-01-01,0,0
45132,Pepino,2026-01-01,9,2.630809704764689
17130,"Pera, La",2026-01-01,1,2.2271714922048997
08160,Perafita,2026-01-01,1,2.3094688221709005
43103,Perafort,2026-01-01,5,3.695491500369549
09262,Peral de Arlanza,2026-01-01,0,0
16155,"Peral, El",2026-01-01,3,4.431314623338257
17132,Peralada,2026-01-01,9,4.312410158121706
10140,Peraleda de la Mata,2026-01-01,0,0
06101,Peraleda del Zaucejo,2026-01-01,0,0
44181,Peralejos,2026-01-01,0,0
19216,Peralejos de las Truchas,2026-01-01,1,6.802721088435374
28110,Perales de Tajuña,2026-01-01,6,1.84218606079214
10142,Perales del Puerto,2026-01-01,0,0
22174,Peralta de Alcofea,2026-01-01,0,0
22176,Peraltilla,2026-01-01,1,4.716981132075471
25165,Peramola,2026-01-01,0,0
50206,Perdiguera,2026-01-01,3,5.3859964093357275
32058,"Pereiro de Aguiar, O",2026-01-01,2,0.2947244326554671
49152,Pereruela,2026-01-01,0,0
37250,Pereña de la Ribera,2026-01-01,0,0
29079,Periana,2026-01-01,3,0.8797653958944281
49153,Perilla de Castro,2026-01-01,0,0
22178,Pertusa,2026-01-01,0,0
39050,Pesaguero,2026-01-01,1,3.6363636363636362
10143,Pescueza,2026-01-01,1,6.7114093959731544
10144,"Pesga, La",2026-01-01,0,0
39051,Pesquera,2026-01-01,1,13.888888888888888
47116,Pesquera de Duero,2026-01-01,0,0
07041,Petra,2026-01-01,11,3.3690658499234303
03104,Petrer,2026-01-01,59,1.7335096224474806
18154,"Peza, La",2026-01-01,2,1.8066847335140017
28111,Pezuela de las Torres,2026-01-01,1,0.9970089730807576
47114,Peñafiel,2026-01-01,7,1.355800890954871
41074,Peñaflor,2026-01-01,2,0.5514199062586159
47115,Peñaflor de Hornija,2026-01-01,0,0
22172,Peñalba,2026-01-01,8,11.678832116788321
06100,Peñalsordo,2026-01-01,0,0
19215,Peñalver,2026-01-01,2,11.428571428571429
37245,Peñaparda,2026-01-01,0,0
37246,Peñaranda de Bracamonte,2026-01-01,7,1.1356262167423752
37247,Peñarandilla,2026-01-01,0,0
44179,Peñarroya de Tastavins,2026-01-01,0,0
14052,Peñarroya-Pueblonuevo,2026-01-01,8,0.7803355442840422
22173,"Peñas de Riglos, Las",2026-01-01,0,0
02060,Peñas de San Pedro,2026-01-01,1,0.6697923643670461
02059,Peñascosa,2026-01-01,0,0
49149,Peñausende,2026-01-01,0,0
46193,Picanya,2026-01-01,28,2.353138919236911
46194,Picassent,2026-01-01,45,1.94325689856199
16158,"Picazo, El",2026-01-01,1,1.4326647564469914
13063,Piedrabuena,2026-01-01,1,0.23153507756425099
05187,Piedralaves,2026-01-01,4,1.8148820326678765
31204,Piedramillera,2026-01-01,0,0
10145,Piedras Albas,2026-01-01,0,0
50207,Piedratajada,2026-01-01,1,10.309278350515465
08161,Piera,2026-01-01,24,1.3419816595839857
03902,Pilar de la Horadada,2026-01-01,44,1.8063138880906442
41075,Pilas,2026-01-01,18,1.2630692582976633
46195,Piles,2026-01-01,8,2.4984384759525295
43105,"Piles, Les",2026-01-01,1,4.385964912280701
50208,Pina de Ebro,2026-01-01,4,1.6116035455278002
12090,Pina de Montalgrao,2026-01-01,0,0
18910,"Pinar, El",2026-01-01,0,0
16159,Pinarejo,2026-01-01,0,0
08163,Pineda de Mar,2026-01-01,37,1.2304213361710619
09266,Pineda de la Sierra,2026-01-01,0,0
46196,Pinet,2026-01-01,0,0
09270,Pinilla Trasmonte,2026-01-01,1,6.451612903225806
49156,Pinilla de Toro,2026-01-01,0,0
09268,Pinilla de los Barruecos,2026-01-01,1,9.900990099009901
28112,Pinilla del Valle,2026-01-01,0,0
37253,"Pino de Tormes, El",2026-01-01,1,6.802721088435374
15066,"Pino, O",2026-01-01,0,0
10146,Pinofranqueado,2026-01-01,2,1.1204481792717087
18157,Pinos Genil,2026-01-01,3,1.8303843807199511
18158,Pinos Puente,2026-01-01,10,1.019160211985324
50209,Pinseque,2026-01-01,12,2.6103980857080704
28113,Pinto,2026-01-01,118,2.0851003675431157
10147,Piornal,2026-01-01,0,0
19220,Pioz,2026-01-01,6,1.099303774276292
43107,Pira,2026-01-01,1,1.953125
37254,Pitiegua,2026-01-01,0,0
31205,Pitillas,2026-01-01,2,3.8314176245210727
29080,Pizarra,2026-01-01,12,1.1557353366079168
34130,Piña de Campos,2026-01-01,1,5.376344086021506
47117,Piña de Esgueva,2026-01-01,1,3.1746031746031744
47119,Piñel de Arriba,2026-01-01,0,0
49158,"Piñero, El",2026-01-01,1,4.716981132075471
43108,"Pla de Santa Maria, El",2026-01-01,4,1.658374792703151
22182,Plan,2026-01-01,0,0
03106,Planes,2026-01-01,1,1.4184397163120568
17133,"Planes d'Hostoles, Les",2026-01-01,1,0.5724098454493417
17134,Planoles,2026-01-01,0,0
10148,Plasencia,2026-01-01,56,1.3922036595067622
10149,Plasenzuela,2026-01-01,0,0
48077,Plentzia,2026-01-01,9,2.0394289598912305
30032,Pliego,2026-01-01,8,1.9694731659281144
25168,"Poal, El",2026-01-01,0,0
46203,"Pobla Llarga, la",2026-01-01,8,1.7148981779206858
12094,"Pobla Tornesa, la",2026-01-01,4,2.9940119760479043
08165,"Pobla de Claramunt, La",2026-01-01,6,2.553191489361702
46199,"Pobla de Farnals, la",2026-01-01,14,1.4849384811200679
08166,"Pobla de Lillet, La",2026-01-01,2,1.8083182640144664
43109,"Pobla de Mafumet, La",2026-01-01,7,1.6718414139001672
25171,"Pobla de Segur, La",2026-01-01,4,1.2582573136206354
46202,"Pobla de Vallbona, la",2026-01-01,67,2.412067537891061
46200,"Pobla del Duc, la",2026-01-01,1,0.40966816878328555
49159,Pobladura del Valle,2026-01-01,5,18.656716417910445
13064,Poblete,2026-01-01,7,2.3294509151414307
03901,"Poblets, els",2026-01-01,4,1.444564824846515
44185,"Pobo, El",2026-01-01,0,0
43112,Poboleda,2026-01-01,0,0
32063,"Pobra de Trives, A",2026-01-01,1,0.5194805194805194
15067,"Pobra do Caramiñal, A",2026-01-01,3,0.32887524665643497
39054,Polanco,2026-01-01,6,0.9534403305259812
22184,Poleñino,2026-01-01,0,0
46197,Polinyà de Xúquer,2026-01-01,5,1.939487975174554
07042,Pollença,2026-01-01,38,2.1347115330599404
47121,Pollos,2026-01-01,0,0
03107,Polop,2026-01-01,11,1.8663047166610112
18162,Polopos,2026-01-01,0,0
24115,Ponferrada,2026-01-01,62,0.9823805298516922
43113,"Pont d'Armentera, El",2026-01-01,1,1.9723865877712032
25030,"Pont de Bar, El",2026-01-01,0,0
17135,Pont de Molins,2026-01-01,54,92.15017064846415
25173,"Pont de Suert, El",2026-01-01,4,1.6494845360824744
36042,Ponteareas,2026-01-01,0,0
15068,Ponteceso,2026-01-01,1,0.19011406844106463
15069,Pontedeume,2026-01-01,7,0.942380183091007
32064,Pontedeva,2026-01-01,2,4.357298474945535
36038,Pontevedra,2026-01-01,80,0.9599347244387382
43141,Pontils,2026-01-01,0,0
25172,Ponts,2026-01-01,12,4.547176960970065
23069,Porcuna,2026-01-01,5,0.8424599831508003
17137,Porqueres,2026-01-01,11,2.289758534554538
43114,Porrera,2026-01-01,1,2.457002457002457
07043,Porreres,2026-01-01,22,3.7472321580650654
17140,"Port de la Selva, El",2026-01-01,2,1.8957345971563981
17138,Portbou,2026-01-01,4,3.5335689045936394
12091,Portell de Morella,2026-01-01,0,0
25174,"Portella, La",2026-01-01,1,1.36986301369863
44187,"Portellada, La",2026-01-01,0,0
10151,Portezuelo,2026-01-01,3,15.151515151515152
47122,Portillo,2026-01-01,4,1.669449081803005
49162,Porto,2026-01-01,0,0
15071,Porto do Son,2026-01-01,5,0.5519372999227288
48078,Portugalete,2026-01-01,45,1.0030313837375178
13065,Porzuna,2026-01-01,1,0.2828854314002829
14053,Posadas,2026-01-01,10,1.3738150844896277
39055,Potes,2026-01-01,3,2.276176024279211
46198,Potries,2026-01-01,1,0.8756567425569177
37256,Poveda de las Cintas,2026-01-01,0,0
05189,Poyales del Hoyo,2026-01-01,0,0
09272,Poza de la Sal,2026-01-01,0,0
47123,Pozal de Gallinas,2026-01-01,1,1.7953321364452424
47124,Pozaldez,2026-01-01,1,1.9569471624266144
05190,Pozanco,2026-01-01,1,17.543859649122805
02901,Pozo Cañada,2026-01-01,4,1.4760147601476015
19224,Pozo de Almoguera,2026-01-01,10,90.09009009009009
19225,Pozo de Guadalajara,2026-01-01,4,2.287021154945683
02064,Pozo-Lorente,2026-01-01,1,2.5380710659898473
14054,Pozoblanco,2026-01-01,28,1.6550419671355951
02063,Pozohondo,2026-01-01,6,3.893575600259572
02065,Pozuelo,2026-01-01,0,0
28115,Pozuelo de Alarcón,2026-01-01,225,2.51469700695174
13066,Pozuelo de Calatrava,2026-01-01,6,1.4666340747983377
47125,Pozuelo de la Orden,2026-01-01,0,0
28116,Pozuelo del Rey,2026-01-01,3,2.2865853658536586
16169,"Pozuelo, El",2026-01-01,0,0
43115,Pradell de la Teixeta,2026-01-01,2,10.989010989010989
43116,Prades,2026-01-01,1,1.5527950310559004
50217,Pradilla de Ebro,2026-01-01,0,0
24118,Prado de la Guzpeña,2026-01-01,0,0
11026,Prado del Rey,2026-01-01,14,2.4398745207389334
09274,Pradoluengo,2026-01-01,2,1.8365472910927456
19227,Prados Redondos,2026-01-01,0,0
43117,Prat de Comte,2026-01-01,0,0
08169,"Prat de Llobregat, El",2026-01-01,130,1.9622345323089463
43118,Pratdip,2026-01-01,4,5.1020408163265305
08170,"Prats de Rei, Els",2026-01-01,4,7.2332730560578655
33051,Pravia,2026-01-01,9,1.1559208836372976
25177,Preixens,2026-01-01,1,2.506265664160401
09275,Presencio,2026-01-01,1,4.716981132075471
17139,"Preses, Les",2026-01-01,12,6.166495375128468
24119,Priaranza del Bierzo,2026-01-01,0,0
16170,Priego,2026-01-01,0,0
24120,Prioro,2026-01-01,0,0
33052,Proaza,2026-01-01,1,1.4492753623188406
16171,"Provencio, El",2026-01-01,3,1.2881064834693001
25179,Prullans,2026-01-01,0,0
41076,Pruna,2026-01-01,1,0.40469445568595713
34139,Prádanos de Ojeda,2026-01-01,0,0
06102,Puebla de Alcocer,2026-01-01,3,2.7522935779816518
45135,"Puebla de Almoradiel, La",2026-01-01,3,0.6063055780113178
37258,Puebla de Azaba,2026-01-01,0,0
22187,"Puebla de Castro, La",2026-01-01,0,0
41077,"Puebla de Cazalla, La",2026-01-01,13,1.19959398357479
13068,Puebla de Don Rodrigo,2026-01-01,1,0.8695652173913044
24121,Puebla de Lillo,2026-01-01,1,1.5625
06107,Puebla de Obando,2026-01-01,0,0
46201,Puebla de San Miguel,2026-01-01,13,245.28301886792454
49166,Puebla de Sanabria,2026-01-01,2,1.440922190201729
44192,"Puebla de Valverde, La",2026-01-01,0,0
37260,Puebla de Yeltes,2026-01-01,0,0
06103,Puebla de la Calzada,2026-01-01,12,2.065760027543467
28118,Puebla de la Sierra,2026-01-01,0,0
06105,Puebla del Maestre,2026-01-01,0,0
06106,Puebla del Prior,2026-01-01,1,2.1645021645021645
45137,"Pueblanueva, La",2026-01-01,1,0.4659832246039142
49167,Pueblica de Valverde,2026-01-01,0,0
06902,Pueblonuevo del Guadiana,2026-01-01,1,0.5120327700972862
14056,Puente Genil,2026-01-01,28,0.9340494379023918
39056,Puente Viesgo,2026-01-01,3,1.0384215991692627
22188,Puente de Montañana,2026-01-01,0,0
45138,"Puente del Arzobispo, El",2026-01-01,0,0
09277,Puentedura,2026-01-01,0,0
23072,"Puerta de Segura, La",2026-01-01,6,2.7039206849932405
05192,Puerto Castilla,2026-01-01,0,0
30033,Puerto Lumbreras,2026-01-01,27,1.480263157894737
11028,Puerto Real,2026-01-01,86,2.0248634394424565
11029,Puerto Serrano,2026-01-01,12,1.749271137026239
10153,Puerto de Santa Cruz,2026-01-01,1,3.7593984962406015
38028,Puerto de la Cruz,2026-01-01,55,1.741112412548672
13071,Puertollano,2026-01-01,48,1.0503512111862403
08175,Puig-reig,2026-01-01,6,1.3163668275559457
43119,Puigpelat,2026-01-01,1,0.8163265306122449
07045,Puigpunyent,2026-01-01,4,1.9166267369429804
25182,Puigverd de Lleida,2026-01-01,3,2.1186440677966103
08176,Pujalt,2026-01-01,0,0
45140,Pulgar,2026-01-01,2,1.215066828675577
18165,Pulianas,2026-01-01,26,4.583921015514809
38029,Puntagorda,2026-01-01,2,0.8539709649871904
38030,Puntallana,2026-01-01,3,1.0737294201861132
04076,Purchena,2026-01-01,3,1.913265306122449
50221,Purujosa,2026-01-01,0,0
18167,Purullena,2026-01-01,2,0.8347245409015025
46205,Puçol,2026-01-01,48,2.213511643993544
17142,Quart,2026-01-01,10,2.403268445085316
46102,Quart de Poblet,2026-01-01,81,3.0067931252088047
46101,Quart de les Valls,2026-01-01,0,0
46103,Quartell,2026-01-01,1,0.554016620498615
46104,Quatretonda,2026-01-01,7,3.191974464204286
03060,Quatretondeta,2026-01-01,0,0
26120,Quel,2026-01-01,4,1.893043066729768
09279,Quemada,2026-01-01,1,4.048582995951417
19230,Quer,2026-01-01,8,7.352941176470588
17043,Queralbs,2026-01-01,1,4.9504950495049505
45141,Quero,2026-01-01,2,1.9083969465648853
43120,Querol,2026-01-01,1,1.6286644951140066
46206,Quesa,2026-01-01,2,2.8612303290414878
23073,Quesada,2026-01-01,8,1.6329863237395388
22195,Quicena,2026-01-01,0,0
28119,Quijorna,2026-01-01,5,1.2456402590931739
42144,Quintana Redonda,2026-01-01,0,0
06109,Quintana de la Serena,2026-01-01,5,1.12943302462164
24123,Quintana del Castillo,2026-01-01,1,1.4285714285714286
24124,Quintana del Marco,2026-01-01,2,6.779661016949152
09281,Quintana del Pidio,2026-01-01,1,6.622516556291391
24125,Quintana y Congosto,2026-01-01,1,2.487562189054726
09280,Quintanabureba,2026-01-01,0,0
09287,Quintanaortuño,2026-01-01,0,0
45142,Quintanar de la Orden,2026-01-01,13,1.1483084533168448
09289,Quintanar de la Sierra,2026-01-01,1,0.6775067750677507
16175,Quintanar del Rey,2026-01-01,17,2.2245485475006546
09301,Quintanilla Vivar,2026-01-01,3,3.3185840707964602
34143,Quintanilla de Onsoña,2026-01-01,1,5.952380952380952
09295,Quintanilla del Coco,2026-01-01,0,0
49168,Quintanilla del Monte,2026-01-01,1,10.752688172043012
50222,Quinto,2026-01-01,1,0.5293806246691372
49171,Quiruelas de Vidriales,2026-01-01,0,0
45143,Quismondo,2026-01-01,1,0.5302226935312832
49172,Rabanales,2026-01-01,1,2.008032128514056
03109,Rafal,2026-01-01,12,2.488077959776073
46208,Rafelcofer,2026-01-01,1,0.7052186177715092
46209,Rafelguaraf,2026-01-01,8,3.33889816360601
32067,Rairiz de Veiga,2026-01-01,2,1.7346053772766694
08178,Rajadell,2026-01-01,369,617.056856187291
39057,Ramales de la Victoria,2026-01-01,2,0.6457862447529867
14057,"Rambla, La",2026-01-01,8,1.0746910263299303
26122,"Rasillo de Cameros, El",2026-01-01,1,6.5359477124183005
39058,Rasines,2026-01-01,1,1.0172939979654119
43121,Rasquera,2026-01-01,2,2.5380710659898473
05193,Rasueros,2026-01-01,0,0
41080,"Real de la Jara, El",2026-01-01,1,0.6600660066006601
38031,"Realejos, Los",2026-01-01,28,0.7337333927307985
42151,Rebollar,2026-01-01,2,55.55555555555555
10154,Rebollar,2026-01-01,2,9.852216748768473
45145,Recas,2026-01-01,8,1.5105740181268883
02066,"Recueja, La",2026-01-01,0,0
19232,"Recuenco, El",2026-01-01,0,0
28121,Redueña,2026-01-01,77,268.2926829268293
24127,Regueras de Arriba,2026-01-01,0,0
09309,Regumiel de la Sierra,2026-01-01,3,9.966777408637872
39059,Reinosa,2026-01-01,8,0.9358914365933553
34146,Reinoso de Cerrato,2026-01-01,0,0
03112,Relleu,2026-01-01,25,18.20830298616169
08179,Rellinars,2026-01-01,0,0
42153,Rello,2026-01-01,0,0
50223,Remolinos,2026-01-01,2,1.9588638589618022
40166,Remondo,2026-01-01,1,3.058103975535168
06111,Rena,2026-01-01,1,1.6474464579901154
43122,Renau,2026-01-01,1,6.0606060606060606
47133,Renedo de Esgueva,2026-01-01,5,1.2515644555694618
42154,Renieblas,2026-01-01,1,9.345794392523365
49174,Requejo,2026-01-01,0,0
46213,Requena,2026-01-01,32,1.520190023752969
37267,Retortillo,2026-01-01,0,0
43123,Reus,2026-01-01,236,2.1088186147921113
49175,Revellinos,2026-01-01,0,0
34152,Revenga de Campos,2026-01-01,0,0
34154,Revilla de Collazos,2026-01-01,0,0
09314,Revilla del Campo,2026-01-01,1,10.416666666666666
09312,"Revilla y Ahedo, La",2026-01-01,0,0
09315,Revillarruz,2026-01-01,0,0
25183,Rialp,2026-01-01,2,3.0721966205837172
15072,Rianxo,2026-01-01,7,0.6508600650860066
40170,Riaza,2026-01-01,4,1.8770530267480054
24130,Riaño,2026-01-01,1,2.100840336134454
43124,"Riba, La",2026-01-01,1,1.7421602787456445
43125,Riba-roja d'Ebre,2026-01-01,1,0.8873114463176576
46214,Riba-roja de Túria,2026-01-01,296,12.028119793571458
32069,Ribadavia,2026-01-01,3,0.6101281269066504
33056,Ribadesella,2026-01-01,5,0.8882572392965004
31208,Ribaforada,2026-01-01,2,0.541858574911948
26124,Ribafrecha,2026-01-01,1,0.929368029739777
28122,Ribatejada,2026-01-01,2,2.1621621621621623
15073,Ribeira,2026-01-01,12,0.4426410918480265
06113,Ribera del Fresno,2026-01-01,9,2.8544243577545196
34156,Riberos de la Cueza,2026-01-01,0,0
17145,Ribes de Freser,2026-01-01,4,2.175095160413268
12095,Ribesalbes,2026-01-01,3,2.512562814070352
50225,Ricla,2026-01-01,6,1.9386106623586428
30034,Ricote,2026-01-01,1,0.8312551953449709
24131,Riego de la Vega,2026-01-01,0,0
45147,Rielves,2026-01-01,2,2.190580503833516
44195,Rillo,2026-01-01,0,0
41081,"Rinconada, La",2026-01-01,27,0.6626254693597075
25186,Riner,2026-01-01,1,3.7037037037037037
05194,Riocabado,2026-01-01,0,0
44196,Riodeva,2026-01-01,1,8.849557522123893
29083,Riogordo,2026-01-01,85,30.01412429378531
04078,Rioja,2026-01-01,0,0
46215,Riola,2026-01-01,5,2.7487630566245187
10155,Riolobos,2026-01-01,0,0
42158,Rioseco de Soria,2026-01-01,0,0
24133,Rioseco de Tapia,2026-01-01,0,0
17147,Ripoll,2026-01-01,17,1.5723270440251573
08180,Ripollet,2026-01-01,77,1.9359867246624594
25913,Riu de Cerdanya,2026-01-01,1,10.416666666666666
17148,Riudarenes,2026-01-01,8,3.1695721077654517
17149,Riudaura,2026-01-01,1,1.9011406844106464
43127,Riudecanyes,2026-01-01,4,2.9006526468455403
17150,Riudellots de la Selva,2026-01-01,14,6.600660066006601
43129,Riudoms,2026-01-01,16,2.3098022231846396
17151,Riumors,2026-01-01,1,3.875968992248062
28123,Rivas-Vaciamadrid,2026-01-01,226,2.1890103929564235
09321,Roa,2026-01-01,1,0.4338394793926247
49178,Roales,2026-01-01,4,3.898635477582846
47134,Roales de Campos,2026-01-01,0,0
24134,"Robla, La",2026-01-01,5,1.392369813422445
37269,Robleda,2026-01-01,1,2.2123893805309733
19239,Robledillo de Mohernando,2026-01-01,0,0
28124,Robledillo de la Jara,2026-01-01,0,0
02068,Robledo,2026-01-01,1,2.5641025641025643
28125,Robledo de Chavela,2026-01-01,3874,794.8297086581863
13901,"Robledo, El",2026-01-01,3,2.7777777777777777
10159,Robledollano,2026-01-01,0,0
22197,Robres,2026-01-01,0,0
06115,"Roca de la Sierra, La",2026-01-01,1,0.687757909215956
46216,Rocafort,2026-01-01,16,2.0486555697823303
21061,Rociana del Condado,2026-01-01,14,1.7079419299743808
40173,Roda de Eresma,2026-01-01,0,0
08183,Roda de Ter,2026-01-01,21,3.0224525043177897
02069,"Roda, La",2026-01-01,33,2.0896656534954405
26127,Rodezno,2026-01-01,1,4.25531914893617
15074,Rois,2026-01-01,5,1.1481056257175661
03113,Rojales,2026-01-01,57,3.259377859103385
09323,Rojas,2026-01-01,0,0
03114,"Romana, la",2026-01-01,11,3.9768618944323935
10160,Romangordo,2026-01-01,0,0
50227,Romanos,2026-01-01,0,0
45149,"Romeral, El",2026-01-01,17,32.504780114722756
29084,Ronda,2026-01-01,40,1.1866619200189867
41083,"Ronquillo, El",2026-01-01,47,32.32462173314993
04079,Roquetas de Mar,2026-01-01,128,1.1630654042560924
43133,Roquetes,2026-01-01,11,1.2781780153381361
21062,Rosal de la Frontera,2026-01-01,0,0
10901,Rosalejo,2026-01-01,1,0.7686395080707148
17152,Roses,2026-01-01,53,2.6270136307311027
49181,Rosinos de la Requejada,2026-01-01,1,3.4246575342465753
12096,Rossell,2026-01-01,1,1.1013215859030838
11030,Rota,2026-01-01,95,3.2072923700202565
47137,Roturas,2026-01-01,0,0
43134,"Rourell, El",2026-01-01,1,2.5974025974025974
42160,"Royo, El",2026-01-01,0,0
44198,Royuela,2026-01-01,0,0
28127,"Rozas de Madrid, Las",2026-01-01,236,2.369977605720081
28128,Rozas de Puerto Real,2026-01-01,1329,2283.505154639175
09326,Rubena,2026-01-01,0,0
44201,Rubielos de Mora,2026-01-01,0,0
41084,"Rubio, El",2026-01-01,3,0.9101941747572816
18170,Rubite,2026-01-01,1,2.304147465437788
47139,Rueda,2026-01-01,3,2.643171806167401
39066,Ruente,2026-01-01,2,1.8535681186283597
46219,Rugat,2026-01-01,0,0
13902,Ruidera,2026-01-01,2,3.787878787878788
39068,Ruiloba,2026-01-01,0,0
23074,Rus,2026-01-01,2,0.5894488653109342
14058,Rute,2026-01-01,18,1.8337408312958434
08187,Sabadell,2026-01-01,463,2.0615435306270564
24137,Sabero,2026-01-01,1,0.9823182711198427
23075,Sabiote,2026-01-01,2,0.5337603416066187
19244,Sacecorbo,2026-01-01,0,0
13073,Saceruela,2026-01-01,2,3.8461538461538463
40174,Sacramenia,2026-01-01,0,0
15075,Sada,2026-01-01,15,0.858663918942126
31212,Sada,2026-01-01,15,109.48905109489051
16186,Saelices,2026-01-01,0,0
47140,Saelices de Mayorga,2026-01-01,1,8.547008547008549
37272,Saelices el Chico,2026-01-01,0,0
03115,Sagra,2026-01-01,2,4.514672686230248
37303,"Sahugo, El",2026-01-01,0,0
26128,Sajazarra,2026-01-01,0,0
37274,Salamanca,2026-01-01,142,0.9753886099338521
18171,Salar,2026-01-01,2,0.7751937984496124
29085,Salares,2026-01-01,0,0
33059,Salas,2026-01-01,3,0.629458665547629
22202,Salas Bajas,2026-01-01,1,5.434782608695652
09329,Salas de Bureba,2026-01-01,1,7.751937984496124
09330,Salas de los Infantes,2026-01-01,3,1.5197568389057752
36049,Salceda de Caselas,2026-01-01,1,0.10639429726566656
34157,Saldaña,2026-01-01,3,1.053370786516854
09332,Saldaña de Burgos,2026-01-01,1,4.854368932038835
08190,Saldes,2026-01-01,1,3.3222591362126246
46221,Salem,2026-01-01,0,0
17154,Sales de Llierca,2026-01-01,1,6.097560975609756
03116,Salinas,2026-01-01,3,1.646542261251372
08191,Sallent,2026-01-01,15,2.1297742439301435
05197,Salobral,2026-01-01,1,9.00900900900901
02070,Salobre,2026-01-01,1,2.2522522522522523
18173,Salobreña,2026-01-01,24,1.8881283927307055
10162,Salorino,2026-01-01,1,1.9047619047619047
43905,Salou,2026-01-01,51,1.644206589722097
17155,Salt,2026-01-01,60,1.7339537034361183
41085,Salteras,2026-01-01,11,1.9576437088449903
16189,Salvacañete,2026-01-01,1,3.3557046979865772
50232,Salvatierra de Esca,2026-01-01,0,0
37277,Salvatierra de Tormes,2026-01-01,1,15.151515151515152
12098,"Salzadella, la",2026-01-01,2,2.967359050445104
01052,Samaniego,2026-01-01,0,0
40176,Samboal,2026-01-01,0,0
49184,Samir de los Caños,2026-01-01,0,0
44205,Samper de Calanda,2026-01-01,1,1.364256480218281
44206,San Agustín,2026-01-01,0,0
24142,San Andrés del Rabanedo,2026-01-01,38,1.2668355780770768
46903,San Antonio de Benagéber,2026-01-01,34,3.0482338174645864
26129,San Asensio,2026-01-01,0,0
13074,San Carlos del Valle,2026-01-01,3,2.843601895734597
16190,San Clemente,2026-01-01,10,1.4858841010401187
42162,San Esteban de Gormaz,2026-01-01,1,0.3360215053763441
22205,San Esteban de Litera,2026-01-01,1,1.4947683109118086
37284,San Esteban de la Sierra,2026-01-01,1,2.9069767441860463
05207,San Esteban del Valle,2026-01-01,1,1.358695652173913
11031,San Fernando,2026-01-01,205,2.1927478874745963
28130,San Fernando de Henares,2026-01-01,110,2.8181282504547434
03118,San Fulgencio,2026-01-01,38,3.8360589541691907
30035,San Javier,2026-01-01,51,1.4016765150474095
41086,San Juan de Aznalfarache,2026-01-01,27,1.151140481773609
05210,San Juan de la Encinilla,2026-01-01,0,0
05211,San Juan de la Nava,2026-01-01,0,0
38034,San Juan de la Rambla,2026-01-01,9,1.7960486928756734
21064,San Juan del Puerto,2026-01-01,15,1.4991005396761943
24148,San Justo de la Vega,2026-01-01,12,6.798866855524079
13075,San Lorenzo de Calatrava,2026-01-01,1,5.319148936170213
38035,San Miguel de Abona,2026-01-01,25,1.0285103056732627
39070,San Miguel de Aguayo,2026-01-01,0,0
40183,San Miguel de Bernuy,2026-01-01,0,0
03120,San Miguel de Salinas,2026-01-01,29,3.938077131993482
05218,San Miguel de Serrezuela,2026-01-01,0,0
37287,San Miguel de Valero,2026-01-01,0,0
47145,San Miguel del Arroyo,2026-01-01,2,3.1201248049921997
47146,San Miguel del Pino,2026-01-01,1,2.710027100271003
37288,San Morales,2026-01-01,0,0
37289,San Muñoz,2026-01-01,1,5.050505050505051
45153,San Pablo de los Montes,2026-01-01,3,1.8050541516245489
02071,San Pedro,2026-01-01,3,2.5906735751295336
42165,San Pedro Manrique,2026-01-01,2,3.215434083601286
16193,San Pedro Palmiches,2026-01-01,1,18.51851851851852
37291,San Pedro de Rozados,2026-01-01,0,0
05220,San Pedro del Arroyo,2026-01-01,1,1.9455252918287937
30036,San Pedro del Pinatar,2026-01-01,51,1.7156697840274509
37290,San Pedro del Valle,2026-01-01,0,0
47149,San Pelayo,2026-01-01,0,0
11033,San Roque,2026-01-01,66,1.8925816534281537
15076,San Sadurniño,2026-01-01,1,0.36509675063891933
26139,San Torcuato,2026-01-01,0,0
49208,San Vicente de la Cabeza,2026-01-01,1,3.246753246753247
40179,Sanchonuño,2026-01-01,3,2.868068833652008
05205,Sanchorreja,2026-01-01,1,12.658227848101266
37282,Sanchotello,2026-01-01,1,4.739336492890995
03117,Sanet y Negrals,2026-01-01,0,0
31219,Sansol,2026-01-01,0,0
17157,Sant Andreu Salou,2026-01-01,1,6.134969325153374
08196,Sant Andreu de la Barca,2026-01-01,62,2.290442942110902
17183,Sant Aniol de Finestres,2026-01-01,1,2.6246719160104988
07046,Sant Antoni de Portmany,2026-01-01,56,1.9012052283143779
08198,Sant Antoni de Vilamajor,2026-01-01,15,2.231478726569473
08199,Sant Bartomeu del Grau,2026-01-01,4,4.296455424274973
08200,Sant Boi de Llobregat,2026-01-01,201,2.355919687752734
08202,Sant Celoni,2026-01-01,25,1.3216324804398392
17158,Sant Climent Sescebes,2026-01-01,1,1.447178002894356
08206,Sant Cugat Sesgarrigues,2026-01-01,2,1.9286403085824495
08205,Sant Cugat del Vallès,2026-01-01,243,2.4806296511805956
08208,Sant Esteve Sesrovires,2026-01-01,55,6.780078895463511
08212,Sant Feliu Sasserra,2026-01-01,0,0
17159,Sant Feliu de Buixalleu,2026-01-01,3,3.3975084937712343
08210,Sant Feliu de Codines,2026-01-01,12,1.7592728338953234
08211,Sant Feliu de Llobregat,2026-01-01,100,2.141877998629198
17161,Sant Feliu de Pallerols,2026-01-01,6,3.6188178528347406
17162,Sant Ferriol,2026-01-01,0,0
25192,Sant Guim de Freixenet,2026-01-01,4,3.2441200324412005
25197,Sant Guim de la Plana,2026-01-01,0,0
17164,Sant Hilari Sacalm,2026-01-01,19,3.129632679953879
08193,Sant Iscle de Vallalta,2026-01-01,5,3.373819163292848
43902,Sant Jaume d'Enveja,2026-01-01,6,1.5961691939345573
17165,Sant Jaume de Llierca,2026-01-01,2,2.3228803716608595
43137,Sant Jaume dels Domenys,2026-01-01,7,2.4831500532103585
07049,Sant Joan,2026-01-01,1,0.423728813559322
03119,Sant Joan d'Alacant,2026-01-01,80,2.9881966233378154
07050,Sant Joan de Labritja,2026-01-01,2,0.28636884306987404
17168,Sant Joan de Mollet,2026-01-01,2,3.7313432835820897
12902,Sant Joan de Moró,2026-01-01,7,1.8781862087469816
08218,Sant Joan de Vilatorrada,2026-01-01,16,1.4402736519938788
17185,Sant Joan les Fonts,2026-01-01,6,1.8993352326685662
17166,Sant Jordi Desvalls,2026-01-01,4,4.540295119182747
07048,Sant Josep de sa Talaia,2026-01-01,92,2.996547456191779
08221,Sant Just Desvern,2026-01-01,58,2.7559990496555002
08223,Sant Llorenç Savall,2026-01-01,2,0.7719027402547279
08222,Sant Llorenç d'Hortons,2026-01-01,7,2.670736360167875
25193,Sant Llorenç de Morunys,2026-01-01,2,2.0366598778004072
07052,Sant Lluís,2026-01-01,8,1.074258090506244
12100,Sant Mateu,2026-01-01,3,1.492537313432836
08229,Sant Mateu de Bages,2026-01-01,0,0
17174,Sant Miquel de Campmajor,2026-01-01,2,7.782101167315175
17176,Sant Mori,2026-01-01,0,0
17178,Sant Pere Pescador,2026-01-01,2,0.87527352297593
08189,Sant Pere Sallavinera,2026-01-01,0,0
08231,Sant Pere de Ribes,2026-01-01,58,1.7784319136540643
08234,Sant Pere de Vilamajor,2026-01-01,10,1.9727756954034328
08235,Sant Pol de Mar,2026-01-01,13,2.249913464866736
08239,Sant Quirze Safaja,2026-01-01,0,0
08237,Sant Quirze de Besora,2026-01-01,5,2.311604253351826
25194,Sant Ramon,2026-01-01,0,0
08262,Sant Vicenç de Castellet,2026-01-01,17,1.6720763253663813
08264,Sant Vicenç de Montalt,2026-01-01,21,3.0751208083174695
08263,Sant Vicenç dels Horts,2026-01-01,44,1.52990264255911
06120,Santa Amalia,2026-01-01,6,1.5444015444015444
10165,Santa Ana,2026-01-01,10,33.003300330033
45155,Santa Ana de Pusa,2026-01-01,1,2.881844380403458
09343,Santa Cecilia,2026-01-01,0,0
34167,Santa Cecilia del Alcor,2026-01-01,7,76.92307692307693
22208,Santa Cilia,2026-01-01,0,0
49197,Santa Clara de Avedillo,2026-01-01,1,6.5359477124183005
26134,Santa Coloma,2026-01-01,0,0
17180,Santa Coloma de Farners,2026-01-01,22,1.5473343648895765
08245,Santa Coloma de Gramenet,2026-01-01,145,1.176470588235294
43139,Santa Coloma de Queralt,2026-01-01,2,0.7062146892655368
15077,Santa Comba,2026-01-01,4,0.4238635159478648
17181,Santa Cristina d'Aro,2026-01-01,20,3.348961821835231
49201,Santa Croya de Tera,2026-01-01,0,0
39073,Santa Cruz de Bezana,2026-01-01,11,0.7921647702722167
04080,Santa Cruz de Marchena,2026-01-01,1,4.237288135593221
50237,Santa Cruz de Moncayo,2026-01-01,0,0
16194,Santa Cruz de Moya,2026-01-01,1,4.273504273504274
13077,Santa Cruz de Mudela,2026-01-01,10,2.5846471956577926
05222,Santa Cruz de Pinares,2026-01-01,1,5.88235294117647
38038,Santa Cruz de Tenerife,2026-01-01,362,1.7116001096937088
38037,Santa Cruz de la Palma,2026-01-01,24,1.52255281355072
09345,Santa Cruz de la Salceda,2026-01-01,0,0
10166,Santa Cruz de la Sierra,2026-01-01,0,0
45156,Santa Cruz de la Zarza,2026-01-01,9,2.1211407023332547
18174,Santa Cruz del Comercio,2026-01-01,0,0
23076,Santa Elena,2026-01-01,0,0
24154,Santa Elena de Jamuz,2026-01-01,1,0.9746588693957114
14061,Santa Eufemia,2026-01-01,0,0
47152,Santa Eufemia del Arroyo,2026-01-01,0,0
44209,Santa Eulalia,2026-01-01,4,3.9840637450199203
26136,Santa Eulalia Bajera,2026-01-01,0,0
33062,Santa Eulalia de Oscos,2026-01-01,0,0
09347,Santa Gadea del Cid,2026-01-01,2,10.989010989010989
07055,Santa Margalida,2026-01-01,6,0.42441819339322345
08257,Santa Maria de Miralles,2026-01-01,0,0
24159,Santa Marina del Rey,2026-01-01,7,4.0792540792540795
06121,Santa Marta,2026-01-01,10,2.3815194093831864
10168,Santa Marta de Magasca,2026-01-01,0,0
37294,Santa Marta de Tormes,2026-01-01,26,1.7392467723593552
45158,Santa Olalla,2026-01-01,5,1.3740038472107723
21069,Santa Olalla del Cala,2026-01-01,3,1.466992665036675
43140,Santa Oliva,2026-01-01,6,1.6168148746968471
17184,Santa Pau,2026-01-01,3,1.9011406844106464
03121,Santa Pola,2026-01-01,77,1.943364797334814
08261,Santa Susanna,2026-01-01,14,3.457643862682144
31220,Santacara,2026-01-01,1,1.152073732718894
14060,Santaella,2026-01-01,6,1.281777397991882
39075,Santander,2026-01-01,362,2.0676026090631816
24160,Santas Martas,2026-01-01,1,1.3106159895150722
50239,Santed,2026-01-01,0,0
23077,Santiago de Calatrava,2026-01-01,2,2.9542097488921715
15078,Santiago de Compostela,2026-01-01,117,1.160230856190873
38040,Santiago del Teide,2026-01-01,12,0.9481668773704172
39076,Santillana del Mar,2026-01-01,2,0.4738213693437574
41089,Santiponce,2026-01-01,12,1.384721901684745
15079,Santiso,2026-01-01,1,0.6993006993006993
23079,Santisteban del Puerto,2026-01-01,3,0.6741573033707865
39078,Santiurde de Toranzo,2026-01-01,1,0.5807200929152149
19250,Santiuste,2026-01-01,1,66.66666666666667
37299,Santiz,2026-01-01,1,4.444444444444445
09358,Santo Domingo de Silos,2026-01-01,1,3.9840637450199203
45901,Santo Domingo-Caudilla,2026-01-01,2,1.5313935681470139
30901,Santomera,2026-01-01,28,1.7079419299743808
28136,Santorcaz,2026-01-01,2,1.9704433497536944
06122,"Santos de Maimona, Los",2026-01-01,13,1.6047401555363534
28137,"Santos de la Humosa, Los",2026-01-01,5,1.7301038062283738
37300,"Santos, Los",2026-01-01,0,0
49207,Santovenia,2026-01-01,2,9.174311926605505
47155,Santovenia de Pisuerga,2026-01-01,14,2.9331657238633984
39079,Santoña,2026-01-01,8,0.7352265416781546
08192,Santpedor,2026-01-01,17,2.196666235947797
48082,Santurtzi,2026-01-01,49,1.0530840318074361
49210,Sanzoles,2026-01-01,0,0
09361,Sargentes de la Lora,2026-01-01,1,7.6923076923076925
22213,Sariñena,2026-01-01,3,0.7283321194464676
39081,Saro,2026-01-01,0,0
43142,Sarral,2026-01-01,3,1.8214936247723132
32078,Sarreaus,2026-01-01,0,0
27057,Sarria,2026-01-01,0,0
25201,Sarroca de Bellera,2026-01-01,0,0
25200,Sarroca de Lleida,2026-01-01,0,0
31223,Sartaguda,2026-01-01,0,0
45159,Sartajada,2026-01-01,1,8.620689655172413
10173,Saucedilla,2026-01-01,1,0.9940357852882703
41090,"Saucejo, El",2026-01-01,2,0.4767580452920143
37302,Saucelle,2026-01-01,1,4.132231404958678
40192,Sauquillo de Cabezas,2026-01-01,0,0
38041,"Sauzal, El",2026-01-01,13,1.389779773358991
03123,Sax,2026-01-01,18,1.7374517374517373
29086,Sayalonga,2026-01-01,5,3.058103975535168
47158,"Seca, La",2026-01-01,3,2.9469548133595285
22214,Secastilla,2026-01-01,0,0
43144,"Secuita, La",2026-01-01,5,2.7056277056277054
29087,Sedella,2026-01-01,0,0
46224,Segart,2026-01-01,1,5.46448087431694
12104,Segorbe,2026-01-01,12,1.2227430201752598
40194,Segovia,2026-01-01,67,1.2837954358198087
20070,Segura,2026-01-01,0,0
10174,Segura de Toro,2026-01-01,0,0
23081,Segura de la Sierra,2026-01-01,1,0.5858230814294083
45160,Segurilla,2026-01-01,3,2.0847810979847115
22215,Seira,2026-01-01,1,6.7114093959731544
39082,Selaya,2026-01-01,0,0
03124,Sella,2026-01-01,2,3.215434083601286
46225,Sellent,2026-01-01,0,0
07058,Selva,2026-01-01,11,2.550428935775562
17188,"Selva de Mar, La",2026-01-01,0,0
43145,"Selva del Camp, La",2026-01-01,16,2.7821248478525473
22217,Sena,2026-01-01,0,0
07047,Sencelles,2026-01-01,12,2.9433406916850626
03125,Senija,2026-01-01,1,1.445086705202312
08267,Sentmenat,2026-01-01,20,2.0990764063811924
46227,Senyera,2026-01-01,1,0.8968609865470852
34175,"Serna, La",2026-01-01,0,0
46228,Serra,2026-01-01,14,3.7234042553191493
47159,Serrada,2026-01-01,4,3.571428571428571
05232,"Serrada, La",2026-01-01,1,7.518796992481203
10175,Serradilla,2026-01-01,1,0.6839945280437756
37306,Serradilla del Arroyo,2026-01-01,0,0
05233,Serranillos,2026-01-01,0,0
28140,Serranillos del Valle,2026-01-01,11,2.3499252296517836
29904,Serrato,2026-01-01,0,0
22220,Sesa,2026-01-01,0,0
31224,Sesma,2026-01-01,4,3.182179793158314
48084,Sestao,2026-01-01,43,1.510202648122783
50243,Sestrica,2026-01-01,0,0
11034,Setenil de las Bodegas,2026-01-01,5,1.8960940462646947
25203,"Seu d'Urgell, La",2026-01-01,13,0.9997692840113821
08269,Seva,2026-01-01,8,2.095337873232059
41091,Sevilla,2026-01-01,1182,1.7162421556698426
28141,Sevilla la Nueva,2026-01-01,14,1.4252265092130714
45162,Sevilleja de la Jara,2026-01-01,1,1.574803149606299
25205,Sidamon,2026-01-01,3,3.963011889035667
37309,"Sierpe, La",2026-01-01,0,0
10177,Sierra de Fuentes,2026-01-01,2,0.9615384615384616
50244,Sierra de Luna,2026-01-01,2,7.49063670411985
29088,Sierra de Yeguas,2026-01-01,11,3.2173150043872476
04084,Sierro,2026-01-01,3,8.241758241758243
46229,Siete Aguas,2026-01-01,2,1.5037593984962407
37310,Sieteiglesias de Tormes,2026-01-01,1,5.235602094240838
19257,Sigüenza,2026-01-01,4,0.8166598611678236
23082,Siles,2026-01-01,1,0.48496605237633367
46230,Silla,2026-01-01,51,2.4897480960749854
38042,"Silos, Los",2026-01-01,5,1.0497585555322277
17193,Sils,2026-01-01,12,1.7331022530329288
47161,Simancas,2026-01-01,6,1.080691642651297
46231,Simat de la Valldigna,2026-01-01,4,1.199040767386091
46232,Sinarcas,2026-01-01,3,2.548853016142736
07060,Sineu,2026-01-01,11,2.416520210896309
44213,Singra,2026-01-01,0,0
06125,Siruela,2026-01-01,0,0
16198,Sisante,2026-01-01,3,1.8259281801582472
08270,Sitges,2026-01-01,58,1.774242887733252
50247,Sobradiel,2026-01-01,0,0
24165,Sobrado,2026-01-01,0,0
15080,Sobrado,2026-01-01,0,0
02072,Socovos,2026-01-01,0,0
26143,Sojuela,2026-01-01,2,2.8694404591104736
06126,Solana de los Barros,2026-01-01,5,1.9600156801254411
13080,Solana del Pino,2026-01-01,1,3.003003003003003
13079,"Solana, La",2026-01-01,31,2.037596950177468
19258,Solanillos del Extremo,2026-01-01,1,13.888888888888888
16199,Solera de Gabaldón,2026-01-01,1,30.303030303030305
43147,Solivella,2026-01-01,0,0
46233,Sollana,2026-01-01,11,2.1572857423024123
05238,Solosancho,2026-01-01,0,0
25207,Solsona,2026-01-01,18,1.8478595626732368
28143,Somosierra,2026-01-01,0,0
15081,"Somozas, As",2026-01-01,0,0
07062,Son Servera,2026-01-01,15,1.1920845585313518
48904,Sondika,2026-01-01,11,2.3519350010690614
12106,Soneja,2026-01-01,2,1.3063357282821686
45163,Sonseca,2026-01-01,13,1.1384534547683687
22223,Sopeira,2026-01-01,0,0
48086,Sopuerta,2026-01-01,3,1.0634526763559022
08272,Sora,2026-01-01,2,8.88888888888889
04086,Sorbas,2026-01-01,11,4.323899371069182
42173,Soria,2026-01-01,67,1.6365013067585061
25208,Soriguera,2026-01-01,1,2.2271714922048997
37312,Sorihuela,2026-01-01,2,7.8125
25209,Sort,2026-01-01,3,1.3117621337997378
26144,Sorzano,2026-01-01,1,4.25531914893617
25210,Soses,2026-01-01,2,1.0615711252653928
46234,Sot de Chera,2026-01-01,0,0
12107,Sot de Ferrer,2026-01-01,0,0
05239,Sotalbo,2026-01-01,0,0
40198,Sotillo,2026-01-01,0,0
05240,Sotillo de la Adrada,2026-01-01,10,1.9817677368212443
09369,Sotillo de la Ribera,2026-01-01,0,0
45164,Sotillo de las Palomas,2026-01-01,0,0
42174,Sotillo del Rincón,2026-01-01,1,5.780346820809248
19260,"Sotillo, El",2026-01-01,0,0
24166,Soto de la Vega,2026-01-01,0,0
33069,Soto del Barco,2026-01-01,3,0.7861635220125787
28144,Soto del Real,2026-01-01,12,1.2686330478908976
40199,Sotosalbos,2026-01-01,0,0
37313,Sotoserrano,2026-01-01,3,5.9880239520958085
09372,Sotragero,2026-01-01,0,0
09373,Sotresgudo,2026-01-01,1,2.4154589371980677
36053,Soutomaior,2026-01-01,1,0.1321353065539112
39085,Suances,2026-01-01,10,1.1065619121389842
08273,Subirats,2026-01-01,9,2.7380590203833286
25211,Sudanell,2026-01-01,4,4.3478260869565215
46235,Sueca,2026-01-01,48,1.6246953696181965
48076,Sukarrieta,2026-01-01,0,0
31226,Sunbilla,2026-01-01,5,7.299270072992701
25212,Sunyer,2026-01-01,0,0
17194,Susqueda,2026-01-01,1,9.70873786407767
34178,Tabanera de Cerrato,2026-01-01,0,0
04088,Tabernas,2026-01-01,10,2.485089463220676
04089,Taberno,2026-01-01,1,1.0493179433368311
38043,Tacoronte,2026-01-01,30,1.2148700089090467
31227,Tafalla,2026-01-01,16,1.472347474003865
08276,Tagamanent,2026-01-01,0,0
04090,Tahal,2026-01-01,2,5.602240896358543
08277,Talamanca,2026-01-01,1,4.784688995215311
25215,Talarn,2026-01-01,2,3.5778175313059033
06127,Talarrubias,2026-01-01,4,1.2307692307692308
25216,Talavera,2026-01-01,0,0
45165,Talavera de la Reina,2026-01-01,101,1.1964981697131958
06128,Talavera la Real,2026-01-01,17,3.1004924311508297
10180,Talayuela,2026-01-01,15,2.0202020202020203
16202,Talayuelas,2026-01-01,2,2.2988505747126435
12109,Tales,2026-01-01,4,4.784688995215311
37316,Tamames,2026-01-01,1,1.2755102040816326
22225,Tamarite de Litera,2026-01-01,8,2.3141452126120914
38044,"Tanque, El",2026-01-01,3,1.0695187165775402
33070,Tapia de Casariego,2026-01-01,3,0.8486562942008486
49216,Tapioles,2026-01-01,0,0
08278,Taradell,2026-01-01,14,2.047382275519158
33071,Taramundi,2026-01-01,0,0
50251,Tarazona,2026-01-01,15,1.3796909492273732
02073,Tarazona de la Mancha,2026-01-01,7,1.1408083441981747
09377,Tardajos,2026-01-01,3,3.468208092485549
22226,Tardienta,2026-01-01,0,0
34181,Tariego de Cerrato,2026-01-01,0,0
11035,Tarifa,2026-01-01,35,1.8789928598271326
43148,Tarragona,2026-01-01,274,1.9126064498115314
25219,Tarroja de Segarra,2026-01-01,0,0
19265,Tartanedo,2026-01-01,0,0
50252,Tauste,2026-01-01,14,2.055196711685261
46237,Tavernes Blanques,2026-01-01,15,1.5323322096230463
46238,Tavernes de la Valldigna,2026-01-01,36,2.007472257848659
38045,Tazacorte,2026-01-01,5,1.1047282368537341
29089,Teba,2026-01-01,5,1.3564839934888768
38046,Tegueste,2026-01-01,10,0.8685833405715279
42183,Tejado,2026-01-01,1,9.900990099009901
35025,Tejeda,2026-01-01,0,0
35026,Telde,2026-01-01,131,1.248415655704116
45166,Tembleque,2026-01-01,3,1.4822134387351777
19266,Tendilla,2026-01-01,2,5.4945054945054945
15082,Teo,2026-01-01,5,0.26263262947788635
12110,Teresa,2026-01-01,0,0
46239,Teresa de Cofrentes,2026-01-01,0,0
17196,Terrades,2026-01-01,3,8.902077151335313
37322,Terradillos,2026-01-01,1,0.3014772384684956
09380,Terradillos de Esgueva,2026-01-01,0,0
08279,Terrassa,2026-01-01,457,1.9641045917928794
46240,Terrateig,2026-01-01,0,0
13081,Terrinches,2026-01-01,1,1.7271157167530224
44216,Teruel,2026-01-01,69,1.8893239506037622
03128,Teulada,2026-01-01,31,2.3971543458088465
08282,Tiana,2026-01-01,19,2.0294808801538133
03129,Tibi,2026-01-01,4,2.1845985800109227
47163,Tiedra,2026-01-01,1,3.663003663003663
28146,Tielmes,2026-01-01,19,6.462585034013605
05241,"Tiemblo, El",2026-01-01,11,2.387152777777778
22228,Tierz,2026-01-01,2,2.430133657351154
19268,Tierzo,2026-01-01,0,0
38047,Tijarafe,2026-01-01,1,0.36791758646063283
35029,Tinajo,2026-01-01,11,1.593279258400927
33073,Tineo,2026-01-01,9,1.0338885697874785
26148,Tirgo,2026-01-01,1,5.9880239520958085
46241,Titaguas,2026-01-01,2,3.8535645472061657
28147,Titulcia,2026-01-01,1,0.7153075822603719
25222,Tiurana,2026-01-01,0,0
43149,Tivenys,2026-01-01,3,3.1512605042016806
43150,Tivissa,2026-01-01,2,1.2070006035003018
05242,Tiñosillos,2026-01-01,1,1.364256480218281
09382,Tobar,2026-01-01,1,37.03703703703704
02074,Tobarra,2026-01-01,13,1.6245938515371157
50255,Tobed,2026-01-01,0,0
45167,"Toboso, El",2026-01-01,2,1.1587485515643106
41092,Tocina,2026-01-01,6,0.6342494714587738
39086,"Tojos, Los",2026-01-01,0,0
45168,Toledo,2026-01-01,139,1.596343340147461
20071,Tolosa,2026-01-01,17,0.8448884250285771
29090,Tolox,2026-01-01,3,1.2087026591458503
22229,Tolva,2026-01-01,0,0
41093,Tomares,2026-01-01,46,1.7984908316065216
13082,Tomelloso,2026-01-01,67,1.8018018018018018
08283,Tona,2026-01-01,18,2.114413250323035
37323,Topas,2026-01-01,1,1.9305019305019306
15083,Toques,2026-01-01,3,2.827521206409048
24168,Toral de los Guzmanes,2026-01-01,0,0
24206,Toral de los Vados,2026-01-01,1,0.5717552887364208
47164,Tordehumos,2026-01-01,0,0
08284,Tordera,2026-01-01,27,1.417546070247283
47165,Tordesillas,2026-01-01,6,0.6817407112828088
19272,Tordesilos,2026-01-01,1,12.048192771084338
37324,Tordillos,2026-01-01,0,0
15084,Tordoia,2026-01-01,3,0.9514747859181732
24169,Toreno,2026-01-01,6,2.1082220660576247
19274,Torija,2026-01-01,6,3.2137118371719335
10182,Toril,2026-01-01,0,0
03131,Tormos,2026-01-01,0,0
25225,Tornabous,2026-01-01,0,0
10183,Tornavacas,2026-01-01,1,0.9930486593843098
10184,"Torno, El",2026-01-01,7,8.706467661691542
44219,Tornos,2026-01-01,1,5.747126436781609
49219,Toro,2026-01-01,3,0.35932446999640677
12115,"Toro, El",2026-01-01,6,23.346303501945524
34182,Torquemada,2026-01-01,1,1.0341261633919339
13083,Torralba de Calatrava,2026-01-01,7,2.268308489954634
50257,Torralba de Ribota,2026-01-01,0,0
44220,Torralba de los Sisones,2026-01-01,0,0
12116,Torralba del Pinar,2026-01-01,0,0
44223,Torre de Arcas,2026-01-01,1,13.157894736842104
25227,"Torre de Cabdella, La",2026-01-01,1,1.3157894736842104
08286,"Torre de Claramunt, La",2026-01-01,8,1.9258545979778525
10187,Torre de Don Miguel,2026-01-01,0,0
47169,Torre de Esgueva,2026-01-01,1,16.129032258064516
43151,"Torre de Fontaubella, La",2026-01-01,1,8.333333333333334
13084,Torre de Juan Abad,2026-01-01,0,0
06131,Torre de Miguel Sesmero,2026-01-01,2,1.6220600162206003
43152,"Torre de l'Espanyol, La",2026-01-01,1,1.557632398753894
24170,Torre del Bierzo,2026-01-01,0,0
44225,Torre del Compte,2026-01-01,1,8.474576271186441
49220,"Torre del Valle, La",2026-01-01,0,0
44227,Torre los Negros,2026-01-01,0,0
05247,"Torre, La",2026-01-01,1,4.694835680751174
25233,Torre-serona,2026-01-01,1,2.3866348448687353
25226,Torrebesses,2026-01-01,65,232.14285714285714
12117,Torreblanca,2026-01-01,9,1.563314226159458
23085,Torreblascopedro,2026-01-01,1,0.4192872117400419
40203,Torrecaballeros,2026-01-01,2,1.3360053440213762
14062,Torrecampo,2026-01-01,1,1.0090817356205852
44221,Torrecilla de Alcañiz,2026-01-01,2,4.545454545454545
45170,Torrecilla de la Jara,2026-01-01,0,0
47167,Torrecilla de la Orden,2026-01-01,1,4.405286343612335
09386,Torrecilla del Monte,2026-01-01,0,0
40204,Torrecilla del Pinar,2026-01-01,0,0
26151,Torrecilla en Cameros,2026-01-01,1,2.1231422505307855
19277,Torrecuadrada de Molina,2026-01-01,0,0
23086,Torredelcampo,2026-01-01,0,0
43153,Torredembarra,2026-01-01,34,1.8691588785046729
23087,Torredonjimeno,2026-01-01,20,1.5132026935007945
25228,Torrefarrera,2026-01-01,17,3.4343434343434343
09387,Torregalindo,2026-01-01,0,0
49221,Torregamones,2026-01-01,1,4.405286343612335
25230,Torregrossa,2026-01-01,5,2.1881838074398248
10189,Torrejoncillo,2026-01-01,0,0
16211,Torrejoncillo del Rey,2026-01-01,0,0
28151,Torrelaguna,2026-01-01,292,57.52561071710008
25231,Torrelameu,2026-01-01,3,3.676470588235294
39087,Torrelavega,2026-01-01,57,1.10319733684292
08287,Torrelavit,2026-01-01,4,2.5396825396825395
46243,Torrella,2026-01-01,1,6.622516556291391
50261,Torrellas,2026-01-01,0,0
08288,Torrelles de Foix,2026-01-01,3,1.0905125408942202
08289,Torrelles de Llobregat,2026-01-01,20,3.2456994482310937
28152,Torrelodones,2026-01-01,42,1.658505765281946
06132,Torremayor,2026-01-01,1,1.0050251256281408
10191,Torremenga,2026-01-01,0,0
19282,Torremocha del Campo,2026-01-01,0,0
29901,Torremolinos,2026-01-01,159,2.2309527150273607
17197,Torrent,2026-01-01,195,1077.3480662983425
46244,Torrent,2026-01-01,195,2.1345768611868245
22234,Torrente de Cinca,2026-01-01,3,2.785515320334262
13085,Torrenueva,2026-01-01,3,1.1376564277588168
18916,Torrenueva Costa,2026-01-01,6,1.886199308393587
10193,Torreorgaz,2026-01-01,0,0
23088,Torreperogil,2026-01-01,9,1.2635125649305068
23090,Torres,2026-01-01,2,1.4958863126402393
22235,Torres de Alcanadre,2026-01-01,0,0
30038,"Torres de Cotillas, Las",2026-01-01,41,1.7971421057245551
25232,Torres de Segre,2026-01-01,9,3.9215686274509802
28154,Torres de la Alameda,2026-01-01,13,1.660493038702261
49222,Torres del Carrizal,2026-01-01,1,2.4096385542168677
09390,Torresandino,2026-01-01,1,1.7730496453900708
37327,Torresmenudas,2026-01-01,1,5.208333333333333
03133,Torrevieja,2026-01-01,304,3.0257788394545635
45172,Torrico,2026-01-01,2,2.8735632183908044
45173,Torrijos,2026-01-01,14,0.978131768322504
29091,Torrox,2026-01-01,24,1.1011699931176877
42187,Torrubia de Soria,2026-01-01,1,19.230769230769234
43155,Tortosa,2026-01-01,64,1.7651276959567543
19287,Tortuera,2026-01-01,1,6.369426751592357
09392,Tosantos,2026-01-01,0,0
17202,Tossa de Mar,2026-01-01,12,1.9068806610519624
30039,Totana,2026-01-01,63,1.8441543235173585
15085,Touro,2026-01-01,12,3.5938903863432166
46246,Tous,2026-01-01,4,2.952029520295203
37328,Trabanca,2026-01-01,1,6.289308176100629
49223,Trabazos,2026-01-01,0,0
16215,Tragacete,2026-01-01,1,3.8167938931297707
12121,Traiguera,2026-01-01,1,0.7524454477050414
22239,Tramaced,2026-01-01,0,0
06134,Trasierra,2026-01-01,1,1.697792869269949
47173,Traspinedo,2026-01-01,1,0.7627765064836003
15086,Trazo,2026-01-01,0,0
11037,Trebujena,2026-01-01,9,1.2840633471251248
25234,Tremp,2026-01-01,4,0.649772579597141
28903,Tres Cantos,2026-01-01,107,1.963086632664294
40207,Trescasas,2026-01-01,2,1.7746228926353151
16216,Tresjuncos,2026-01-01,0,0
09394,Trespaderne,2026-01-01,1,1.3850415512465375
26155,Treviana,2026-01-01,0,0
26157,Tricio,2026-01-01,0,0
21070,Trigueros,2026-01-01,15,1.8303843807199511
47174,Trigueros del Valle,2026-01-01,0,0
19290,Trijueque,2026-01-01,0,0
19291,Trillo,2026-01-01,0,0
24172,Truchas,2026-01-01,1,2.710027100271003
06135,Trujillanos,2026-01-01,6,4.2583392476933994
10195,Trujillo,2026-01-01,10,1.1547344110854503
31232,Tudela,2026-01-01,72,1.8569623191396074
47175,Tudela de Duero,2026-01-01,11,1.2313892309414531
36055,Tui,2026-01-01,1,0.05714612263557917
35030,Tuineje,2026-01-01,6,0.35402407363700733
24173,Turcia,2026-01-01,2,2.0491803278688527
45175,Turleque,2026-01-01,3,4.285714285714286
04093,Turre,2026-01-01,9,2.008032128514056
04094,Turrillas,2026-01-01,0,0
48088,Ubide,2026-01-01,0,0
11038,Ubrique,2026-01-01,18,1.082771896053898
31234,Ucar,2026-01-01,0,0
19293,Uceda,2026-01-01,2,0.5875440658049353
48065,Ugao-Miraballes,2026-01-01,3,0.7125890736342043
45176,Ugena,2026-01-01,6,0.9946949602122016
30040,Ulea,2026-01-01,7,7.592190889370932
04095,Uleila del Campo,2026-01-01,1,1.2254901960784315
08290,Ullastrell,2026-01-01,7,3.225806451612903
17205,Ullastret,2026-01-01,0,0
43156,Ulldecona,2026-01-01,4,0.587026709715292
17203,Ultramort,2026-01-01,0,0
41094,Umbrete,2026-01-01,16,1.6874077198903186
50267,Uncastillo,2026-01-01,0,0
45177,Urda,2026-01-01,1,0.4079967360261118
31240,Urdiain,2026-01-01,0,0
48089,Urduliz,2026-01-01,13,2.122795558458524
01054,Urkabustaiz,2026-01-01,0,0
20072,Urnieta,2026-01-01,25,3.9500711012798235
47177,Urones de Castroponce,2026-01-01,1,10.638297872340425
20077,Urretxu,2026-01-01,5,0.7427213309566251
31244,Urroz,2026-01-01,2,11.428571428571429
47178,Urueña,2026-01-01,0,0
40210,Urueñas,2026-01-01,0,0
26160,Uruñuela,2026-01-01,0,0
06136,Usagre,2026-01-01,1,0.5889281507656066
50271,Used,2026-01-01,0,0
20073,Usurbil,2026-01-01,10,1.5436863229391786
50272,Utebo,2026-01-01,28,1.4632871701071335
46249,Utiel,2026-01-01,14,1.2028524787352866
41095,Utrera,2026-01-01,94,1.790851416487264
44238,Utrillas,2026-01-01,7,2.277904328018223
49225,Uña de Quintana,2026-01-01,0,0
08291,Vacarisses,2026-01-01,16,2.0752269779507135
49226,Vadillo de la Guareña,2026-01-01,1,4.166666666666667
09400,Vadocondes,2026-01-01,1,2.717391304347826
24185,Val de San Lorenzo,2026-01-01,0,0
15088,Val do Dubra,2026-01-01,3,0.8141112618724559
44240,Valbona,2026-01-01,1,5.347593582887701
47179,Valbuena de Duero,2026-01-01,1,2.577319587628866
49227,Valcabado,2026-01-01,10,24.096385542168676
28155,Valdaracete,2026-01-01,0,0
10196,Valdastillas,2026-01-01,1,2.985074626865672
44241,Valdealgorfa,2026-01-01,0,0
19298,Valdearenas,2026-01-01,0,0
19299,Valdeavellano,2026-01-01,0,0
42191,Valdeavellano de Tera,2026-01-01,1,4.504504504504505
28156,Valdeavero,2026-01-01,1,0.5285412262156448
19300,Valdeaveruelo,2026-01-01,2,1.524390243902439
37330,Valdecarros,2026-01-01,2,6.756756756756757
24175,Valdefresno,2026-01-01,0,0
10198,Valdefuentes,2026-01-01,2,1.8535681186283597
02075,Valdeganga,2026-01-01,2,1.0075566750629723
06901,Valdelacalzada,2026-01-01,3,1.0924981791697013
10200,Valdelacasa de Tajo,2026-01-01,0,0
28157,Valdelaguna,2026-01-01,3,2.6785714285714284
21071,Valdelarco,2026-01-01,1,4.149377593360996
44244,Valdelinares,2026-01-01,0,0
37335,Valdelosa,2026-01-01,1,2.5839793281653747
44245,Valdeltormo,2026-01-01,0,0
24177,Valdelugueros,2026-01-01,0,0
42194,Valdemaluque,2026-01-01,0,0
28158,Valdemanco,2026-01-01,7,6.255585344057194
13086,Valdemanco del Esteras,2026-01-01,1,6.369426751592357
28159,Valdemaqueda,2026-01-01,1,1.1481056257175661
37336,Valdemierque,2026-01-01,0,0
28160,Valdemorillo,2026-01-01,24,1.6672455713789511
28161,Valdemoro,2026-01-01,141,1.6380492111805571
10202,Valdeobispo,2026-01-01,0,0
13087,Valdepeñas,2026-01-01,36,1.1727148348426608
24180,Valdepolo,2026-01-01,0,0
40211,Valdeprados,2026-01-01,1,15.873015873015872
24181,Valderas,2026-01-01,0,0
44246,Valderrobres,2026-01-01,6,2.364998029168309
42197,Valderrodilla,2026-01-01,0,0
37337,Valderrodrigo,2026-01-01,0,0
18914,Valderrubio,2026-01-01,3,1.4499758337361044
24183,Valderrueda,2026-01-01,0,0
47182,Valdestillas,2026-01-01,1,0.6079027355623101
06138,Valdetorres,2026-01-01,1,0.9049773755656109
28164,Valdetorres de Jarama,2026-01-01,11,2.1117296985985794
40212,Valdevacas de Montejo,2026-01-01,0,0
40213,Valdevacas y Guijar,2026-01-01,1,11.904761904761903
45179,Valdeverdeja,2026-01-01,0,0
24187,Valdevimbre,2026-01-01,1,1.1123470522803114
09405,Valdezate,2026-01-01,0,0
28165,Valdilecha,2026-01-01,6,1.8110473890733474
09406,Valdorros,2026-01-01,0,0
15087,Valdoviño,2026-01-01,3,0.440852314474651
37338,Valdunciel,2026-01-01,0,0
46250,Valencia,2026-01-01,1545,1.835880592900311
24188,Valencia de Don Juan,2026-01-01,9,1.7513134851138354
06140,Valencia del Mombuey,2026-01-01,3,4.261363636363636
06141,Valencia del Ventoso,2026-01-01,0,0
14063,Valenzuela,2026-01-01,5,4.844961240310077
13088,Valenzuela de Calatrava,2026-01-01,0,0
44247,Valjunquera,2026-01-01,0,0
12124,Vall d'Alba,2026-01-01,1,0.3122073056509522
03134,"Vall d'Alcalà, la",2026-01-01,1,6.289308176100629
12126,"Vall d'Uixó, la",2026-01-01,57,1.7690875232774674
12125,Vall de Almonacid,2026-01-01,0,0
17208,"Vall de Bianya, La",2026-01-01,0,0
03137,"Vall de Laguar, la",2026-01-01,2,2.1881838074398248
17209,Vall-llobrega,2026-01-01,1,1.1086474501108647
46251,Vallada,2026-01-01,2,0.6418485237483953
47186,Valladolid,2026-01-01,441,1.461242287887925
09408,Vallarta de Bureba,2026-01-01,0,0
08292,Vallbona d'Anoia,2026-01-01,2,1.4084507042253522
08293,Vallcebre,2026-01-01,0,0
07063,Valldemossa,2026-01-01,7,3.4079844206426486
38049,Valle Gran Rey,2026-01-01,7,1.45681581685744
06147,Valle de Matamoros,2026-01-01,0,0
06148,Valle de Santa Ana,2026-01-01,0,0
39101,Valle de Villaverde,2026-01-01,1,4.016064257028112
06146,Valle de la Serena,2026-01-01,0,0
38050,Vallehermoso,2026-01-01,3,1.0172939979654119
09417,Vallejera,2026-01-01,1,26.31578947368421
40219,Vallelado,2026-01-01,1,1.3422818791946307
35032,Valleseco,2026-01-01,2,0.5278437582475588
25240,Vallfogona de Balaguer,2026-01-01,6,2.9880478087649402
08294,Vallgorguina,2026-01-01,7,2.1387106630003054
12127,Vallibona,2026-01-01,0,0
08295,Vallirana,2026-01-01,42,2.5863661555514503
43160,Vallmoll,2026-01-01,6,3.0045067601402105
08296,Vallromanes,2026-01-01,12,4.313443565780014
43161,Valls,2026-01-01,68,2.662490211433046
50275,Valmadrid,2026-01-01,0,0
45180,Valmojado,2026-01-01,10,2.021427127552052
47184,Valoria la Buena,2026-01-01,1,1.3422818791946307
50276,Valpalmas,2026-01-01,1,8.130081300813009
37340,Valsalabroso,2026-01-01,0,0
40214,Valseca,2026-01-01,1,4.807692307692308
14064,Valsequillo,2026-01-01,0,0
42198,Valtajeros,2026-01-01,1,62.5
40215,Valtiendas,2026-01-01,1,13.333333333333334
31249,Valtierra,2026-01-01,4,1.6025641025641024
50277,Valtorres,2026-01-01,0,0
38048,Valverde,2026-01-01,0,0
47185,Valverde de Campos,2026-01-01,1,10.989010989010989
06144,Valverde de Llerena,2026-01-01,1,1.7953321364452424
10204,Valverde de la Vera,2026-01-01,0,0
24189,Valverde de la Virgen,2026-01-01,7,0.8812791136850057
21072,Valverde del Camino,2026-01-01,22,1.726980139728393
10205,Valverde del Fresno,2026-01-01,0,0
40216,Valverde del Majano,2026-01-01,9,8.174386920980925
16238,Vara de Rey,2026-01-01,2,4.282655246252677
08297,Veciana,2026-01-01,0,0
37344,Vecinos,2026-01-01,1,4.329004329004329
15089,Vedra,2026-01-01,1,0.20383204239706482
24196,Vega de Espinareda,2026-01-01,2,0.999000999000999
24197,Vega de Infanzones,2026-01-01,1,1.187648456057007
39097,Vega de Pas,2026-01-01,2,2.5806451612903225
35033,Vega de San Mateo,2026-01-01,6,0.7591093117408907
24198,Vega de Valcarce,2026-01-01,0,0
47188,Vega de Valdetronco,2026-01-01,1,11.363636363636363
49232,Vega de Villalobos,2026-01-01,1,11.363636363636363
16239,Vega del Codorno,2026-01-01,0,0
24194,Vegacervera,2026-01-01,0,0
33074,Vegadeo,2026-01-01,3,0.7618080243778568
40223,Vegas de Matute,2026-01-01,0,0
24201,Vegas del Condado,2026-01-01,1,0.8532423208191127
10902,Vegaviana,2026-01-01,2,2.3809523809523814
11039,Vejer de la Frontera,2026-01-01,22,1.6772127773118854
45181,Velada,2026-01-01,7,2.3890784982935154
05254,Velayos,2026-01-01,0,0
22245,Velilla de Cinca,2026-01-01,1,1.953125
50278,Velilla de Ebro,2026-01-01,0,0
28167,Velilla de San Antonio,2026-01-01,50,3.456141563558443
47191,Velliza,2026-01-01,0,0
37347,"Vellés, La",2026-01-01,1,1.763668430335097
43163,"Vendrell, El",2026-01-01,67,1.6264109722053648
49234,Venialbo,2026-01-01,0,0
34023,Venta de Baños,2026-01-01,12,1.8811725975858284
46254,Venta del Moro,2026-01-01,0,0
18185,Ventas de Huelma,2026-01-01,1,1.4970059880239521
45183,"Ventas de Retamosa, Las",2026-01-01,10,2.369106846718787
26163,Ventosa,2026-01-01,2,10.101010101010102
28169,Venturada,2026-01-01,2540,964.6790733004178
04100,Vera,2026-01-01,79,3.9122468182043284
50280,Vera de Moncayo,2026-01-01,12,37.73584905660377
03138,"Verger, el",2026-01-01,18,3.237410071942446
17211,Verges,2026-01-01,2,1.7241379310344827
34201,Vertavillo,2026-01-01,1,6.172839506172839
31251,Viana,2026-01-01,12,2.691186364655753
47193,Viana de Cega,2026-01-01,5,2.190100744634253
19314,Viana de Jadraque,2026-01-01,1,24.390243902439025
32086,Viana do Bolo,2026-01-01,3,1.1041589988958411
04101,Viator,2026-01-01,36,5.605730302086577
08298,Vic,2026-01-01,119,2.3608768971332212
27064,"Vicedo, O",2026-01-01,3,1.9280205655526992
38051,"Victoria de Acentejo, La",2026-01-01,10,1.0579771476936097
14065,"Victoria, La",2026-01-01,3,1.2914334911752046
34093,"Vid de Ojeda, La",2026-01-01,1,11.76470588235294
49237,Videmala,2026-01-01,0,0
17213,Vidreres,2026-01-01,19,2.1464075915047447
50281,Vierlas,2026-01-01,0,0
36057,Vigo,2026-01-01,512,1.731279692968367
26165,Viguera,2026-01-01,1,2.638522427440633
36059,Vila de Cruces,2026-01-01,2,0.4028197381671702
43170,Vila-rodona,2026-01-01,3,2.161383285302594
17230,Vila-sacra,2026-01-01,2,2.2753128555176336
25252,Vila-sana,2026-01-01,8,10.610079575596817
43171,Vila-seca,2026-01-01,53,2.1938902227005546
43165,Vilabella,2026-01-01,2,2.7359781121751023
17214,Vilabertran,2026-01-01,7,7.276507276507277
17215,Vilablareix,2026-01-01,12,2.9418975239029175
08299,Vilada,2026-01-01,0,0
17217,Viladamat,2026-01-01,2,4.008016032064128
17216,Viladasens,2026-01-01,1,4.878048780487805
08301,Viladecans,2026-01-01,143,2.117389244254916
08300,Viladecavalls,2026-01-01,18,2.3029682702149437
17218,Vilademuls,2026-01-01,0,0
17220,Viladrau,2026-01-01,3,2.5380710659898473
12128,Vilafamés,2026-01-01,3,1.5298317185109638
17221,Vilafant,2026-01-01,23,4.060734463276836
07065,Vilafranca de Bonany,2026-01-01,7,1.779359430604982
36060,Vilagarcía de Arousa,2026-01-01,34,0.8953258722843975
25244,Vilagrassa,2026-01-01,1,1.594896331738437
27065,Vilalba,2026-01-01,0,0
08306,Vilalba Sasserra,2026-01-01,0,0
43175,Vilalba dels Arcs,2026-01-01,0,0
25245,Vilaller,2026-01-01,0,0
17224,Vilallonga de Ter,2026-01-01,0,0
43166,Vilallonga del Camp,2026-01-01,7,2.8067361668003206
17225,Vilamacolum,2026-01-01,0,0
17226,Vilamalla,2026-01-01,17,14.143094841930116
17227,Vilamaniscle,2026-01-01,4,21.62162162162162
46256,Vilamarxant,2026-01-01,19,1.644736842105263
17228,Vilanant,2026-01-01,2,4.938271604938271
12132,Vilanova d'Alcolea,2026-01-01,1,1.663893510815308
43167,Vilanova d'Escornalbou,2026-01-01,0,0
36061,Vilanova de Arousa,2026-01-01,4,0.3928501276762915
25248,Vilanova de Bellpuig,2026-01-01,2,1.7406440382941688
08303,Vilanova de Sau,2026-01-01,0,0
25249,Vilanova de l'Aguda,2026-01-01,1,5.154639175257732
25254,Vilanova de la Barca,2026-01-01,47,40.51724137931034
43169,Vilaplana,2026-01-01,2,3.5842293906810037
32089,Vilar de Barrio,2026-01-01,0,0
12134,Vilar de Canes,2026-01-01,0,0
32090,Vilar de Santos,2026-01-01,2,2.544529262086514
32092,Vilariño de Conso,2026-01-01,0,0
15091,Vilarmaior,2026-01-01,0,0
15090,Vilasantar,2026-01-01,0,0
08214,Vilassar de Dalt,2026-01-01,27,2.8622919537792852
08219,Vilassar de Mar,2026-01-01,46,2.166337006687388
12136,"Vilavella, la",2026-01-01,5,1.6297262059973925
43172,Vilaverd,2026-01-01,1,2.0242914979757085
17222,Vilaür,2026-01-01,0,0
23094,Vilches,2026-01-01,6,1.4309563558311473
43173,"Vilella Alta, La",2026-01-01,1,7.6923076923076925
43174,"Vilella Baixa, La",2026-01-01,1,4.9504950495049505
28171,Villa del Prado,2026-01-01,9,1.162340178225494
10208,Villa del Rey,2026-01-01,0,0
21073,Villablanca,2026-01-01,2,0.6720430107526882
24202,Villablino,2026-01-01,13,1.7134572294714645
20075,Villabona,2026-01-01,9,1.526976586359009
49239,Villabuena del Puente,2026-01-01,0,0
39098,Villacarriedo,2026-01-01,3,1.799640071985603
23095,Villacarrillo,2026-01-01,14,1.3561949045820014
45185,Villacañas,2026-01-01,12,1.2590494176896443
34204,Villacidaler,2026-01-01,1,22.727272727272727
28170,Villaconejos,2026-01-01,5,1.402524544179523
16242,Villaconejos de Trabaque,2026-01-01,2,6.042296072507553
34206,Villada,2026-01-01,2,2.320185614849188
24207,Villademor de la Vega,2026-01-01,0,0
09427,Villadiego,2026-01-01,3,2.063273727647868
39099,Villaescusa,2026-01-01,0,0
49241,Villaescusa,2026-01-01,0,0
16243,Villaescusa de Haro,2026-01-01,0,0
09428,Villaescusa de Roa,2026-01-01,1,10.416666666666666
50284,Villafeliche,2026-01-01,1,6.172839506172839
05256,Villaflor,2026-01-01,0,0
37351,Villaflores,2026-01-01,0,0
31254,Villafranca,2026-01-01,6,1.8933417481855477
47204,Villafranca de Duero,2026-01-01,0,0
50285,Villafranca de Ebro,2026-01-01,1,1.1961722488038278
24209,Villafranca del Bierzo,2026-01-01,1,0.3852080123266564
09432,Villafruela,2026-01-01,0,0
39100,Villafufre,2026-01-01,1,0.9803921568627451
09433,Villagalijo,2026-01-01,1,19.230769230769234
06151,Villagonzalo,2026-01-01,1,0.8156606851549756
09434,Villagonzalo Pedernales,2026-01-01,47,24.72382956338769
37352,Villagonzalo de Tormes,2026-01-01,1,4.694835680751174
14068,Villaharta,2026-01-01,1,1.5923566878980893
13089,Villahermosa,2026-01-01,1,0.5834305717619602
34211,Villaherreros,2026-01-01,2,9.345794392523365
09437,Villahoz,2026-01-01,0,0
09438,Villalba de Duero,2026-01-01,1,1.3679890560875512
26166,Villalba de Rioja,2026-01-01,1,6.41025641025641
49246,Villalba de la Lampreana,2026-01-01,0,0
16245,Villalba de la Sierra,2026-01-01,0,0
47212,Villalba de los Alcores,2026-01-01,0,0
06152,Villalba de los Barros,2026-01-01,3,2.0761245674740487
21074,Villalba del Alcor,2026-01-01,3,0.9063444108761329
16246,Villalba del Rey,2026-01-01,0,0
28172,Villalbilla,2026-01-01,48,2.5722094207170034
09439,Villalbilla de Burgos,2026-01-01,7,4.504504504504505
09441,Villaldemiro,2026-01-01,1,10.869565217391305
50287,Villalengua,2026-01-01,0,0
09442,Villalmanzo,2026-01-01,1,2.444987775061125
26167,Villalobar de Rioja,2026-01-01,1,11.904761904761903
49248,Villalobos,2026-01-01,2,9.900990099009901
34217,Villalobón,2026-01-01,3,1.5337423312883436
49249,Villalonso,2026-01-01,1,12.345679012345679
49250,Villalpando,2026-01-01,1,0.7007708479327259
16248,Villalpardo,2026-01-01,0,0
49251,Villalube,2026-01-01,1,6.993006993006993
45188,Villaluenga de la Sagra,2026-01-01,4,0.9274287039183863
34218,Villaluenga de la Vega,2026-01-01,1,1.9267822736030829
02079,Villamalea,2026-01-01,8,1.9646365422396854
24211,Villamandos,2026-01-01,1,3.717472118959108
13090,Villamanrique,2026-01-01,1,0.9532888465204957
28173,Villamanrique de Tajo,2026-01-01,32,37.07995365005794
28174,Villamanta,2026-01-01,2,0.6828269033799932
28175,Villamantilla,2026-01-01,3,1.7921146953405018
37354,Villamayor,2026-01-01,18,2.3255813953488373
13091,Villamayor de Calatrava,2026-01-01,12,19.704433497536947
49252,Villamayor de Campos,2026-01-01,1,3.0211480362537766
16249,Villamayor de Santiago,2026-01-01,4,1.7043033659991478
09443,Villamayor de los Montes,2026-01-01,0,0
34221,Villamediana,2026-01-01,2,11.299435028248588
26168,Villamediana de Iregua,2026-01-01,16,1.73103970572325
18908,Villamena,2026-01-01,0,0
34222,Villameriel,2026-01-01,0,0
10210,Villamiel,2026-01-01,1,2.403846153846154
45189,Villamiel de Toledo,2026-01-01,1,0.8936550491510277
45190,Villaminaya,2026-01-01,1,1.9230769230769231
24215,Villamol,2026-01-01,0,0
34223,Villamoronta,2026-01-01,1,4.149377593360996
45191,Villamuelas,2026-01-01,0,0
34225,Villamuriel de Cerrato,2026-01-01,15,2.309113300492611
47217,Villanubla,2026-01-01,9,3.1013094417643003
18188,Villanueva Mesía,2026-01-01,5,2.544529262086514
45192,Villanueva de Alcardete,2026-01-01,2,0.6879944960440316
29095,Villanueva de Algaidas,2026-01-01,9,2.208588957055215
49257,Villanueva de Azoague,2026-01-01,0,0
45193,Villanueva de Bogas,2026-01-01,4,6.0698027314112295
26169,Villanueva de Cameros,2026-01-01,0,0
09450,Villanueva de Carazo,2026-01-01,0,0
47218,Villanueva de Duero,2026-01-01,3,2.3771790808240887
09451,Villanueva de Gumiel,2026-01-01,1,3.571428571428571
28178,Villanueva de Perales,2026-01-01,154,87.40068104426787
13094,Villanueva de San Carlos,2026-01-01,1,3.802281368821293
41100,Villanueva de San Juan,2026-01-01,1,1.0204081632653061
47222,Villanueva de San Mancio,2026-01-01,1,10.416666666666666
22251,Villanueva de Sigena,2026-01-01,2,5.847953216374268
29098,Villanueva de Tapia,2026-01-01,1,0.7183908045977011
12133,Villanueva de Viver,2026-01-01,1,10.638297872340425
28176,Villanueva de la Cañada,2026-01-01,42,1.7658930373360242
13092,Villanueva de la Fuente,2026-01-01,2,1.0917030567685588
16251,Villanueva de la Jara,2026-01-01,7,2.845528455284553
23096,Villanueva de la Reina,2026-01-01,1,0.3369272237196766
06153,Villanueva de la Serena,2026-01-01,24,0.9320026406741485
10211,Villanueva de la Sierra,2026-01-01,1,2.1052631578947367
19319,Villanueva de la Torre,2026-01-01,13,1.953125
10212,Villanueva de la Vera,2026-01-01,0,0
49259,Villanueva de las Peras,2026-01-01,0,0
18187,Villanueva de las Torres,2026-01-01,2,4.032258064516129
41098,Villanueva del Ariscal,2026-01-01,6,0.8568980291345331
23097,Villanueva del Arzobispo,2026-01-01,12,1.544998068752414
49260,Villanueva del Campo,2026-01-01,1,1.3458950201884252
37355,Villanueva del Conde,2026-01-01,0,0
14070,Villanueva del Duque,2026-01-01,4,2.8388928317956
06154,Villanueva del Fresno,2026-01-01,7,2.1478981282602025
28177,Villanueva del Pardillo,2026-01-01,41,2.226445832202009
34227,Villanueva del Rebollar,2026-01-01,0,0
14071,Villanueva del Rey,2026-01-01,0,0
29096,Villanueva del Rosario,2026-01-01,3,0.8648025367541078
29097,Villanueva del Trabuco,2026-01-01,8,1.4414414414414414
24219,Villaobispo de Otero,2026-01-01,1,1.937984496124031
02080,Villapalacios,2026-01-01,0,0
24221,Villaquejida,2026-01-01,5,6.55307994757536
24222,Villaquilambre,2026-01-01,5,0.2636018557570645
26170,"Villar de Arnedo, El",2026-01-01,4,6.230529595015576
16253,Villar de Cañas,2026-01-01,1,2.557544757033248
05261,Villar de Corneja,2026-01-01,0,0
37358,Villar de Gallimazo,2026-01-01,2,10.362694300518134
16263,Villar de Olalla,2026-01-01,7,4.472843450479234
10214,Villar de Plasencia,2026-01-01,1,4.444444444444445
06156,Villar de Rena,2026-01-01,2,1.5094339622641508
26171,Villar de Torre,2026-01-01,1,6.993006993006993
16255,Villar de la Encina,2026-01-01,0,0
46258,Villar del Arzobispo,2026-01-01,4,1.0354646647683148
49264,Villar del Buey,2026-01-01,1,2.061855670103093
28179,Villar del Olmo,2026-01-01,4,1.7145306472353192
13095,Villar del Pozo,2026-01-01,0,0
06155,Villar del Rey,2026-01-01,2,0.9666505558240696
49261,Villaralbo,2026-01-01,0,0
14072,Villaralto,2026-01-01,1,0.9487666034155597
23098,Villardompardo,2026-01-01,0,0
16264,Villarejo de Fuentes,2026-01-01,1,2.4752475247524752
05262,Villarejo del Valle,2026-01-01,0,0
16266,Villarejo-Periesteban,2026-01-01,1,2.7247956403269753
37362,Villares de la Reina,2026-01-01,37,5.454009433962264
16269,Villares del Saz,2026-01-01,4,7.920792079207921
23099,"Villares, Los",2026-01-01,7,1.1437908496732028
46259,Villargordo del Cabriel,2026-01-01,0,0
09458,Villariezo,2026-01-01,0,0
37364,Villarino de los Aires,2026-01-01,2,2.751031636863824
44260,Villarluengo,2026-01-01,7,44.58598726114649
37365,Villarmayor,2026-01-01,0,0
44261,Villarquemado,2026-01-01,1,1.1111111111111112
34232,Villarramiel,2026-01-01,1,1.2804097311139564
21077,Villarrasa,2026-01-01,3,1.419782300047326
50292,Villarreal de Huerva,2026-01-01,3,11.406844106463879
02081,Villarrobledo,2026-01-01,33,1.2982925485876151
23101,Villarrodrigo,2026-01-01,1,2.688172043010753
50293,Villarroya de la Sierra,2026-01-01,1,2.5188916876574305
45195,Villarrubia de Santiago,2026-01-01,4,1.550387596899225
13096,Villarrubia de los Ojos,2026-01-01,16,1.6696232912449127
16270,Villarrubio,2026-01-01,1,4.651162790697675
16271,Villarta,2026-01-01,4,4.651162790697675
13097,Villarta de San Juan,2026-01-01,3,1.1173184357541899
24225,Villasabariego,2026-01-01,3,2.5974025974025974
09460,Villasandino,2026-01-01,1,5.617977528089887
34233,Villasarracino,2026-01-01,0,0
37367,Villasbuenas,2026-01-01,2,12.658227848101266
10215,Villasbuenas de Gata,2026-01-01,0,0
19322,Villaseca de Henares,2026-01-01,1,43.47826086956522
19323,Villaseca de Uceda,2026-01-01,0,0
45196,Villaseca de la Sagra,2026-01-01,4,2.0387359836901124
45197,Villasequilla,2026-01-01,2,0.7471049682480388
44263,Villastar,2026-01-01,0,0
45198,Villatobas,2026-01-01,3,1.0124873439082012
31257,Villatuerta,2026-01-01,5,3.968253968253968
34236,Villaturde,2026-01-01,0,0
24227,Villaturiel,2026-01-01,1,0.5518763796909493
34237,Villaumbrales,2026-01-01,0,0
02083,Villavaliente,2026-01-01,1,5.235602094240838
49270,Villavendimio,2026-01-01,1,6.578947368421052
37372,Villaverde de Guareña,2026-01-01,0,0
47228,Villaverde de Medina,2026-01-01,1,1.976284584980237
26176,Villaverde de Rioja,2026-01-01,2,29.850746268656717
09466,Villaverde del Monte,2026-01-01,0,0
16273,Villaverde y Pasaconsol,2026-01-01,2,6.191950464396285
09467,Villaverde-Mogina,2026-01-01,0,0
33076,Villaviciosa,2026-01-01,8,0.5199532042116211
37373,Villavieja de Yeltes,2026-01-01,0,0
34238,Villaviudas,2026-01-01,1,2.793296089385475
09471,Villayerno Morquillas,2026-01-01,0,0
24228,Villazala,2026-01-01,2,3.571428571428571
40230,Villeguillo,2026-01-01,1,7.751937984496124
44264,Villel,2026-01-01,0,0
03140,Villena,2026-01-01,38,1.0941864148118288
34242,Villodrigo,2026-01-01,1,10
34243,Villoldo,2026-01-01,0,0
37374,Villoria,2026-01-01,2,1.6116035455278002
37375,Villoruela,2026-01-01,2,2.73224043715847
26177,Villoslada de Cameros,2026-01-01,1,2.849002849002849
17232,Vilopriu,2026-01-01,0,0
47194,Viloria,2026-01-01,2,5.714285714285714
25253,"Vilosell, El",2026-01-01,1,5.617977528089887
50282,"Vilueña, La",2026-01-01,1,16.666666666666668
09425,Vilviestre del Pinar,2026-01-01,1,1.9569471624266144
15092,Vimianzo,2026-01-01,15,2.220906129700918
44265,Vinaceite,2026-01-01,0,0
25255,Vinaixa,2026-01-01,0,0
46260,Vinalesa,2026-01-01,2,0.5571030640668524
12138,Vinaròs,2026-01-01,60,1.966181675186787
43177,Vinebre,2026-01-01,2,4.672897196261682
26178,Viniegra de Abajo,2026-01-01,0,0
42215,Vinuesa,2026-01-01,0,0
43178,Vinyols i els Arcs,2026-01-01,6,2.4291497975708505
45199,"Viso de San Juan, El",2026-01-01,6,0.9289363678588017
41102,"Viso del Alcor, El",2026-01-01,40,2.0541262260565913
14074,"Viso, El",2026-01-01,3,1.2009607686148918
37376,Vitigudino,2026-01-01,0,0
01059,Vitoria-Gasteiz,2026-01-01,478,1.8356233823088917
12140,Viver,2026-01-01,3,1.7381228273464657
02085,Viveros,2026-01-01,1,3.401360544217687
05264,Viñegra de Moraña,2026-01-01,0,0
29099,Viñuela,2026-01-01,6,2.9382957884427032
19325,Viñuelas,2026-01-01,1,5.524861878453039
42217,Vozmediano,2026-01-01,1,34.48275862068965
46143,Xeraco,2026-01-01,7,1.1411803064884252
46146,Xeresa,2026-01-01,5,2.0721094073767095
27021,Xermade,2026-01-01,0,0
43052,Xerta,2026-01-01,2,1.6863406408094435
32032,Xinzo de Limia,2026-01-01,24,2.4857586742620406
46110,Xirivella,2026-01-01,56,1.7403194729318168
27025,Xove,2026-01-01,0,0
32037,Xunqueira de Espadanedo,2026-01-01,1,1.440922190201729
46145,Xàtiva,2026-01-01,48,1.5521422797089732
19326,Yebes,2026-01-01,5,0.889521437466643
19327,Yebra,2026-01-01,1,2.0408163265306123
30043,Yecla,2026-01-01,48,1.3187537776800924
37377,Yecla de Yeltes,2026-01-01,0,0
45201,Yeles,2026-01-01,9,1.3003901170351106
45202,Yepes,2026-01-01,7,1.183231913455037
46262,"Yesa, La",2026-01-01,0,0
02086,Yeste,2026-01-01,2,0.8058017727639001
45203,Yuncler,2026-01-01,23,4.330634532103182
45204,Yunclillos,2026-01-01,0,0
45205,Yuncos,2026-01-01,28,2.084108671380722
29100,Yunquera,2026-01-01,2,0.6980802792321117
19331,Yunquera de Henares,2026-01-01,10,2.1303792074989345
19332,"Yunta, La",2026-01-01,1,11.76470588235294
18192,Zafarraya,2026-01-01,18,7.83630822812364
06158,Zafra,2026-01-01,22,1.3167344984438594
18913,Zagra,2026-01-01,0,0
50296,"Zaida, La",2026-01-01,1,2.3094688221709005
06160,Zalamea de la Serena,2026-01-01,3,0.8912655971479501
21078,Zalamea la Real,2026-01-01,3,1.0077258985555928
48095,Zaldibar,2026-01-01,1,0.32605151613955
20078,Zaldibia,2026-01-01,4,2.2675736961451247
01061,Zalduondo,2026-01-01,0,0
48096,Zalla,2026-01-01,12,1.437125748502994
01062,Zambrana,2026-01-01,0,0
49275,Zamora,2026-01-01,76,1.2696927677631689
48905,Zamudio,2026-01-01,6,1.740139211136891
19333,Zaorejas,2026-01-01,0,0
50297,Zaragoza,2026-01-01,877,1.2546369349663165
48097,Zaratamo,2026-01-01,8,4.987531172069826
20079,Zarautz,2026-01-01,29,1.2357779008820897
46263,Zarra,2026-01-01,1,2.6246719160104988
10216,Zarza de Granadilla,2026-01-01,4,2.2026431718061676
37381,"Zarza de Pumareda, La",2026-01-01,0,0
16279,Zarza de Tajo,2026-01-01,4,12.422360248447204
10218,Zarza la Mayor,2026-01-01,0,0
47232,"Zarza, La",2026-01-01,7,63.063063063063055
06162,"Zarza, La",2026-01-01,7,2.092050209205021
28183,Zarzalejo,2026-01-01,1,0.5162622612287042
16280,Zarzuela,2026-01-01,0,0
40233,Zarzuela del Monte,2026-01-01,0,0
40234,Zarzuela del Pinar,2026-01-01,1,2.450980392156863
09483,Zazuar,2026-01-01,1,5.050505050505051
48024,Zeanuri,2026-01-01,2,1.6220600162206003
48025,Zeberio,2026-01-01,0,0
20025,Zegama,2026-01-01,3,1.937984496124031
20026,Zerain,2026-01-01,0,0
20027,Zestoa,2026-01-01,3,0.762970498474059
48913,Zierbena,2026-01-01,1,0.6622516556291391
01018,Zigoitia,2026-01-01,0,0
31073,Ziordia,2026-01-01,0,0
20028,Zizurkil,2026-01-01,4,1.3404825737265416
10219,Zorita,2026-01-01,0,0
19335,Zorita de los Canes,2026-01-01,0,0
12141,Zorita del Maestrazgo,2026-01-01,0,0
18193,"Zubia, La",2026-01-01,56,2.7453671928620453
50298,Zuera,2026-01-01,19,2.180399357355979
21079,Zufre,2026-01-01,0,0
14075,Zuheros,2026-01-01,1,1.6778523489932886
01063,Zuia,2026-01-01,1,0.4228329809725158
20081,Zumaia,2026-01-01,9,0.8863502068150482
20080,Zumarraga,2026-01-01,7,0.7224687790277634
04103,Zurgena,2026-01-01,3,0.9900990099009901
05019,Ávila,2026-01-01,79,1.32817753866846
46119,"Ènova, l'",2026-01-01,0,0
40001,Abades,2026-02-01,2,2.3584905660377355
48001,Abadiño,2026-02-01,13,1.6696634985872079
20001,Abaltzisketa,2026-02-01,0,0
30001,Abanilla,2026-02-01,20,3.1831927423205477
50001,Abanto,2026-02-01,2,25.64102564102564
15001,Abegondo,2026-02-01,6,1.0655301012253595
02001,Abengibre,2026-02-01,0,0
34003,Abia de las Torres,2026-02-01,1,6.0606060606060606
22001,Abiego,2026-02-01,0,0
04001,Abla,2026-02-01,2,1.5785319652722967
31006,Ablitas,2026-02-01,1,0.3777861730260672
08001,Abrera,2026-02-01,53,4.013023396683577
04002,Abrucena,2026-02-01,2,1.6194331983805668
24001,Acebedo,2026-02-01,0,0
10003,Acebo,2026-02-01,0,0
06001,Acedera,2026-02-01,1,1.2254901960784315
10005,Aceituna,2026-02-01,0,0
06002,Aceuchal,2026-02-01,11,2.0707831325301207
22003,Adahuesca,2026-02-01,1,5.1020408163265305
47001,Adalia,2026-02-01,0,0
14001,Adamuz,2026-02-01,7,1.7081503172279162
05001,Adanero,2026-02-01,0,0
46001,Ademuz,2026-02-01,1,0.9852216748768472
46002,Ador,2026-02-01,7,3.937007874015748
04003,Adra,2026-02-01,46,1.7983502091559482
05002,"Adrada, La",2026-02-01,5,1.7476406850751485
42003,Adradas,2026-02-01,1,14.084507042253522
20002,Aduna,2026-02-01,1,2
37002,Agallas,2026-02-01,1,8.130081300813009
36020,Agolada,2026-02-01,4,1.7977528089887642
26002,Agoncillo,2026-02-01,2,1.3670539986329462
03002,Agost,2026-02-01,8,1.5313935681470139
25003,Agramunt,2026-02-01,10,1.77367860943597
03003,Agres,2026-02-01,0,0
41001,Aguadulce,2026-02-01,48,22.781205505457997
44004,Aguaviva,2026-02-01,0,0
13002,Agudo,2026-02-01,2,1.2468827930174564
40004,Aguilafuente,2026-02-01,2,3.4904013961605584
09007,Aguilar de Bureba,2026-02-01,0,0
34004,Aguilar de Campoo,2026-02-01,8,1.154068090017311
47003,Aguilar de Campos,2026-02-01,2,7.547169811320755
08002,Aguilar de Segarra,2026-02-01,390,1331.0580204778157
14002,Aguilar de la Frontera,2026-02-01,17,1.2958304748837564
17001,Agullana,2026-02-01,3,3.40522133938706
46004,Agullent,2026-02-01,3,1.2295081967213115
38002,Agulo,2026-02-01,0,0
22004,Agüero,2026-02-01,1,6.944444444444444
10006,Ahigal,2026-02-01,2,1.4903129657228018
37003,Ahigal de los Aceiteros,2026-02-01,1,10.752688172043012
06003,Ahillones,2026-02-01,2,2.5252525252525255
20016,Aia,2026-02-01,3,1.3966480446927374
46042,Aielo de Malferit,2026-02-01,7,1.5197568389057752
46043,Aielo de Rugat,2026-02-01,1,6.211180124223602
08014,Aiguafreda,2026-02-01,3,1.1677695601401323
17002,Aiguaviva,2026-02-01,3,3.7267080745341614
03004,Aigües,2026-02-01,2,1.6849199663016006
22006,Aisa,2026-02-01,1,3.058103975535168
25038,Aitona,2026-02-01,3,1.1650485436893205
20003,Aizarnazabal,2026-02-01,0,0
28002,Ajalvir,2026-02-01,125,24.965048931495904
48911,Ajangiz,2026-02-01,1,2.1881838074398248
47004,Alaejos,2026-02-01,2,1.402524544179523
07002,Alaior,2026-02-01,20,1.9312475859405176
29001,Alameda,2026-02-01,8,1.472211998527788
45002,Alameda de la Sagra,2026-02-01,8,1.8416206261510129
18002,Alamedilla,2026-02-01,1,1.9267822736030829
13003,Alamillo,2026-02-01,5,11.037527593818986
06004,Alange,2026-02-01,4,2.2185246810870773
46005,Alaquàs,2026-02-01,54,1.779124934106484
34005,Alar del Rey,2026-02-01,0,0
37007,Alaraz,2026-02-01,4,9.00900900900901
19005,Alarilla,2026-02-01,1,6.802721088435374
02002,Alatoz,2026-02-01,0,0
37008,Alba de Tormes,2026-02-01,8,1.5686274509803921
37009,Alba de Yeltes,2026-02-01,1,4.901960784313726
02003,Albacete,2026-02-01,398,2.2734023350926496
46006,Albaida,2026-02-01,6,0.9531374106433678
41003,Albaida del Aljarafe,2026-02-01,3,0.9313877677739832
46007,Albal,2026-02-01,29,1.6636071592473614
13004,Albaladejo,2026-02-01,3,3.015075376884422
46008,Albalat de la Ribera,2026-02-01,10,2.857142857142857
46009,Albalat dels Sorells,2026-02-01,92,21.081576535288725
22007,Albalate de Cinca,2026-02-01,4,3.6003600360036003
19006,Albalate de Zorita,2026-02-01,1,0.8680555555555555
16005,Albalate de las Nogueras,2026-02-01,2,7.6923076923076925
44008,Albalate del Arzobispo,2026-02-01,2,1.026694045174538
22008,Albalatillo,2026-02-01,0,0
19007,Albares,2026-02-01,0,0
45003,Albarreal de Tajo,2026-02-01,1,1.2468827930174564
02004,Albatana,2026-02-01,0,0
03005,Albatera,2026-02-01,24,1.7809439002671414
22009,Albelda,2026-02-01,0,0
26005,Albelda de Iregua,2026-02-01,10,2.5297242600556538
44010,Albentosa,2026-02-01,1,3.484320557491289
37010,"Alberca, La",2026-02-01,38,36.71497584541063
46011,Alberic,2026-02-01,26,2.3404446844900533
26006,Alberite,2026-02-01,4,1.4503263234227701
22012,Albero Bajo,2026-02-01,0,0
25008,Albesa,2026-02-01,4,2.5284450063211126
50011,Albeta,2026-02-01,0,0
25009,"Albi, L'",2026-02-01,1,1.3089005235602096
09009,Albillos,2026-02-01,1,4.545454545454545
43002,Albinyana,2026-02-01,3,1.1037527593818985
43003,"Albiol, L'",2026-02-01,1,1.7985611510791368
20004,Albiztur,2026-02-01,1,3.048780487804878
04005,Alboloduy,2026-02-01,0,0
18003,Albolote,2026-02-01,39,1.9726858877086493
17004,Albons,2026-02-01,2,2.347417840375587
46012,Alborache,2026-02-01,2,1.2698412698412698
02005,Alborea,2026-02-01,0,0
04006,Albox,2026-02-01,26,2.0198881292728403
30004,Albudeite,2026-02-01,1,0.7142857142857143
06005,"Albuera, La",2026-02-01,1,0.49726504226752855
46014,Albuixech,2026-02-01,49,10.9204368174727
06006,Alburquerque,2026-02-01,6,1.2170385395537524
18006,Albuñol,2026-02-01,5,0.6735821096591674
18007,Albuñuelas,2026-02-01,2,2.5284450063211126
02006,Alcadozo,2026-02-01,2,3.134796238244514
03006,Alcalalí,2026-02-01,8,5.693950177935943
28005,Alcalá de Henares,2026-02-01,412,2.034075705138016
22016,Alcampell,2026-02-01,1,1.5432098765432098
26007,Alcanadre,2026-02-01,2,2.9282576866764276
43004,Alcanar,2026-02-01,11,1.0947452229299364
30005,Alcantarilla,2026-02-01,86,1.963873855358407
14003,Alcaracejos,2026-02-01,3,1.9920318725099602
02008,Alcaraz,2026-02-01,0,0
23003,Alcaudete,2026-02-01,10,0.9821253191907287
45006,Alcaudete de la Jara,2026-02-01,3,1.721170395869191
49003,Alcañices,2026-02-01,1,0.9009009009009009
44013,Alcañiz,2026-02-01,42,2.553657201921323
45005,Alcañizo,2026-02-01,1,3.8461538461538463
28006,Alcobendas,2026-02-01,14154,114.86585187709987
19009,Alcocer,2026-02-01,1,3.076923076923077
03007,Alcocer de Planes,2026-02-01,2,7.604562737642586
04007,Alcolea,2026-02-01,9,10.830324909747292
13007,Alcolea de Calatrava,2026-02-01,1,0.7342143906020557
22017,Alcolea de Cinca,2026-02-01,3,2.6362038664323375
45007,Alcolea de Tajo,2026-02-01,1,1.1933174224343677
19011,Alcolea del Pinar,2026-02-01,2,5.649717514124294
03008,Alcoleja,2026-02-01,0,0
25012,Alcoletge,2026-02-01,7,1.9026909486273442
37012,Alconada,2026-02-01,0,0
06007,Alconchel,2026-02-01,1,0.6273525721455457
16012,Alconchel de la Estrella,2026-02-01,0,0
12005,"Alcora, l'",2026-02-01,21,1.9725718579748264
28007,Alcorcón,2026-02-01,286,1.6175921631618837
44014,Alcorisa,2026-02-01,3,0.9253547193090684
19013,Alcoroches,2026-02-01,0,0
43005,Alcover,2026-02-01,17,3.1734179578122084
22018,Alcubierre,2026-02-01,0,0
49004,Alcubilla de Nogales,2026-02-01,0,0
13008,Alcubillas,2026-02-01,2,4.796163069544364
46018,Alcublas,2026-02-01,0,0
46016,Alcàntera de Xúquer,2026-02-01,3,2.0394289598912305
16010,Alcázar del Rey,2026-02-01,2,11.695906432748536
46020,"Alcúdia de Crespins, l'",2026-02-01,10,1.8152114721365038
46019,"Alcúdia, l'",2026-02-01,27,2.1472880547160806
46021,Aldaia,2026-02-01,85,2.4535273063156677
47006,Aldea de San Miguel,2026-02-01,0,0
35020,"Aldea de San Nicolás, La",2026-02-01,1,0.13468013468013468
10012,Aldea del Cano,2026-02-01,2,3.284072249589491
28008,Aldea del Fresno,2026-02-01,8,2.2637238256932655
37015,Aldea del Obispo,2026-02-01,0,0
10013,"Aldea del Obispo, La",2026-02-01,1,3.4246575342465753
13009,Aldea del Rey,2026-02-01,6,3.8240917782026767
43904,"Aldea, L'",2026-02-01,9,1.9047619047619047
10011,Aldeacentenera,2026-02-01,1,1.6611295681063123
37013,Aldeacipreste,2026-02-01,1,11.235955056179774
37016,Aldealengua,2026-02-01,2,2.73972602739726
42011,Aldealpozo,2026-02-01,0,0
45009,Aldeanueva de Barbarroya,2026-02-01,0,0
26008,Aldeanueva de Ebro,2026-02-01,7,2.527075812274368
37017,Aldeanueva de Figueroa,2026-02-01,0,0
37018,Aldeanueva de la Sierra,2026-02-01,0,0
10014,Aldeanueva de la Vera,2026-02-01,3,1.5267175572519083
10015,Aldeanueva del Camino,2026-02-01,5,7.204610951008645
37019,Aldearrodrigo,2026-02-01,1,6.993006993006993
37022,Aldeaseca de la Frontera,2026-02-01,1,4.11522633744856
37023,Aldeatejada,2026-02-01,4,1.5003750937734435
10016,Aldehuela de Jerte,2026-02-01,2,5.747126436781609
05010,"Aldehuela, La",2026-02-01,1,7.042253521126761
18010,Aldeire,2026-02-01,1,1.6722408026755853
43006,Aldover,2026-02-01,5,5.4945054945054945
30006,Aledo,2026-02-01,3,2.6737967914438503
20005,Alegia,2026-02-01,2,1.1074197120708749
08003,Alella,2026-02-01,33,3.219198127011999
22019,Alerre,2026-02-01,1,4.464285714285714
26009,Alesanco,2026-02-01,0,0
18011,Alfacar,2026-02-01,9,1.5410958904109588
46022,Alfafar,2026-02-01,46,2.0659301176681937
03010,Alfafara,2026-02-01,3,7.194244604316547
43008,Alfara de Carles,2026-02-01,1,2.8169014084507045
46024,Alfara de la Baronia,2026-02-01,1,1.6051364365971108
46025,Alfara del Patriarca,2026-02-01,5,1.3290802764486975
29003,Alfarnate,2026-02-01,2,1.9305019305019306
26011,Alfaro,2026-02-01,16,1.6049754238138227
46026,Alfarp,2026-02-01,6,3.3994334277620397
46027,Alfarrasí,2026-02-01,1,0.8503401360544217
46023,Alfauir,2026-02-01,1,1.9455252918287937
12007,Alfondeguilla,2026-02-01,2,2.2701475595913734
43009,Alforja,2026-02-01,2,0.9847365829640572
03011,"Alfàs del Pi, l'",2026-02-01,75,3.5636225411004467
41007,"Algaba, La",2026-02-01,32,1.8977582730399716
24002,Algadefe,2026-02-01,0,0
07004,Algaida,2026-02-01,16,2.491823703472979
11003,Algar,2026-02-01,29,19.95870612525809
46028,Algar de Palancia,2026-02-01,1,1.7699115044247788
18012,Algarinejo,2026-02-01,6,2.5630072618539086
29005,Algarrobo,2026-02-01,6,0.8455467869222096
11004,Algeciras,2026-02-01,300,2.3715415019762847
46029,Algemesí,2026-02-01,37,1.3098272444066836
25015,Algerri,2026-02-01,2,4.716981132075471
28009,Algete,2026-02-01,64,3.0197225629895255
46030,Algimia de Alfara,2026-02-01,3,2.680965147453083
46031,Alginet,2026-02-01,29,1.9357853280822375
11005,Algodonales,2026-02-01,5,0.9221689413500553
03012,Algorfa,2026-02-01,22,5.868231528407575
25016,Alguaire,2026-02-01,3,0.9813542688910696
30007,Alguazas,2026-02-01,21,2.0155485171321623
03013,Algueña,2026-02-01,4,3.014318010550113
04010,Alhabia,2026-02-01,3,4
18013,Alhama de Granada,2026-02-01,15,2.7041644131963225
30008,Alhama de Murcia,2026-02-01,66,2.7242332934329467
13010,Alhambra,2026-02-01,0,0
44017,Aliaga,2026-02-01,0,0
16014,Aliaguilla,2026-02-01,2,3.361344537815126
24003,Alija del Infantado,2026-02-01,1,1.8115942028985508
25017,Alins,2026-02-01,0,0
10018,Aliseda,2026-02-01,1,0.5790387955993052
21002,Aljaraque,2026-02-01,39,1.7126295450553313
20006,Alkiza,2026-02-01,0,0
32001,Allariz,2026-02-01,13,1.9984627209838584
31012,Allo,2026-02-01,1,0.975609756097561
44022,Alloza,2026-02-01,1,1.7985611510791368
25019,Almacelles,2026-02-01,13,1.806308183965541
13012,Almadenejos,2026-02-01,0,0
19020,Almadrones,2026-02-01,0,0
13013,Almagro,2026-02-01,9,0.9742368478025547
02009,Almansa,2026-02-01,29,1.1787180425151405
24004,Almanza,2026-02-01,2,3.527336860670194
10019,Almaraz,2026-02-01,3,1.8808777429467085
49007,Almaraz de Duero,2026-02-01,0,0
16015,"Almarcha, La",2026-02-01,2,4.2105263157894735
29010,Almargen,2026-02-01,9,4.774535809018567
42019,Almarza,2026-02-01,1,1.6611295681063123
25020,Almatret,2026-02-01,0,0
14004,Almedinilla,2026-02-01,11,4.761904761904763
12010,Almedíjar,2026-02-01,1,3.4602076124567476
49008,Almeida de Sayago,2026-02-01,0,0
25021,Almenar,2026-02-01,7,2.0851951146857313
12011,Almenara,2026-02-01,23,3.359626059012562
37028,Almendra,2026-02-01,0,0
06010,Almendral,2026-02-01,2,1.6597510373443982
45011,Almendral de la Cañada,2026-02-01,0,0
06011,Almendralejo,2026-02-01,82,2.3737841593330247
21003,"Almendro, El",2026-02-01,0,0
16016,Almendros,2026-02-01,2,8.333333333333334
41010,Almensilla,2026-02-01,12,1.7991004497751124
04013,Almería,2026-02-01,344,1.6799171761764304
16017,Almodóvar del Pinar,2026-02-01,0,0
19021,Almoguera,2026-02-01,1,0.7199424046076314
46034,Almoines,2026-02-01,7,2.615844544095665
50022,"Almolda, La",2026-02-01,15,28.735632183908045
45012,Almonacid de Toledo,2026-02-01,3,2.9644268774703555
19022,Almonacid de Zorita,2026-02-01,0,0
50024,Almonacid de la Sierra,2026-02-01,183,239.5287958115183
16018,Almonacid del Marquesado,2026-02-01,2,4.819277108433735
21004,Almonaster la Real,2026-02-01,1,0.5678591709256104
21005,Almonte,2026-02-01,38,1.50578538595657
03015,Almoradí,2026-02-01,34,1.4864037772143044
45013,Almorox,2026-02-01,3,1.1695906432748537
43011,Almoster,2026-02-01,3,2.1691973969631237
22022,Almunia de San Juan,2026-02-01,0,0
22023,Almuniente,2026-02-01,0,0
13016,Almuradiel,2026-02-01,1,1.3386880856760375
46035,Almussafes,2026-02-01,77,8.493271564085594
46032,Almàssera,2026-02-01,10,1.2763241863433312
48912,Alonsotegi,2026-02-01,4,1.3382402141184342
21006,Alosno,2026-02-01,0,0
19024,Alovera,2026-02-01,33,2.2706942819789444
29013,Alozaina,2026-02-01,1,0.4694835680751174
17006,Alp,2026-02-01,9,5.220417633410673
50026,Alpartir,2026-02-01,1,1.6528925619834711
28010,Alpedrete,2026-02-01,26,1.6423472932853262
08004,Alpens,2026-02-01,1,3.745318352059925
02010,Alpera,2026-02-01,1,0.43103448275862066
25023,Alpicat,2026-02-01,17,2.593044539353264
46036,Alpuente,2026-02-01,2,2.9027576197387517
03017,"Alqueria d'Asnar, l'",2026-02-01,2,3.8535645472061657
18018,Alquife,2026-02-01,0,0
43012,Altafulla,2026-02-01,17,2.9030054644808745
16019,Altarejos,2026-02-01,1,5.128205128205129
03018,Altea,2026-02-01,95,3.8413327402854716
09014,"Altos, Los",2026-02-01,0,0
12012,Altura,2026-02-01,2,0.5112474437627812
20906,Altzaga,2026-02-01,0,0
20007,Altzo,2026-02-01,2,4.47427293064877
19027,Alustante,2026-02-01,1,6.369426751592357
46017,Alzira,2026-02-01,114,2.345485968233067
05012,Amavida,2026-02-01,1,7.633587786259541
50027,Ambel,2026-02-01,0,0
28011,Ambite,2026-02-01,1,1.358695652173913
17007,Amer,2026-02-01,2,0.8267879288962381
15002,Ames,2026-02-01,6,0.18065215427693976
43013,"Ametlla de Mar, L'",2026-02-01,9,1.2103281334050564
20008,Amezketa,2026-02-01,3,3.1446540880503147
33003,Amieva,2026-02-01,0,0
32002,Amoeiro,2026-02-01,2,0.8193363375665711
48003,Amorebieta-Etxano,2026-02-01,39,1.9858444931004633
43906,"Ampolla, L'",2026-02-01,17,4.4631136781307426
43014,Amposta,2026-02-01,81,3.5145572091812385
34010,Ampudia,2026-02-01,1,1.697792869269949
39002,Ampuero,2026-02-01,2,0.4431641923332595
01002,Amurrio,2026-02-01,15,1.4498356852890004
34011,Amusco,2026-02-01,0,0
40017,Anaya,2026-02-01,0,0
28012,Anchuelo,2026-02-01,5,3.538570417551309
46038,Andilla,2026-02-01,0,0
20009,Andoain,2026-02-01,25,1.723543605653223
44025,Andorra,2026-02-01,15,2.085650723025584
31015,Andosilla,2026-02-01,10,3.4118048447628797
07005,Andratx,2026-02-01,31,2.495170637475853
25027,Anglesola,2026-02-01,14,10.03584229390681
26013,Anguciana,2026-02-01,0,0
26014,Anguiano,2026-02-01,0,0
09017,Anguix,2026-02-01,0,0
46039,Anna,2026-02-01,7,2.6646364674533687
20010,Anoeta,2026-02-01,5,2.3651844843897822
19034,Anquela del Pedregal,2026-02-01,1,37.03703703703704
04016,Antas,2026-02-01,13,3.708987161198288
46040,Antella,2026-02-01,3,2.638522427440633
29015,Antequera,2026-02-01,65,1.5541687588169188
20011,Antzuola,2026-02-01,8,3.904343582235237
21007,Aracena,2026-02-01,15,1.774937877174299
38004,Arafo,2026-02-01,19,3.168250792062698
41011,Arahal,2026-02-01,34,1.738419061253707
20012,Arama,2026-02-01,1,5.780346820809248
01003,Aramaio,2026-02-01,0,0
09018,Aranda de Duero,2026-02-01,39,1.1503067484662577
15003,Aranga,2026-02-01,0,0
31023,Aranguren,2026-02-01,32,2.4242424242424243
28013,Aranjuez,2026-02-01,103,1.6134590682665497
31024,Arano,2026-02-01,0,0
31022,Arantza,2026-02-01,3,4.784688995215311
48006,Arantzazu,2026-02-01,0,0
19036,Aranzueque,2026-02-01,0,0
37032,Arapiles,2026-02-01,1,1.3368983957219251
46041,Aras de los Olmos,2026-02-01,0,0
09020,Arauzo de Miel,2026-02-01,1,3.875968992248062
25029,Arbeca,2026-02-01,7,3.2317636195752537
31027,Arbizu,2026-02-01,4,3.6166365280289328
04017,Arboleas,2026-02-01,22,5.260640841702535
43016,"Arboç, L'",2026-02-01,5,0.8770391159445712
16905,Arcas,2026-02-01,3,1.254180602006689
49010,Arcenillas,2026-02-01,1,2.2123893805309733
30009,Archena,2026-02-01,36,1.731185381101226
29017,Archidona,2026-02-01,15,1.8523092121511484
11006,Arcos de la Frontera,2026-02-01,53,1.694319235318564
49011,Arcos de la Polvorosa,2026-02-01,0,0
44026,Arcos de las Salinas,2026-02-01,0,0
31029,"Arcos, Los",2026-02-01,0,0
29018,Ardales,2026-02-01,2,0.7936507936507936
50033,Ardisa,2026-02-01,2,27.027027027027028
48093,Areatza,2026-02-01,1,0.7751937984496124
31030,Arellano,2026-02-01,0,0
05013,"Arenal, El",2026-02-01,1,1.0235414534288638
13903,Arenales de San Gregorio,2026-02-01,0,0
39004,Arenas de Iguña,2026-02-01,1,0.5757052389176742
13018,Arenas de San Juan,2026-02-01,3,2.9702970297029703
05014,Arenas de San Pedro,2026-02-01,3,0.46296296296296297
18020,Arenas del Rey,2026-02-01,3,4.878048780487805
08006,Arenys de Mar,2026-02-01,33,1.9432340124838063
08007,Arenys de Munt,2026-02-01,23,2.4141912459326123
26015,Arenzana de Abajo,2026-02-01,0,0
15004,Ares,2026-02-01,6,0.9580073447229762
31031,Areso,2026-02-01,1,3.8461538461538463
20013,Aretxabaleta,2026-02-01,12,1.6722408026755853
13019,Argamasilla de Alba,2026-02-01,12,1.7743604909064026
13020,Argamasilla de Calatrava,2026-02-01,16,2.733640867930976
28014,Arganda del Rey,2026-02-01,172,2.861658763829964
24007,Arganza,2026-02-01,0,0
19039,Argecilla,2026-02-01,1,13.157894736842104
17010,Argelaguer,2026-02-01,0,0
43017,"Argentera, L'",2026-02-01,0,0
08009,Argentona,2026-02-01,44,3.4132340392521914
08008,Argençola,2026-02-01,1,4.081632653061225
39005,Argoños,2026-02-01,3,1.5923566878980893
31032,Arguedas,2026-02-01,3,1.2987012987012987
07901,Ariany,2026-02-01,6,5.602240896358543
38005,Arico,2026-02-01,0,0
50034,Ariza,2026-02-01,0,0
44029,Ariño,2026-02-01,1,1.644736842105263
23006,Arjona,2026-02-01,6,1.1263375258119017
23007,Arjonilla,2026-02-01,5,1.4184397163120568
17011,"Armentera, L'",2026-02-01,4,3.717472118959108
18021,Armilla,2026-02-01,53,2.0982620056217587
40022,Armuña,2026-02-01,1,3.968253968253968
19041,Armuña de Tajuña,2026-02-01,0,0
26017,Arnedillo,2026-02-01,0,0
26018,Arnedo,2026-02-01,20,1.3266118333775536
39006,Arnuero,2026-02-01,0,0
21008,Aroche,2026-02-01,0,0
38006,Arona,2026-02-01,43,0.48295071656408645
23008,Arquillos,2026-02-01,3,1.7804154302670623
01037,Arraia-Maeztu,2026-02-01,1,1.2224938875305624
48009,Arrankudiaga,2026-02-01,1,0.9765625
35004,Arrecife,2026-02-01,125,1.7789795773144526
39007,Arredondo,2026-02-01,1,2.092050209205021
29020,Arriate,2026-02-01,9,2.223869532987398
48010,Arrieta,2026-02-01,3,5.154639175257732
48011,Arrigorriaga,2026-02-01,10,0.83766124979058465
47010,Arroyo de la Encomienda,2026-02-01,43,1.8877864606198964
10021,Arroyo de la Luz,2026-02-01,5,0.9099181073703367
23905,Arroyo del Ojanco,2026-02-01,6,2.7210884353741496
10023,Arroyomolinos,2026-02-01,140,169.90291262135923
28015,Arroyomolinos,2026-02-01,140,3.6663611365719526
31037,Arruazu,2026-02-01,1,8.196721311475411
31038,Artajona,2026-02-01,3,1.6882386043894204
12016,Artana,2026-02-01,3,1.5060240963855422
48023,Artea,2026-02-01,0,0
35005,Artenara,2026-02-01,0,0
25033,Artesa de Lleida,2026-02-01,4,2.588996763754045
25034,Artesa de Segre,2026-02-01,4,1.1129660545353368
01004,Artziniega,2026-02-01,3,1.6059957173447537
25036,Aspa,2026-02-01,2,8.620689655172413
49016,Aspariegos,2026-02-01,0,0
03019,Aspe,2026-02-01,42,1.8788583698666905
20014,Asteasu,2026-02-01,4,2.5559105431309903
20903,Astigarraga,2026-02-01,26,3.3316248077908766
24008,Astorga,2026-02-01,18,1.7475728155339807
34017,Astudillo,2026-02-01,4,3.835091083413231
49017,Asturianos,2026-02-01,2,7.936507936507936
29021,Atajate,2026-02-01,0,0
37037,"Atalaya, La",2026-02-01,0,0
09029,Atapuerca,2026-02-01,0,0
47011,Ataquines,2026-02-01,3,5.1020408163265305
18022,Atarfe,2026-02-01,54,2.577319587628866
20015,Ataun,2026-02-01,2,1.1668611435239205
28016,"Atazar, El",2026-02-01,0,0
50038,Ateca,2026-02-01,1,0.5605381165919282
19044,Atienza,2026-02-01,0,0
48091,Atxondo,2026-02-01,1,0.7473841554559043
46003,Atzeneta d'Albaida,2026-02-01,1,0.8368200836820083
12001,Atzeneta del Maestrat,2026-02-01,0,0
48070,Aulesti,2026-02-01,0,0
26020,Ausejo,2026-02-01,3,3.8363171355498724
34018,Autilla del Pino,2026-02-01,0,0
34019,Autillo de Campos,2026-02-01,3,24
26021,Autol,2026-02-01,10,2.0304568527918785
33004,Avilés,2026-02-01,119,1.5675426463808206
32004,Avión,2026-02-01,1,0.5868544600938967
21010,Ayamonte,2026-02-01,39,1.753754834067812
22039,Ayerbe,2026-02-01,2,1.9029495718363465
02011,Ayna,2026-02-01,0,0
46044,Ayora,2026-02-01,8,1.5068751177246187
12017,Ayódar,2026-02-01,0,0
31042,Azagra,2026-02-01,3,0.8021390374331551
44031,Azaila,2026-02-01,0,0
20017,Azkoitia,2026-02-01,15,1.274643099932019
22042,Azlor,2026-02-01,0,0
26022,Azofra,2026-02-01,1,5.128205128205129
20018,Azpeitia,2026-02-01,18,1.176701313983134
06014,Azuaga,2026-02-01,10,1.3168290755859888
50039,Azuara,2026-02-01,1,1.8181818181818181
19046,Azuqueca de Henares,2026-02-01,74,2.070914840623513
12018,Azuébar,2026-02-01,1,2.785515320334262
12002,Aín,2026-02-01,60,451.12781954887214
14006,Añora,2026-02-01,1,0.6724949562878278
31018,Añorbe,2026-02-01,1,1.6103059581320451
45014,Añover de Tajo,2026-02-01,7,1.2836970474967906
37038,Babilafuente,2026-02-01,1,1.0718113612004287
04019,Bacares,2026-02-01,1,4.424778761061947
06015,Badajoz,2026-02-01,287,1.902299993371777
08015,Badalona,2026-02-01,494,2.1418475386096203
41014,Badolatosa,2026-02-01,1,0.3253090435914119
14007,Baena,2026-02-01,20,1.09080992637033
23009,Baeza,2026-02-01,39,2.505299672383889
48012,Bakio,2026-02-01,6,2.100840336134454
25040,Balaguer,2026-02-01,35,1.9810946963264844
04904,Balanegra,2026-02-01,9,2.960526315789474
02012,Balazote,2026-02-01,2,0.8445945945945946
24009,Balboa,2026-02-01,0,0
02014,"Ballestero, El",2026-02-01,0,0
13022,Ballesteros de Calatrava,2026-02-01,0,0
22046,Ballobar,2026-02-01,1,1.1494252873563218
48090,Balmaseda,2026-02-01,9,1.1632415664986429
03020,Balones,2026-02-01,0,0
08018,Balsareny,2026-02-01,3,0.8944543828264758
32005,Baltar,2026-02-01,0,0
32006,Bande,2026-02-01,2,1.3708019191226868
07007,Banyalbufar,2026-02-01,3,5.190311418685121
03021,Banyeres de Mariola,2026-02-01,19,2.589967284623773
17015,Banyoles,2026-02-01,39,1.867190118255374
16027,Barajas de Melo,2026-02-01,3,2.898550724637681
48013,Barakaldo,2026-02-01,169,1.6394396802607583
37040,Barbadillo,2026-02-01,0,0
09037,Barbadillo de Herreros,2026-02-01,0,0
31046,Barbarin,2026-02-01,0,0
22048,Barbastro,2026-02-01,30,1.6854879487611663
11007,Barbate,2026-02-01,48,2.1158423697434543
25041,Barbens,2026-02-01,1,1.098901098901099
06016,Barcarrota,2026-02-01,2,0.5773672055427251
08019,Barcelona,2026-02-01,3365,1.9641067516826238
47013,Barcial de la Loma,2026-02-01,0,0
45018,Barcience,2026-02-01,4,3.4782608695652177
39011,Bareyo,2026-02-01,2,0.9372071227741331
45019,Bargas,2026-02-01,23,2.0309050772626933
24011,Barjas,2026-02-01,1,7.142857142857142
38007,Barlovento,2026-02-01,3,1.4071294559099436
12020,Barracas,2026-02-01,0,0
44035,Barrachina,2026-02-01,0,0
05022,"Barraco, El",2026-02-01,5,2.399232245681382
10025,Barrado,2026-02-01,1,2.6109660574412534
02015,Barrax,2026-02-01,4,2.136752136752137
48014,Barrika,2026-02-01,2,1.3131976362442546
24012,"Barrios de Luna, Los",2026-02-01,0,0
11008,"Barrios, Los",2026-02-01,58,2.358874247600456
37044,Barruecopardo,2026-02-01,0,0
47014,Barruelo del Valle,2026-02-01,0,0
01013,Barrundia,2026-02-01,2,2.2675736961451247
46046,Barx,2026-02-01,4,2.642007926023778
46045,Barxeta,2026-02-01,4,2.5396825396825395
48015,Basauri,2026-02-01,62,1.5399135661417716
09045,Basconcillos del Tozo,2026-02-01,0,0
37045,"Bastida, La",2026-02-01,1,43.47826086956522
43022,Batea,2026-02-01,4,2.135611318739989
28017,Batres,2026-02-01,4,2.0222446916076846
18023,Baza,2026-02-01,36,1.7427506414290554
15007,"Baña, A",2026-02-01,2,0.6174745291756715
26024,Bañares,2026-02-01,2,10.101010101010102
24010,"Bañeza, La",2026-02-01,25,2.42107301956227
32007,Baños de Molgas,2026-02-01,2,1.3605442176870748
10024,Baños de Montemayor,2026-02-01,2,2.710027100271003
09035,Baños de Valdearados,2026-02-01,0,0
23011,Baños de la Encina,2026-02-01,3,1.1801730920535012
32011,Beariz,2026-02-01,0,0
21011,Beas,2026-02-01,4,0.9045680687471732
18024,Beas de Granada,2026-02-01,0,0
23012,Beas de Segura,2026-02-01,8,1.6028851933480264
20019,Beasain,2026-02-01,20,1.4266352806904916
05024,Becedas,2026-02-01,0,0
05025,Becedillas,2026-02-01,0,0
44037,Beceite,2026-02-01,1,1.7421602787456445
34029,Becerril de Campos,2026-02-01,0,0
28018,Becerril de la Sierra,2026-02-01,6,0.8913980092111127
48092,Bedia,2026-02-01,1,0.9025270758122744
27007,Begonte,2026-02-01,4,1.3831258644536653
08020,Begues,2026-02-01,24,3.1809145129224654
17013,Begur,2026-02-01,18,4.199720018665422
31051,Beire,2026-02-01,3,10.869565217391305
04023,Beires,2026-02-01,1,7.142857142857142
12022,Bejís,2026-02-01,2,5
20021,Belauntza,2026-02-01,0,0
50045,Belchite,2026-02-01,2,1.3360053440213762
25046,Belianes,2026-02-01,0,0
25048,Bell-lloc d'Urgell,2026-02-01,4,1.6956337431114878
25170,Bellaguarda,2026-02-01,1,3.484320557491289
25047,Bellcaire d'Urgell,2026-02-01,6,4.716981132075471
25049,Bellmunt d'Urgell,2026-02-01,4,22.988505747126435
43023,Bellmunt del Priorat,2026-02-01,0,0
44039,Bello,2026-02-01,1,4.926108374384237
08021,Bellprat,2026-02-01,0,0
25050,Bellpuig,2026-02-01,9,1.6271921894774906
43024,Bellvei,2026-02-01,5,2.029220779220779
25051,Bellver de Cerdanya,2026-02-01,3,1.3106159895150722
46049,Bellús,2026-02-01,4,12.658227848101266
14009,Belmez,2026-02-01,3,1.0467550593161201
16033,Belmonte,2026-02-01,4,2.2522522522522523
28019,Belmonte de Tajo,2026-02-01,3,1.5368852459016393
16034,Belmontejo,2026-02-01,0,0
09048,Belorado,2026-02-01,6,3.278688524590164
22052,Belver de Cinca,2026-02-01,7,5.451713395638629
24014,Bembibre,2026-02-01,18,2.2291021671826625
22053,Benabarre,2026-02-01,3,2.617801047120419
12024,Benafer,2026-02-01,0,0
12025,Benafigos,2026-02-01,0,0
46051,Benaguasil,2026-02-01,26,2.046116313842764
04024,Benahadux,2026-02-01,9,1.833367284579344
11901,Benalup-Casas Viejas,2026-02-01,15,2.0601565718994643
29026,Benamargosa,2026-02-01,5,3.201024327784891
18029,Benamaurel,2026-02-01,4,1.7977528089887642
29027,Benamocarra,2026-02-01,7,2.197112366603892
11009,Benaocaz,2026-02-01,1,1.3368983957219251
03022,Benasau,2026-02-01,1,5.747126436781609
22054,Benasque,2026-02-01,1,0.42265426880811496
23016,Benatae,2026-02-01,0,0
49021,Benavente,2026-02-01,30,1.7365130817318823
46052,Benavites,2026-02-01,0,0
49022,Benegiles,2026-02-01,0,0
03023,Beneixama,2026-02-01,2,1.1737089201877935
46053,Beneixida,2026-02-01,7,10.638297872340425
03024,Benejúzar,2026-02-01,25,4.288900325956425
46054,Benetússer,2026-02-01,35,2.088430097261173
03025,Benferri,2026-02-01,7,3.3365109628217353
03026,Beniarbeig,2026-02-01,8,3.149606299212598
03027,Beniardá,2026-02-01,1,4.291845493562231
46055,Beniarjó,2026-02-01,4,2.044989775051125
03028,Beniarrés,2026-02-01,3,2.688172043010753
12027,Benicarló,2026-02-01,62,2.0398762913732975
46057,Benicolet,2026-02-01,3,4.87012987012987
46904,Benicull de Xúquer,2026-02-01,1,0.8517887563884157
03030,Benidoleig,2026-02-01,1013,795.1334379905809
03031,Benidorm,2026-02-01,155,2.0074859799769462
30010,Beniel,2026-02-01,18,1.5587114651887772
46058,Benifairó de les Valls,2026-02-01,4,1.6913319238900633
46060,Benifaió,2026-02-01,28,2.2879555482922047
43025,Benifallet,2026-02-01,2,2.824858757062147
03032,Benifallim,2026-02-01,1,7.6923076923076925
46061,Beniflá,2026-02-01,1,1.9723865877712032
03029,Benigembla,2026-02-01,0,0
03034,Benijófar,2026-02-01,18,4.87012987012987
03035,Benilloba,2026-02-01,3,4.021447721179625
03036,Benillup,2026-02-01,1,9.00900900900901
03037,Benimantell,2026-02-01,3,5.514705882352941
03038,Benimarfull,2026-02-01,2,4.301075268817204
03040,Benimeli,2026-02-01,1,2.109704641350211
46063,Benimodo,2026-02-01,8,3.4246575342465753
46064,Benimuslem,2026-02-01,3,4.444444444444445
46065,Beniparrell,2026-02-01,14,6.606890042472864
03041,Benissa,2026-02-01,64,5.110188438198659
43026,Benissanet,2026-02-01,2,1.6792611251049538
04026,Benitagla,2026-02-01,0,0
12029,Benlloch,2026-02-01,128,111.69284467713787
10027,Benquerencia,2026-02-01,2,26.666666666666668
04028,Bentarique,2026-02-01,0,0
48016,Berango,2026-02-01,21,2.5432965968269348
01014,Berantevilla,2026-02-01,0,0
20022,Berastegi,2026-02-01,2,1.7937219730941705
22055,Berbegal,2026-02-01,0,0
09050,Berberana,2026-02-01,1,19.230769230769234
31053,Berbinzana,2026-02-01,2,2.998500749625187
47017,Bercero,2026-02-01,1,5.88235294117647
05026,Bercial de Zapardiel,2026-02-01,0,0
08022,Berga,2026-02-01,39,2.223615941615827
20074,Bergara,2026-02-01,21,1.45681581685744
26028,Bergasa,2026-02-01,0,0
15008,Bergondo,2026-02-01,16,2.2468754388428596
04029,Berja,2026-02-01,22,1.6926983149957682
05027,"Berlanas, Las",2026-02-01,0,0
06019,Berlanga,2026-02-01,3,1.379310344827586
42035,Berlanga de Duero,2026-02-01,2,2.4630541871921183
24019,Berlanga del Bierzo,2026-02-01,3,9.64630225080386
09051,Berlangas de Roa,2026-02-01,1,4.926108374384237
48017,Bermeo,2026-02-01,18,1.0516475812105632
49023,Bermillo de Sayago,2026-02-01,2,1.9267822736030829
01016,Bernedo,2026-02-01,1,1.8484288354898337
19051,Berninches,2026-02-01,0,0
40031,Bernuy de Porreros,2026-02-01,3,2.2338049143708116
48018,Berriatua,2026-02-01,2,1.6326530612244898
31903,Berriozar,2026-02-01,15,1.3254396041353715
48019,Berriz,2026-02-01,8,1.7609509134932864
20023,Berrobi,2026-02-01,1,1.7857142857142856
21012,Berrocal,2026-02-01,1,3.5211267605633805
37051,Berrocal de Salvatierra,2026-02-01,1,13.513513513513514
10029,Berzocana,2026-02-01,0,0
34032,Berzosilla,2026-02-01,1,22.22222222222222
15009,Betanzos,2026-02-01,21,1.5546342907906425
16035,Beteta,2026-02-01,0,0
12021,Betxí,2026-02-01,5,0.877654906090925
17021,Beuda,2026-02-01,0,0
03043,Biar,2026-02-01,6,1.6317650258362797
46071,Bicorp,2026-02-01,1,1.8315018315018314
20024,Bidania-Goiatz,2026-02-01,1,1.8796992481203008
50901,Biel,2026-02-01,0,0
22057,Bielsa,2026-02-01,1,2.092050209205021
02016,Bienservida,2026-02-01,0,0
06020,Bienvenida,2026-02-01,1,0.5
22059,Biescas,2026-02-01,1,0.6075334143377885
03044,Bigastro,2026-02-01,15,1.9880715705765406
48020,Bilbao,2026-02-01,468,1.333428306859463
22060,Binaced,2026-02-01,2,1.1904761904761907
07008,Binissalem,2026-02-01,23,2.4670170545961603
25055,Biosca,2026-02-01,0,0
50051,Biota,2026-02-01,0,0
22062,Bisaurri,2026-02-01,0,0
43027,"Bisbal de Falset, La",2026-02-01,0,0
17234,Biure,2026-02-01,1,4.405286343612335
30011,Blanca,2026-02-01,13,1.901696898771211
43029,Blancafort,2026-02-01,1,2.5510204081632653
32012,"Blancos, Os",2026-02-01,1,1.4285714285714286
17023,Blanes,2026-02-01,70,1.6491542194788673
44043,Blesa,2026-02-01,0,0
37052,Boada,2026-02-01,0,0
28022,Boadilla del Monte,2026-02-01,1806,27.232014958006
33007,Boal,2026-02-01,0,0
28023,"Boalo, El",2026-02-01,10,1.1407711613050422
26031,Bobadilla,2026-02-01,2,19.41747572815534
47020,Bobadilla del Campo,2026-02-01,1,3.5842293906810037
46072,Bocairent,2026-02-01,9,2.1479713603818618
40032,Boceguillas,2026-02-01,1,1.3404825737265416
47021,Bocigas,2026-02-01,1,13.333333333333334
06021,Bodonal de la Sierra,2026-02-01,0,0
47023,Boecillo,2026-02-01,15,3.374578177727784
02017,Bogarra,2026-02-01,0,0
10030,Bohonal de Ibor,2026-02-01,2,4.081632653061225
05037,Bohoyo,2026-02-01,0,0
15010,Boimorto,2026-02-01,4,2.2172949002217295
15011,Boiro,2026-02-01,11,0.5802299820656187
13023,Bolaños de Calatrava,2026-02-01,22,1.8150317630558535
47024,Bolaños de Campos,2026-02-01,0,0
46073,Bolbaite,2026-02-01,2,1.5151515151515151
32015,"Bolo, O",2026-02-01,1,1.2755102040816326
22066,Boltaña,2026-02-01,3,2.749770852428964
03045,Bolulla,2026-02-01,0,0
17024,Bolvir,2026-02-01,2,4.056795131845842
21014,Bonares,2026-02-01,9,1.4532536735023414
43030,Bonastre,2026-02-01,2,2.5706940874035986
02018,Bonete,2026-02-01,2,2.109704641350211
16036,Boniches,2026-02-01,0,0
05038,Bonilla de la Sierra,2026-02-01,0,0
02019,"Bonillo, El",2026-02-01,3,1.1337868480725624
46074,Bonrepòs i Mirambell,2026-02-01,5,1.2141816415735793
50053,Boquiñeni,2026-02-01,2,2.6737967914438503
17025,Bordils,2026-02-01,4,2.1929824561403506
29030,"Borge, El",2026-02-01,4,4.206098843322818
25058,"Borges Blanques, Les",2026-02-01,16,2.4775472282440383
43031,"Borges del Camp, Les",2026-02-01,3,1.297016861219196
50055,Borja,2026-02-01,10,1.926040061633282
42038,Borjabad,2026-02-01,1,34.48275862068965
41017,Bormujos,2026-02-01,50,2.1658147795200557
11010,Bornos,2026-02-01,7,0.9325872635225153
42039,Borobia,2026-02-01,0,0
45021,Borox,2026-02-01,230,52.30839208551285
12031,Borriol,2026-02-01,8,1.332001332001332
11011,"Bosque, El",2026-02-01,10,4.45632798573975
43032,Bot,2026-02-01,0,0
43033,Botarell,2026-02-01,4,3.4602076124567476
10031,Botija,2026-02-01,0,0
50056,Botorrita,2026-02-01,1,1.697792869269949
25056,Bovera,2026-02-01,0,0
24021,Boñar,2026-02-01,0,0
28024,Braojos,2026-02-01,2,8.583690987124463
13024,Brazatortas,2026-02-01,2,2.004008016032064
34036,Brañosera,2026-02-01,1,3.952569169960474
28025,Brea de Tajo,2026-02-01,3,5.181347150259067
17027,Breda,2026-02-01,8,2.0181634712411705
41018,Brenes,2026-02-01,17,1.3146701724537933
49026,Bretocino,2026-02-01,1,5.154639175257732
38008,Breña Alta,2026-02-01,9,1.203852327447833
40033,Brieva,2026-02-01,1,10.309278350515465
19053,Brihuega,2026-02-01,3,1.0402219140083218
49027,Brime de Sog,2026-02-01,0,0
49028,Brime de Urz,2026-02-01,1,10.309278350515465
26034,Briones,2026-02-01,0,0
09056,Briviesca,2026-02-01,6,0.894054537326777
26033,Briñas,2026-02-01,1,5.263157894736842
44045,Bronchales,2026-02-01,1,2.1052631578947367
22069,Broto,2026-02-01,2,3.2414910858995136
10032,Brozas,2026-02-01,5,2.9103608847497093
08025,"Bruc, El",2026-02-01,6,2.615518744551003
08026,"Brull, El",2026-02-01,0,0
28026,Brunete,2026-02-01,2403,213.39135067933577
17028,Brunyola,2026-02-01,1,2.506265664160401
50058,Bubierca,2026-02-01,1,15.151515151515152
16038,Buciegas,2026-02-01,1,26.31578947368421
19054,Budia,2026-02-01,1,4.424778761061947
45022,Buenaventura,2026-02-01,1,2.5974025974025974
37060,Buenavista,2026-02-01,0,0
34037,Buenavista de Valdavia,2026-02-01,2,6.8728522336769755
38010,Buenavista del Norte,2026-02-01,3,0.6350550381033022
36004,Bueu,2026-02-01,1,0.08453799983092401
46076,Bugarra,2026-02-01,0,0
14012,Bujalance,2026-02-01,8,1.1312217194570138
50059,Bujaraloz,2026-02-01,2,2.1186440677966103
50060,Bulbuente,2026-02-01,0,0
30012,Bullas,2026-02-01,19,1.5834652887740646
09058,Buniel,2026-02-01,2,3.1948881789137378
07010,Bunyola,2026-02-01,16,2.083876009377442
27902,Burela,2026-02-01,14,1.449575481466142
50061,Bureta,2026-02-01,0,0
49029,Burganes de Valverde,2026-02-01,1,1.6863406408094435
50062,"Burgo de Ebro, El",2026-02-01,3,1.075268817204301
29031,"Burgo, El",2026-02-01,1,0.5688282138794084
05041,Burgohondo,2026-02-01,2,1.5710919088766695
09059,Burgos,2026-02-01,282,1.5809833492179177
41019,Burguillos,2026-02-01,8,1.0659560293137909
45023,Burguillos de Toledo,2026-02-01,8,2.072002072002072
06022,Burguillos del Cerro,2026-02-01,3,1.0207553589656344
46078,Burjassot,2026-02-01,70,1.6769278681455573
03046,Busot,2026-02-01,19,5.058572949946752
28028,Bustarviejo,2026-02-01,5,1.7439832577607255
49030,Bustillo del Oro,2026-02-01,0,0
09060,Busto de Bureba,2026-02-01,0,0
48021,Busturia,2026-02-01,1,0.5906674542232723
46077,Buñol,2026-02-01,18,1.8159806295399517
31057,Buñuel,2026-02-01,3,1.296456352636128
46047,Bèlgida,2026-02-01,1,1.5360983102918586
46070,Bétera,2026-02-01,83,2.9015906310085646
37061,"Cabaco, El",2026-02-01,0,0
15014,Cabana de Bergantiños,2026-02-01,5,1.2291052114060963
15015,Cabanas,2026-02-01,7,2.1387106630003054
17030,Cabanes,2026-02-01,15,15.03006012024048
12033,Cabanes,2026-02-01,15,4.296763105127471
31062,Cabanillas,2026-02-01,1,0.7320644216691069
28029,Cabanillas de la Sierra,2026-02-01,3,3.115264797507788
19058,Cabanillas del Campo,2026-02-01,31,2.686774137632172
08027,"Cabanyes, Les",2026-02-01,275,258.45864661654133
24027,Cabañas Raras,2026-02-01,0,0
50064,Cabañas de Ebro,2026-02-01,1,2.100840336134454
45026,Cabañas de Yepes,2026-02-01,0,0
45025,Cabañas de la Sagra,2026-02-01,4,1.8340210912425492
10033,Cabañas del Castillo,2026-02-01,1,2.457002457002457
09061,Cabañes de Esgueva,2026-02-01,1,6.944444444444444
06023,Cabeza del Buey,2026-02-01,9,2.007136485280999
06024,Cabeza la Vaca,2026-02-01,1,0.7955449482895784
10034,Cabezabellosa,2026-02-01,0,0
45027,Cabezamesada,2026-02-01,1,2.8011204481792715
13025,Cabezarados,2026-02-01,0,0
13026,Cabezarrubias del Puerto,2026-02-01,0,0
05042,Cabezas de Alambre,2026-02-01,3,19.607843137254903
41020,"Cabezas de San Juan, Las",2026-02-01,11,0.6710181174891723
40036,Cabezuela,2026-02-01,0,0
10035,Cabezuela del Valle,2026-02-01,2,0.9560229445506692
05045,Cabizuela,2026-02-01,3,33.333333333333336
14013,Cabra,2026-02-01,19,0.9506654658260782
44048,Cabra de Mora,2026-02-01,3,45.45454545454545
43036,Cabra del Camp,2026-02-01,1,0.7209805335255948
08028,Cabrera d'Anoia,2026-02-01,2,1.1254924029262803
08029,Cabrera de Mar,2026-02-01,53,10.488818523649318
28030,"Cabrera, La",2026-02-01,11,3.746594005449591
37067,Cabrerizos,2026-02-01,6,1.4218009478672986
10036,Cabrero,2026-02-01,1,2.824858757062147
47029,Cabreros del Monte,2026-02-01,0,0
37068,Cabrillas,2026-02-01,3,9.49367088607595
08030,Cabrils,2026-02-01,22,2.8368794326241136
24030,Cacabelos,2026-02-01,2,0.4221190375685943
28031,Cadalso de los Vidrios,2026-02-01,8,2.3619722468260997
31064,Cadreita,2026-02-01,5,2.2925263640531863
50066,Cadrete,2026-02-01,12,2.5728987993138936
21016,Cala,2026-02-01,2,1.8050541516245489
44049,Calaceite,2026-02-01,1,1.040582726326743
08031,Calaf,2026-02-01,9,2.4813895781637716
43037,Calafell,2026-02-01,43,1.3259736655462702
26036,Calahorra,2026-02-01,39,1.5419895619168116
34041,Calahorra de Boedo,2026-02-01,0,0
18114,"Calahorra, La",2026-02-01,0,0
44050,Calamocha,2026-02-01,8,1.7286084701815039
06025,Calamonte,2026-02-01,8,1.3042060645582
44051,Calanda,2026-02-01,9,2.36655272153563
30013,Calasparra,2026-02-01,32,3.0816640986132513
50067,Calatayud,2026-02-01,28,1.3894402540690751
42046,Calatañazor,2026-02-01,0,0
50068,Calatorao,2026-02-01,8,2.7027027027027026
21017,Calañas,2026-02-01,7,2.5491624180626364
50069,Calcena,2026-02-01,1,15.384615384615385
08034,Calders,2026-02-01,2,1.784121320249777
08032,Caldes d'Estrac,2026-02-01,5,1.4934289127837517
17033,Caldes de Malavella,2026-02-01,24,2.776492364645997
08033,Caldes de Montbui,2026-02-01,57,3.072113829901908
08035,Calella,2026-02-01,33,1.588447653429603
45028,Calera y Chozas,2026-02-01,7,1.446579871874354
09064,Caleruega,2026-02-01,0,0
45029,Caleruela,2026-02-01,0,0
18037,Calicasas,2026-02-01,3,4.354136429608127
08037,Calldetenes,2026-02-01,8,2.936857562408223
46079,Calles,2026-02-01,2,4.25531914893617
03048,Callosa d'en Sarrià,2026-02-01,22,2.650283098421877
03049,Callosa de Segura,2026-02-01,37,1.8597637597386278
44052,Calomarde,2026-02-01,0,0
17034,Calonge,2026-02-01,28,2.2823606129768503
08036,Calonge de Segarra,2026-02-01,0,0
37069,Calvarrasa de Abajo,2026-02-01,4,3.2206119162640903
37070,Calvarrasa de Arriba,2026-02-01,3,4.975124378109452
07011,Calvià,2026-02-01,53,0.9799933434414408
13027,Calzada de Calatrava,2026-02-01,4,1.0878433505575196
37072,Calzada de Don Diego,2026-02-01,0,0
45030,Calzada de Oropesa,2026-02-01,0,0
37073,Calzada de Valdunciel,2026-02-01,0,0
34042,Calzada de los Molinos,2026-02-01,0,0
24031,Calzada del Coto,2026-02-01,0,0
10040,Calzadilla,2026-02-01,0,0
49032,Calzadilla de Tera,2026-02-01,0,0
06027,Calzadilla de los Barros,2026-02-01,3,4.411764705882353
39015,Camaleño,2026-02-01,0,0
25062,Camarasa,2026-02-01,1,1.25
45031,Camarena,2026-02-01,8,1.6528925619834711
44054,Camarena de la Sierra,2026-02-01,1,7.194244604316547
45032,Camarenilla,2026-02-01,0,0
39016,Camargo,2026-02-01,6,0.19635435415780345
44055,Camarillas,2026-02-01,0,0
15016,Camariñas,2026-02-01,3,0.5920663114268797
43903,Camarles,2026-02-01,9,2.5721634752786513
28032,Camarma de Esteruelas,2026-02-01,15,1.7981299448573482
41021,Camas,2026-02-01,52,1.7813709705046077
44053,Camañas,2026-02-01,0,0
23018,Cambil,2026-02-01,5,1.885369532428356
15017,Cambre,2026-02-01,21,0.8477655322756449
43038,Cambrils,2026-02-01,96,2.589834898025251
10041,Caminomorisco,2026-02-01,1,0.9090909090909091
44056,Caminreal,2026-02-01,0,0
41022,"Campana, La",2026-02-01,5,0.9765625
06028,Campanario,2026-02-01,3,0.6382978723404255
07012,Campanet,2026-02-01,7,2.4518388791593693
47030,Campaspero,2026-02-01,0,0
17037,Campelles,2026-02-01,0,0
03050,"Campello, el",2026-02-01,83,2.629328095796243
16042,Campillo de Altobuey,2026-02-01,1,0.7639419404125286
09065,Campillo de Aranda,2026-02-01,0,0
23019,Campillo de Arenas,2026-02-01,2,1.1682242990654206
06029,Campillo de Llerena,2026-02-01,2,1.5082956259426847
19060,Campillo de Ranas,2026-02-01,1,6.622516556291391
45033,"Campillo de la Jara, El",2026-02-01,0,0
21018,"Campillo, El",2026-02-01,5,2.4888003982080633
47031,"Campillo, El",2026-02-01,5,24.390243902439025
29032,Campillos,2026-02-01,15,1.75377060680463
08039,Campins,2026-02-01,1,1.7006802721088434
17038,Campllong,2026-02-01,4,7.49063670411985
22074,Campo,2026-02-01,2,4.032258064516129
10043,Campo Lugar,2026-02-01,0,0
28033,Campo Real,2026-02-01,15,2.1536252692031588
13028,Campo de Criptana,2026-02-01,27,2.095785143211985
37077,"Campo de Peñaranda, El",2026-02-01,1,4.149377593360996
40039,Campo de San Pedro,2026-02-01,3,11.71875
24033,Campo de Villavidel,2026-02-01,0,0
24034,Camponaraya,2026-02-01,8,1.9680196801968017
47032,Camporredondo,2026-02-01,0,0
46080,Camporrobles,2026-02-01,4,3.392705682782019
07013,Campos,2026-02-01,35,2.797761790567546
17039,Camprodon,2026-02-01,8,3.125
45034,Camuñas,2026-02-01,0,0
47033,Canalejas de Peñafiel,2026-02-01,0,0
16045,Canalejas del Arroyo,2026-02-01,0,0
05046,Canales,2026-02-01,0,0
26038,Canales de la Sierra,2026-02-01,1,11.904761904761903
46081,Canals,2026-02-01,29,2.1006881564650492
22077,Candasnos,2026-02-01,0,0
38011,Candelaria,2026-02-01,32,1.094391244870041
37078,Candelario,2026-02-01,1,1.201923076923077
05047,Candeleda,2026-02-01,4,0.8001600320064013
42049,Candilichera,2026-02-01,0,0
23020,Canena,2026-02-01,4,2.3391812865497075
17040,Canet d'Adri,2026-02-01,3,4.0431266846361185
46082,Canet d'En Berenguer,2026-02-01,21,2.540527461892088
08040,Canet de Mar,2026-02-01,31,2.040681982752946
12036,Canet lo Roig,2026-02-01,1,1.4124293785310735
22078,Canfranc,2026-02-01,2,3.1645569620253164
09067,Canicosa de la Sierra,2026-02-01,1,2.4390243902439024
18039,Caniles,2026-02-01,8,2.041337075784639
29033,Canillas de Aceituno,2026-02-01,2,1.1198208286674132
29034,Canillas de Albaida,2026-02-01,4,4.878048780487805
43907,"Canonja, La",2026-02-01,10,1.6686133822793259
08041,Canovelles,2026-02-01,21,1.2037833190025795
37080,Cantagallo,2026-02-01,2,7.092198581560283
37081,Cantalapiedra,2026-02-01,0,0
40040,Cantalejo,2026-02-01,6,1.6597510373443982
17041,Cantallops,2026-02-01,0,0
37082,Cantalpino,2026-02-01,1,1.2453300124533002
37083,Cantaracillo,2026-02-01,1,5.319148936170213
44059,Cantavieja,2026-02-01,1,1.375515818431912
41023,Cantillana,2026-02-01,26,2.4145616641901935
40041,Cantimpalos,2026-02-01,1,0.6548788474132285
04031,Cantoria,2026-02-01,4,1.1077263915812794
08043,Canyelles,2026-02-01,18,3.2763014197306153
31065,Caparroso,2026-02-01,7,2.403020940611054
07014,Capdepera,2026-02-01,57,4.286358850955031
22079,Capdesaso,2026-02-01,0,0
15018,"Capela, A",2026-02-01,2,1.7182130584192439
22080,Capella,2026-02-01,6,16.75977653631285
08044,Capellades,2026-02-01,9,1.607717041800643
34045,Capillas,2026-02-01,0,0
17042,Capmany,2026-02-01,1,1.4771048744460857
43040,Capçanes,2026-02-01,2,4.484304932735426
28035,Carabaña,2026-02-01,7,2.834008097165992
30015,Caravaca de la Cruz,2026-02-01,50,1.9057783198658331
09070,Carazo,2026-02-01,1,23.809523809523807
49036,Carbajales de Alba,2026-02-01,0,0
37085,Carbajosa de la Sagrada,2026-02-01,13,1.6698779704560052
32018,Carballeda de Avia,2026-02-01,1,0.8532423208191127
32019,"Carballiño, O",2026-02-01,26,1.8260991712319146
15019,Carballo,2026-02-01,31,0.9658825362205951
04032,Carboneras,2026-02-01,5,0.5912961210974456
16055,Carboneras de Guadazaón,2026-02-01,1,1.25
40043,Carbonero el Mayor,2026-02-01,1,0.4063388866314506
23021,Carboneros,2026-02-01,0,0
10047,Carcaboso,2026-02-01,2,1.8552875695732838
14015,Carcabuey,2026-02-01,2,0.8613264427217916
46083,Carcaixent,2026-02-01,36,1.6443612113460924
31067,Carcastillo,2026-02-01,3,1.2442969722107011
09072,Carcedo de Burgos,2026-02-01,1,1.9455252918287937
08046,Cardedeu,2026-02-01,38,1.9947506561679789
14016,Cardeña,2026-02-01,2,1.4398848092152627
09073,Cardeñadijo,2026-02-01,2,1.3831258644536653
09074,Cardeñajimeno,2026-02-01,0,0
34046,Cardeñosa de Volpejera,2026-02-01,0,0
09075,Cardeñuela Riopico,2026-02-01,0,0
45035,Cardiel de los Montes,2026-02-01,2,4.938271604938271
08047,Cardona,2026-02-01,8,1.762114537444934
50072,Carenas,2026-02-01,1,5.88235294117647
50073,Cariñena,2026-02-01,4,1.1108025548458762
15901,Cariño,2026-02-01,3,0.8216926869350862
46085,Carlet,2026-02-01,27,1.6039921582605596
14017,"Carlota, La",2026-02-01,21,1.446280991735537
08048,Carme,2026-02-01,1,1.1627906976744187
45036,Carmena,2026-02-01,4,5.018820577164366
41024,Carmona,2026-02-01,36,1.1838989739542227
06031,Carmonita,2026-02-01,2,3.8910505836575875
15020,Carnota,2026-02-01,2,0.5295207836907598
23024,"Carolina, La",2026-02-01,14,0.952899537163082
47035,Carpio,2026-02-01,3,3.246753246753247
45037,"Carpio de Tajo, El",2026-02-01,1,0.513347022587269
14018,"Carpio, El",2026-02-01,7,1.6199953714417958
24038,Carracedelo,2026-02-01,1,0.29188558085230587
15021,Carral,2026-02-01,9,1.3165593914569924
45038,Carranque,2026-02-01,6,1.100715465052284
37087,Carrascal de Barregas,2026-02-01,0,0
42053,Carrascosa de Abajo,2026-02-01,0,0
29036,Carratraca,2026-02-01,1,1.25
05051,"Carrera, La",2026-02-01,0,0
09076,Carrias,2026-02-01,0,0
45039,Carriches,2026-02-01,0,0
13032,Carrizosa,2026-02-01,0,0
30016,Cartagena,2026-02-01,234,1.061705989110708
29037,Cartajima,2026-02-01,0,0
21021,Cartaya,2026-02-01,37,1.7098756874162393
39018,Cartes,2026-02-01,5,0.8523695874531196
24041,Carucedo,2026-02-01,1,2.092050209205021
19070,Casa de Uceda,2026-02-01,14,108.52713178294573
29039,Casabermeja,2026-02-01,4,0.9555661729574773
26042,Casalarreina,2026-02-01,0,0
45040,"Casar de Escalona, El",2026-02-01,1,0.43840420868040336
10050,Casar de Palomero,2026-02-01,2,2.014098690835851
19071,"Casar, El",2026-02-01,29,2.082734846308532
29040,Casarabonela,2026-02-01,7,2.479631597591215
42055,Casarejos,2026-02-01,1,6.896551724137931
29041,Casares,2026-02-01,30,3.3392698130008904
10051,Casares de las Hurdes,2026-02-01,3,8.241758241758243
41026,Casariche,2026-02-01,13,2.4583963691376702
45041,Casarrubios del Monte,2026-02-01,21,2.800746865830888
28036,Casarrubuelos,2026-02-01,26,5.967408767500574
06033,Casas de Don Pedro,2026-02-01,0,0
16061,Casas de Fernando Alonso,2026-02-01,4,3.686635944700461
16063,Casas de Guijarro,2026-02-01,0,0
16064,Casas de Haro,2026-02-01,3,3.6809815950920246
10057,Casas de Miravete,2026-02-01,0,0
02023,Casas de Ves,2026-02-01,1,1.8867924528301887
16065,Casas de los Pinos,2026-02-01,0,0
10054,Casas del Castañar,2026-02-01,2,3.454231433506045
37090,"Casas del Conde, Las",2026-02-01,0,0
10055,Casas del Monte,2026-02-01,0,0
49039,Casaseca de las Chanas,2026-02-01,1,2.680965147453083
16066,Casasimarro,2026-02-01,8,2.5031289111389237
10058,Casatejada,2026-02-01,7,5.0359712230215825
05054,Casavieja,2026-02-01,1,0.7293946024799417
31068,Cascante,2026-02-01,4,0.9476427386875148
05055,Casillas,2026-02-01,2,2.976190476190476
10059,Casillas de Coria,2026-02-01,1,2.824858757062147
37091,Casillas de Flores,2026-02-01,0,0
46089,Casinos,2026-02-01,8,2.545338848234171
50074,Caspe,2026-02-01,20,1.9221528111484865
08049,Casserres,2026-02-01,5,3.003003003003003
03053,Castalla,2026-02-01,30,2.521008403361345
10060,Castañar de Ibor,2026-02-01,1,0.9737098344693281
26043,Castañares de Rioja,2026-02-01,1,2.2727272727272725
39019,Castañeda,2026-02-01,3,0.9124087591240876
22085,Castelflorite,2026-02-01,0,0
03054,Castell de Castells,2026-02-01,0,0
03075,"Castell de Guadalest, el",2026-02-01,3,10.714285714285714
08057,Castell de l'Areny,2026-02-01,1,14.705882352941176
17048,Castell-Platja d'Aro,2026-02-01,13,1.0086119947241834
09079,Castellanos de Castro,2026-02-01,1,20.833333333333332
37092,Castellanos de Moriscos,2026-02-01,9,2.8589580686149936
23025,Castellar,2026-02-01,2,0.6357279084551812
13033,Castellar de Santiago,2026-02-01,5,2.922267679719462
11013,Castellar de la Frontera,2026-02-01,12,4.005340453938585
19076,Castellar de la Muela,2026-02-01,1,52.63157894736842
25064,Castellar de la Ribera,2026-02-01,1,7.633587786259541
08052,Castellar de n'Hug,2026-02-01,0,0
08050,Castellar del Riu,2026-02-01,1,6.622516556291391
08053,Castellbell i el Vilar,2026-02-01,11,2.6423252462166706
08054,Castellbisbal,2026-02-01,34,2.603767805176903
08055,Castellcir,2026-02-01,0,0
25067,Castelldans,2026-02-01,0,0
08056,Castelldefels,2026-02-01,175,2.511156710528204
08058,Castellet i la Gornal,2026-02-01,7,2.5243418680129825
17046,Castellfollit de la Roca,2026-02-01,5,5.208333333333333
08059,Castellfollit del Boix,2026-02-01,6,12.793176972281449
08062,Castellnou de Bages,2026-02-01,3,2.0394289598912305
25068,Castellnou de Seana,2026-02-01,1,1.364256480218281
12039,Castellnovo,2026-02-01,2,2.1953896816684964
44071,Castellote,2026-02-01,1,1.5015015015015014
08064,Castellterçol,2026-02-01,1,0.36469730123997085
43042,Castellvell del Camp,2026-02-01,10,3.332222592469177
46090,Castelló de Rugat,2026-02-01,3,1.2820512820512822
46092,Castielfabib,2026-02-01,10,35.46099290780142
22086,Castiello de Jaca,2026-02-01,0,0
22087,Castigaleu,2026-02-01,0,0
34048,Castil de Vela,2026-02-01,1,18.51851851851852
06035,Castilblanco,2026-02-01,0,0
19078,Castilforte,2026-02-01,0,0
50078,Castiliscar,2026-02-01,1,4.545454545454545
22088,Castillazuelo,2026-02-01,0,0
41029,Castilleja de la Cuesta,2026-02-01,25,1.4647293180220295
41030,Castilleja del Campo,2026-02-01,0,0
45043,Castillo de Bayuela,2026-02-01,1,1.1086474501108647
16072,Castillo de Garcimuñoz,2026-02-01,2,16.260162601626018
12041,Castillo de Villamalefa,2026-02-01,0,0
22089,Castillonroy,2026-02-01,3,8.849557522123893
42057,Castilruiz,2026-02-01,2,11.76470588235294
32021,Castrelo do Val,2026-02-01,0,0
18046,Castril,2026-02-01,0,0
34050,Castrillo de Don Juan,2026-02-01,0,0
47038,Castrillo de Duero,2026-02-01,0,0
34051,Castrillo de Onielo,2026-02-01,1,10.989010989010989
09085,Castrillo de la Vega,2026-02-01,3,4.784688995215311
09086,Castrillo del Val,2026-02-01,4,4.667444574095682
47039,Castrillo-Tejeriego,2026-02-01,0,0
47041,Castrodeza,2026-02-01,0,0
49041,Castrogonzalo,2026-02-01,3,6.928406466512702
09091,Castrojeriz,2026-02-01,1,1.2626262626262628
34053,Castromocho,2026-02-01,1,5.181347150259067
47043,Castromonte,2026-02-01,1,3.125
47045,Castronuño,2026-02-01,1,1.3422818791946307
33017,Castropol,2026-02-01,4,1.2496094970321774
47046,Castroponce,2026-02-01,0,0
27011,Castroverde,2026-02-01,1,0.4038772213247173
49043,Castroverde de Campos,2026-02-01,1,4.0983606557377055
47047,Castroverde de Cerrato,2026-02-01,1,5.208333333333333
06036,Castuera,2026-02-01,4,0.7335411699981661
46093,Catadau,2026-02-01,6,1.9730351857941466
46094,Catarroja,2026-02-01,75,2.4500196001568013
43043,"Catllar, El",2026-02-01,15,2.7844811583441618
03055,Catral,2026-02-01,23,2.383666701212561
12042,Catí,2026-02-01,2,2.7027027027027026
02025,Caudete,2026-02-01,8,0.7632859459975193
46095,Caudete de las Fuentes,2026-02-01,0,0
12043,Caudiel,2026-02-01,2,2.717391304347826
09063,Cavia,2026-02-01,0,0
09093,Cayuela,2026-02-01,0,0
45045,Cazalegas,2026-02-01,5,2.2512381809995494
23027,Cazalilla,2026-02-01,0,0
41032,Cazalla de la Sierra,2026-02-01,7,1.5095967220185464
23028,Cazorla,2026-02-01,5,0.7232749891508752
03052,Cañada,2026-02-01,3,2.4610336341263332
41901,Cañada Rosal,2026-02-01,3,0.8620689655172413
44062,Cañada Vellida,2026-02-01,1,27.777777777777775
16046,Cañada del Hoyo,2026-02-01,1,4.5662100456621
16048,Cañamares,2026-02-01,0,0
10044,Cañamero,2026-02-01,2,1.266624445851805
10045,Cañaveral,2026-02-01,2,1.998001998001998
16050,Cañaveras,2026-02-01,1,4.11522633744856
16051,Cañaveruelas,2026-02-01,0,0
16052,Cañete,2026-02-01,1,1.1494252873563218
14014,Cañete de las Torres,2026-02-01,4,1.4477017734346724
29035,Cañete la Real,2026-02-01,1,0.6341154090044389
49034,Cañizal,2026-02-01,0,0
19066,Cañizar,2026-02-01,1,12.658227848101266
16053,Cañizares,2026-02-01,1,2.257336343115124
49035,Cañizo,2026-02-01,1,5.076142131979695
24051,Cea,2026-02-01,0,0
45046,Cebolla,2026-02-01,3,0.911854103343465
05057,Cebreros,2026-02-01,8,2.39736290080911
15022,Cedeira,2026-02-01,4,0.6085501293169024
10062,Cedillo,2026-02-01,1,2.2123893805309733
40052,Cedillo de la Torre,2026-02-01,1,12.5
45047,Cedillo del Condado,2026-02-01,6,1.29926375054136
44074,Cedrillas,2026-02-01,1,1.524390243902439
15023,Cee,2026-02-01,13,1.681541844522054
47048,Ceinos de Campos,2026-02-01,0,0
44075,Celadas,2026-02-01,0,0
32024,Celanova,2026-02-01,5,0.8779631255487269
44076,Cella,2026-02-01,3,1.1135857461024499
17189,"Cellera de Ter, La",2026-02-01,3,1.4756517461878995
18047,Cenes de la Vega,2026-02-01,24,2.895403546869345
26046,Cenicero,2026-02-01,1,0.45955882352941174
28037,Cenicientos,2026-02-01,3,1.3972985561248255
02026,Cenizate,2026-02-01,2,1.7137960582690661
32025,Cenlle,2026-02-01,1,0.9372071227741331
08067,Centelles,2026-02-01,15,1.9083969465648853
19082,Centenera,2026-02-01,1,6.289308176100629
37098,Cepeda,2026-02-01,1,3.4965034965034967
15024,Cerceda,2026-02-01,14,2.7381185214159984
28038,Cercedilla,2026-02-01,18,2.3130300693909023
08268,Cercs,2026-02-01,1,0.8090614886731392
46096,Cerdà,2026-02-01,1,2.6954177897574128
37099,Cereceda de la Sierra,2026-02-01,1,18.18181818181818
49046,Cerecinos de Campos,2026-02-01,0,0
49047,Cerecinos del Carrizal,2026-02-01,0,0
10063,Cerezo,2026-02-01,0,0
40053,Cerezo de Abajo,2026-02-01,1,6.578947368421052
40054,Cerezo de Arriba,2026-02-01,0,0
37101,Cerralbo,2026-02-01,0,0
45048,"Cerralbos, Los",2026-02-01,0,0
37102,"Cerro, El",2026-02-01,1,2.7472527472527473
34055,Cervatos de la Cueza,2026-02-01,0,0
25072,Cervera,2026-02-01,14,1.4537902388369677
34056,Cervera de Pisuerga,2026-02-01,1,0.43936731107205623
45049,Cervera de los Montes,2026-02-01,1,1.9569471624266144
16073,Cervera del Llano,2026-02-01,0,0
12044,Cervera del Maestre,2026-02-01,2,3.1695721077654517
27013,Cervo,2026-02-01,6,1.452784503631961
37103,Cespedosa de Tormes,2026-02-01,0,0
50081,Cetina,2026-02-01,0,0
51001,Ceuta,2026-02-01,174,2.0821616188208267
22094,Chalamera,2026-02-01,1,8.403361344537815
18059,Chauchina,2026-02-01,26,4.461987300497682
40065,Chañe,2026-02-01,0,0
06042,Cheles,2026-02-01,3,2.553191489361702
46107,Chella,2026-02-01,5,2.025111381125962
46106,Chelva,2026-02-01,3,1.7133066818960594
46108,Chera,2026-02-01,0,0
04036,Chercos,2026-02-01,2,6.557377049180328
46109,Cheste,2026-02-01,18,1.9782393669634024
23029,Chiclana de Segura,2026-02-01,6,6.904487917146144
11015,Chiclana de la Frontera,2026-02-01,223,2.450630240557381
19105,Chiloeches,2026-02-01,7,1.7019207391198639
18061,Chimeneas,2026-02-01,1,0.7911392405063291
22096,Chimillas,2026-02-01,0,0
11016,Chipiona,2026-02-01,38,1.892618786731746
50092,Chiprana,2026-02-01,0,0
04037,Chirivel,2026-02-01,2,1.2232415902140672
46111,Chiva,2026-02-01,53,2.9246220064010595
50093,Chodes,2026-02-01,1,10.204081632653061
24065,Chozas de Abajo,2026-02-01,1,0.3675119441381845
45056,Chozas de Canales,2026-02-01,5,0.9928514694201747
21030,Chucena,2026-02-01,2,0.858000858000858
45057,Chueca,2026-02-01,0,0
46112,Chulilla,2026-02-01,2,2.8089887640449436
18062,Churriana de la Vega,2026-02-01,34,2.0105256933356985
12056,Chóvar,2026-02-01,0,0
42061,Cidones,2026-02-01,0,0
28040,Ciempozuelos,2026-02-01,31,1.1807724537213378
16074,"Cierva, La",2026-02-01,0,0
39021,Cieza,2026-02-01,63,119.54459203036052
30019,Cieza,2026-02-01,63,1.7770506600473879
19086,Cifuentes,2026-02-01,3,1.736111111111111
47050,Cigales,2026-02-01,12,2.1994134897360706
47051,Ciguñuela,2026-02-01,0,0
26049,Cihuri,2026-02-01,1,4.854368932038835
18048,Cijuela,2026-02-01,7,1.8238665971860344
10064,Cilleros,2026-02-01,0,0
09103,Cilleruelo de Abajo,2026-02-01,2,9.47867298578199
24054,Cimanes de la Vega,2026-02-01,3,6.756756756756757
24055,Cimanes del Tejar,2026-02-01,1,1.3888888888888888
12046,Cirat,2026-02-01,1,4.545454545454545
42064,Ciria,2026-02-01,0,0
19088,Ciruelas,2026-02-01,0,0
45050,Ciruelos,2026-02-01,2,2.67022696929239
09105,Ciruelos de Cervera,2026-02-01,0,0
26050,Cirueña,2026-02-01,2,10.362694300518134
34059,Cisneros,2026-02-01,0,0
17051,Cistella,2026-02-01,2,7.017543859649123
24056,Cistierna,2026-02-01,0,0
13034,Ciudad Real,2026-02-01,134,1.7611418507760854
37107,Ciudad Rodrigo,2026-02-01,16,1.3636751044063753
07015,Ciutadella de Menorca,2026-02-01,62,1.8949234389804088
25074,Ciutadilla,2026-02-01,0,0
25075,Clariana de Cardener,2026-02-01,0,0
26051,Clavijo,2026-02-01,2,6.825938566552901
33018,Coaña,2026-02-01,2,0.6035003017501509
45051,Cobeja,2026-02-01,5,1.840264998159735
19090,Cobeta,2026-02-01,1,9.900990099009901
28041,Cobeña,2026-02-01,26,3.3964728935336383
45052,Cobisa,2026-02-01,19,4.164839982463832
34060,Cobos de Cerrato,2026-02-01,0,0
49050,Cobreros,2026-02-01,2,3.6832412523020257
40057,Coca,2026-02-01,4,2.3391812865497075
03056,Cocentaina,2026-02-01,24,2.0895002611875326
50086,Codos,2026-02-01,0,0
06037,"Codosera, La",2026-02-01,4,2.0222446916076846
46097,Cofrentes,2026-02-01,4,3.5938903863432166
47054,Cogeces del Monte,2026-02-01,1,1.5625
19091,Cogollor,2026-02-01,0,0
09108,Cogollos,2026-02-01,5,7.288629737609329
18049,Cogollos de Guadix,2026-02-01,3,4.878048780487805
19092,Cogolludo,2026-02-01,1,1.7152658662092624
25076,"Cogul, El",2026-02-01,0,0
17054,Colera,2026-02-01,0,0
05061,"Colilla, La",2026-02-01,2,5.319148936170213
39023,Colindres,2026-02-01,21,2.450122506125306
28046,Collado Mediano,2026-02-01,3762,485.48199767711964
28047,Collado Villalba,2026-02-01,130,1.9130025310495025
05062,Collado de Contreras,2026-02-01,0,0
08070,Collsuspina,2026-02-01,1,2.5641025641025643
29043,Colmenar,2026-02-01,13,3.5665294924554187
28045,Colmenar Viejo,2026-02-01,165,2.813107375456064
28043,Colmenar de Oreja,2026-02-01,17,1.8416206261510129
28042,Colmenar del Arroyo,2026-02-01,38,18.50949829517779
28044,Colmenarejo,2026-02-01,13,1.3326499231163504
18051,Colomera,2026-02-01,4,3.105590062111801
17055,Colomers,2026-02-01,0,0
33019,Colunga,2026-02-01,3,0.946969696969697
29044,Comares,2026-02-01,2,1.486988847583643
39024,Comillas,2026-02-01,3,1.448575567358764
19095,Condemios de Abajo,2026-02-01,1,76.92307692307693
03057,Confrides,2026-02-01,1,3.4129692832764507
34062,Congosto de Valdavia,2026-02-01,1,7.575757575757576
19097,Congostrina,2026-02-01,1,55.55555555555555
11014,Conil de la Frontera,2026-02-01,49,2.030414784734596
14020,Conquista,2026-02-01,1,2.717391304347826
10066,Conquista de la Sierra,2026-02-01,1,5.208333333333333
07016,Consell,2026-02-01,13,2.878653675819309
41033,Constantina,2026-02-01,4,0.6968641114982579
45053,Consuegra,2026-02-01,18,1.835610850499694
49052,Coomonte,2026-02-01,1,5.555555555555555
08071,Copons,2026-02-01,2,5.681818181818182
46098,Corbera,2026-02-01,12,3.650745360511104
43048,Corbera d'Ebre,2026-02-01,1,0.9765625
08072,Corbera de Llobregat,2026-02-01,53,3.3034156070805287
25078,Corbins,2026-02-01,3,2.0134228187919465
37110,Cordovilla,2026-02-01,25,238.09523809523807
19099,Corduente,2026-02-01,1,3.3670033670033668
31077,Corella,2026-02-01,20,2.289901534234028
26053,Corera,2026-02-01,1,3.5335689045936394
49053,Coreses,2026-02-01,4,3.780718336483932
10067,Coria,2026-02-01,15,1.2495834721759413
41035,Coripe,2026-02-01,1,0.8203445447087777
15029,Coristanco,2026-02-01,3,0.5255781359495445
26054,Cornago,2026-02-01,1,3.3333333333333335
43049,Cornudella de Montsant,2026-02-01,3,2.9585798816568047
06039,"Coronada, La",2026-02-01,4,1.8726591760299625
41036,"Coronil, El",2026-02-01,9,1.934651762682717
28048,Corpa,2026-02-01,2,2.395209580838323
45054,Corral de Almaguer,2026-02-01,6,1.1235955056179776
13035,Corral de Calatrava,2026-02-01,1,0.8605851979345955
39025,"Corrales de Buelna, Los",2026-02-01,17,1.5525114155251143
49054,Corrales del Vino,2026-02-01,2,2.1413276231263385
41037,"Corrales, Los",2026-02-01,10,2.4931438544003988
06040,Corte de Peleas,2026-02-01,1,0.851063829787234
21025,Cortegana,2026-02-01,2,0.4332755632582322
31078,Cortes,2026-02-01,6,1.8963337547408343
18053,Cortes de Baza,2026-02-01,3,1.6968325791855203
46099,Cortes de Pallás,2026-02-01,2,2.728512960436562
29046,Cortes de la Frontera,2026-02-01,3,0.9823182711198427
18054,Cortes y Graena,2026-02-01,3,3.1545741324921135
09112,Coruña del Conde,2026-02-01,0,0
28049,Coslada,2026-02-01,285,3.5463199153860514
07017,Costitx,2026-02-01,7,4.329004329004329
12049,Costur,2026-02-01,2,3.9215686274509802
50088,Cosuenda,2026-02-01,1,2.9154518950437316
49055,Cotanes del Monte,2026-02-01,0,0
42069,Covaleda,2026-02-01,3,1.9206145966709347
09113,Covarrubias,2026-02-01,0,0
12050,"Coves de Vinromà, les",2026-02-01,7,3.721424774056353
03058,Cox,2026-02-01,23,2.981591910811512
43050,Creixell,2026-02-01,9,2.120640904806786
05065,Crespos,2026-02-01,2,4.264392324093817
44086,Cretas,2026-02-01,0,0
03059,Crevillent,2026-02-01,69,2.2344559585492227
06041,Cristina,2026-02-01,3,5.474452554744526
10068,Cuacos de Yuste,2026-02-01,2,2.472187886279357
24061,Cuadros,2026-02-01,1,0.4821600771456124
32028,Cualedro,2026-02-01,0,0
50089,Cuarte de Huerva,2026-02-01,50,3.250975292587776
28050,Cubas de la Sagra,2026-02-01,11,1.5241790217541915
08074,Cubelles,2026-02-01,38,2.1532184950135993
25079,Cubells,2026-02-01,1,2.824858757062147
34066,Cubillas de Cerrato,2026-02-01,1,16.949152542372882
47057,Cubillas de Santa Marta,2026-02-01,0,0
40062,Cubillo,2026-02-01,1,13.513513513513514
24064,Cubillos del Sil,2026-02-01,2,1.1435105774728416
09115,Cubo de Bureba,2026-02-01,0,0
33021,Cudillero,2026-02-01,1,0.2042483660130719
49059,Cuelgamures,2026-02-01,0,0
16078,Cuenca,2026-02-01,80,1.4880675582671452
47058,Cuenca de Campos,2026-02-01,3,16.666666666666668
45055,Cuerva,2026-02-01,4,3.177124702144559
44092,"Cuervo, El",2026-02-01,14,160.91954022988506
16079,Cueva del Hierro,2026-02-01,0,0
29047,Cuevas Bajas,2026-02-01,7,5.212211466865227
44094,Cuevas Labradas,2026-02-01,2,15.873015873015872
29049,Cuevas de San Marcos,2026-02-01,5,1.3721185510428102
04035,Cuevas del Almanzora,2026-02-01,48,3.109815354713314
29048,Cuevas del Becerro,2026-02-01,2,1.2360939431396785
18912,Cuevas del Campo,2026-02-01,3,1.6295491580662682
12051,Culla,2026-02-01,0,0
46105,Cullera,2026-02-01,48,1.9495552577068356
15031,Culleredo,2026-02-01,17,0.5443135245901639
10069,"Cumbre, La",2026-02-01,1,1.2239902080783354
21029,Cumbres Mayores,2026-02-01,0,0
21027,Cumbres de Enmedio,2026-02-01,0,0
43051,Cunit,2026-02-01,41,2.514720314033366
15032,Curtis,2026-02-01,6,1.417434443656981
10037,Cáceres,2026-02-01,257,2.66051056957701
11012,Cádiz,2026-02-01,194,1.7616665001861556
14021,Córdoba,2026-02-01,688,2.1224152344991194
28053,Daganzo de Arriba,2026-02-01,176,16.359918200409
13039,Daimiel,2026-02-01,23,1.2964319936869397
46113,Daimús,2026-02-01,14,3.8813418353202107
17060,Darnius,2026-02-01,4,7.1301247771836005
50094,Daroca,2026-02-01,2,1.0526315789473684
18063,Darro,2026-02-01,1,0.5878894767783657
17061,Das,2026-02-01,2,7.662835249042145
03061,Daya Nueva,2026-02-01,11,5.844845908607864
03062,Daya Vieja,2026-02-01,7,9.803921568627452
20029,Deba,2026-02-01,5,0.9304056568663938
33022,Degaña,2026-02-01,0,0
18065,Dehesas Viejas,2026-02-01,0,0
18064,Dehesas de Guadix,2026-02-01,2,5.235602094240838
18066,Deifontes,2026-02-01,5,1.9230769230769231
07018,Deià,2026-02-01,3,3.9840637450199203
10070,Deleitosa,2026-02-01,4,5.830903790087463
43901,Deltebre,2026-02-01,28,2.3190326321020374
48901,Derio,2026-02-01,10,1.372495196266813
42076,Deza,2026-02-01,1,6.134969325153374
31080,Dicastillo,2026-02-01,1,1.7825311942959001
18067,Diezma,2026-02-01,2,2.389486260454002
48026,Dima,2026-02-01,1,0.6548788474132285
15033,Dodro,2026-02-01,0,0
03064,Dolores,2026-02-01,30,3.599280143971206
46114,Domeño,2026-02-01,2,2.770083102493075
06044,Don Benito,2026-02-01,74,1.9469073114262412
31081,Donamaria,2026-02-01,1,2.247191011235955
46115,Dos Aguas,2026-02-01,1,2.932551319648094
41038,Dos Hermanas,2026-02-01,241,1.6916673101085897
14023,Dos Torres,2026-02-01,7,2.964845404489623
08075,Dosrius,2026-02-01,16,2.5368638021246235
37116,Doñinos de Ledesma,2026-02-01,2,31.746031746031743
37117,Doñinos de Salamanca,2026-02-01,2,0.8771929824561404
19107,Driebes,2026-02-01,0,0
34069,Dueñas,2026-02-01,3,1.152073732718894
48027,Durango,2026-02-01,30,0.9940028494748352
42078,Duruelo de la Sierra,2026-02-01,0,0
03063,Dénia,2026-02-01,144,3.0272452068617555
48028,Ea,2026-02-01,2,2.4330900243309004
20030,Eibar,2026-02-01,43,1.565685988930964
07026,Eivissa,2026-02-01,149,2.7275389909936294
50095,Ejea de los Caballeros,2026-02-01,27,1.568035309832162
04902,"Ejido, El",2026-02-01,148,1.6332476246178973
48031,Elantxobe,2026-02-01,0,0
02030,Elche de la Sierra,2026-02-01,9,2.4958402662229617
01022,Elciego,2026-02-01,2,2.061855670103093
03066,Elda,2026-02-01,79,1.4220398171148791
20031,Elduain,2026-02-01,0,0
20033,Elgeta,2026-02-01,1,0.88261253309797
20032,Elgoibar,2026-02-01,16,1.3664702365701598
31087,Elgorriaga,2026-02-01,0,0
46116,"Eliana, l'",2026-02-01,67,3.358059342421812
10072,Eljas,2026-02-01,1,1.2106537530266344
48032,Elorrio,2026-02-01,15,2.0531070353134413
46117,Emperador,2026-02-01,3,4.237288135593221
37120,Encina de San Silvestre,2026-02-01,0,0
37119,"Encina, La",2026-02-01,2,21.27659574468085
14024,Encinas Reales,2026-02-01,3,1.3537906137184115
37121,Encinas de Abajo,2026-02-01,2,3.252032520325203
47060,Encinas de Esgueva,2026-02-01,1,4.672897196261682
21031,Encinasola,2026-02-01,1,0.7942811755361397
24067,Encinedo,2026-02-01,0,0
46118,Enguera,2026-02-01,16,3.261312678353037
04041,Enix,2026-02-01,1,1.6025641025641024
39028,Entrambasaguas,2026-02-01,12,2.1085925144965736
26059,Entrena,2026-02-01,4,2.4140012070006036
48902,Erandio,2026-02-01,79,3.1956636058411876
31090,Eratsun,2026-02-01,1,6.493506493506494
50100,Erla,2026-02-01,0,0
48034,Ermua,2026-02-01,15,0.9640102827763496
20067,Errenteria,2026-02-01,13,0.3304440659871381
48079,Errigoiti,2026-02-01,0,0
31092,Erro,2026-02-01,2,2.457002457002457
45060,Erustes,2026-02-01,1,4.444444444444445
21032,Escacena del Campo,2026-02-01,6,2.5806451612903225
17062,"Escala, L'",2026-02-01,42,3.9469974626444886
39029,Escalante,2026-02-01,0,0
45061,Escalona,2026-02-01,4,1.0035122930255895
40073,Escalona del Prado,2026-02-01,1,2.109704641350211
45062,Escalonilla,2026-02-01,3,1.9442644199611148
40074,Escarabajosa de Cabezas,2026-02-01,0,0
23031,Escañuela,2026-02-01,0,0
19112,Escopete,2026-02-01,0,0
07019,Escorca,2026-02-01,64,321.60804020100505
28054,"Escorial, El",2026-02-01,36,2.0782819535850363
44097,Escorihuela,2026-02-01,1,7.6923076923076925
44099,Escucha,2026-02-01,1,1.2547051442910915
10073,Escurial,2026-02-01,2,2.34192037470726
37125,Escurial de la Sierra,2026-02-01,2,8.547008547008549
32031,Esgos,2026-02-01,0,0
20034,Eskoriatza,2026-02-01,8,1.894387875917594
31094,Eslava,2026-02-01,0,0
12057,Eslida,2026-02-01,1,1.2239902080783354
06046,Esparragalejo,2026-02-01,1,0.6640106241699867
06048,Esparragosa de Lares,2026-02-01,1,1.1918951132300357
06047,Esparragosa de la Serena,2026-02-01,2,2.1929824561403506
08076,Esparreguera,2026-02-01,56,2.473607491496974
41040,Espartinas,2026-02-01,35,2.1117412815252803
37127,Espeja,2026-02-01,1,4.716981132075471
42080,Espeja de San Marcelino,2026-02-01,0,0
14025,Espejo,2026-02-01,6,1.8879798615481436
23032,Espeluy,2026-02-01,0,0
11017,Espera,2026-02-01,7,1.8651745270450306
14026,Espiel,2026-02-01,7,3.013344812742144
40076,"Espinar, El",2026-02-01,8,0.7684918347742555
17063,Espinelves,2026-02-01,3,11.450381679389313
34070,Espinosa de Cerrato,2026-02-01,2,16.80672268907563
19113,Espinosa de Henares,2026-02-01,0,0
34071,Espinosa de Villagonzalo,2026-02-01,0,0
09124,Espinosa de los Monteros,2026-02-01,0,0
45063,Espinoso del Rey,2026-02-01,0,0
40077,Espirdo,2026-02-01,1,0.6165228113440198
08077,Esplugues de Llobregat,2026-02-01,106,2.1889971914753015
17064,Espolla,2026-02-01,0,0
07020,Esporles,2026-02-01,10,1.8793459875963165
25082,Espot,2026-02-01,3,7.957559681697613
31096,Espronceda,2026-02-01,2,19.607843137254903
08078,"Espunyola, L'",2026-02-01,0,0
08254,"Esquirol, L'",2026-02-01,5,2.1710811984368217
45064,Esquivias,2026-02-01,8,1.3689253935660506
22102,Estada,2026-02-01,1,4.651162790697675
22103,Estadilla,2026-02-01,1,1.2345679012345678
08079,"Estany, L'",2026-02-01,4,10.230179028132993
07021,Estellencs,2026-02-01,0,0
41041,Estepa,2026-02-01,10,0.804052424218059
29051,Estepona,2026-02-01,183,2.2991971655798875
44100,Estercuel,2026-02-01,0,0
46120,Estivella,2026-02-01,0,0
26060,Estollo,2026-02-01,0,0
28055,Estremera,2026-02-01,3,2.04778156996587
31099,Etayo,2026-02-01,0,0
31082,Etxalar,2026-02-01,0,0
31085,Etxauri,2026-02-01,0,0
48029,Etxebarri,2026-02-01,38,3.1574574158703776
48030,Etxebarria,2026-02-01,1,1.2674271229404308
26061,Ezcaray,2026-02-01,5,2.430724355858046
20035,Ezkio-Itsaso,2026-02-01,1,1.644736842105263
50102,Fabara,2026-02-01,2,1.8832391713747645
24070,Fabero,2026-02-01,2,0.5025125628140704
31104,Falces,2026-02-01,5,2.0981955518254303
43055,Falset,2026-02-01,5,1.7289073305670815
22107,Fanlo,2026-02-01,1,8.849557522123893
12059,Fanzara,2026-02-01,1,3.3783783783783785
49064,Fariza,2026-02-01,1,2.053388090349076
50104,Farlete,2026-02-01,0,0
25089,Farrera,2026-02-01,0,0
38012,Fasnia,2026-02-01,3,0.9514747859181732
43056,"Fatarella, La",2026-02-01,2,2.378121284185493
46122,Faura,2026-02-01,7,1.8592297476759627
46123,Favara,2026-02-01,13,4.6999276934201015
50106,"Fayos, Los",2026-02-01,0,0
07022,Felanitx,2026-02-01,28,1.4571948998178506
04043,Felix,2026-02-01,2,2.5906735751295336
15035,Fene,2026-02-01,11,0.8826833574065158
06049,Feria,2026-02-01,2,1.8975332068311195
49065,Fermoselle,2026-02-01,0,0
18074,Ferreira,2026-02-01,1,3.3557046979865772
07023,Ferreries,2026-02-01,5,0.9626492106276473
15036,Ferrol,2026-02-01,68,1.0477173628337673
43058,"Figuera, La",2026-02-01,0,0
17066,Figueres,2026-02-01,127,2.56275728468803
43059,Figuerola del Camp,2026-02-01,20,58.309037900874635
12060,Figueroles,2026-02-01,5,9.505703422053232
50107,Figueruelas,2026-02-01,4,3.0534351145038165
04044,Fines,2026-02-01,7,2.9288702928870296
03069,Finestrat,2026-02-01,838,83.96793587174349
22109,Fiscal,2026-02-01,0,0
15037,Fisterra,2026-02-01,4,0.8528784648187633
31105,Fitero,2026-02-01,3,1.267962806424345
04045,Fiñana,2026-02-01,3,1.5067805123053741
43060,Flix,2026-02-01,5,1.4961101137043686
08082,Fogars de la Selva,2026-02-01,5,2.932551319648094
46126,Foios,2026-02-01,17,2.1284587454613746
24071,Folgoso de la Ribera,2026-02-01,0,0
08083,Folgueroles,2026-02-01,11,4.862953138815208
47062,Fombellida,2026-02-01,1,5.88235294117647
47063,Fompedraza,2026-02-01,0,0
26062,Foncea,2026-02-01,0,0
25093,Fondarella,2026-02-01,2,2.4154589371980677
18076,Fonelas,2026-02-01,1,1.0384215991692627
08084,Fonollosa,2026-02-01,9,5.728835136855506
46127,"Font d'En Carròs, la",2026-02-01,8,1.9738465334320257
46128,"Font de la Figuera, la",2026-02-01,1,0.49285362247412523
19117,Fontanar,2026-02-01,9,3.400075557234605
13041,Fontanarejo,2026-02-01,1,4.504504504504505
46124,Fontanars dels Alforins,2026-02-01,1,1.0695187165775402
17070,Fontanilles,2026-02-01,2,11.76470588235294
17071,Fontcoberta,2026-02-01,4,2.6990553306342777
31106,Fontellas,2026-02-01,7,6.685768863419294
09127,Fontioso,2026-02-01,1,19.230769230769234
05074,Fontiveros,2026-02-01,0,0
22110,Fonz,2026-02-01,1,1.128668171557562
26063,Fonzaleche,2026-02-01,0,0
25094,Foradada,2026-02-01,0,0
12061,Forcall,2026-02-01,1,2.1052631578947367
37130,Forfoleda,2026-02-01,2,9.66183574879227
03070,Formentera del Segura,2026-02-01,19,3.905447070914697
44103,Formiche Alto,2026-02-01,0,0
07025,Fornalutx,2026-02-01,2,2.7063599458728014
17073,Fornells de la Selva,2026-02-01,40,14.219694276573055
18077,Fornes,2026-02-01,1,1.890359168241966
46125,Fortaleny,2026-02-01,2,1.943634596695821
30020,Fortuna,2026-02-01,31,2.680965147453083
48906,Forua,2026-02-01,1,1.0775862068965516
15038,Frades,2026-02-01,0,0
37131,Frades de la Sierra,2026-02-01,0,0
22112,Fraga,2026-02-01,36,2.3376623376623376
23033,Frailes,2026-02-01,1,0.6402048655569782
33023,"Franco, El",2026-02-01,0,0
50110,"Frasno, El",2026-02-01,0,0
06050,Fregenal de la Sierra,2026-02-01,5,1.0611205432937183
43062,Freginals,2026-02-01,1,2.247191011235955
18078,Freila,2026-02-01,8,8.255933952528379
16084,Fresneda de la Sierra,2026-02-01,0,0
44108,"Fresneda, La",2026-02-01,2,4.3478260869565215
28056,Fresnedillas de la Oliva,2026-02-01,5,2.638522427440633
10075,Fresnedoso de Ibor,2026-02-01,1,4.237288135593221
09131,Fresnillo de las Dueñas,2026-02-01,3,4.273504273504274
40079,Fresno de Cantespino,2026-02-01,1,3.4482758620689653
09133,Fresno de Rodilla,2026-02-01,0,0
28057,Fresno de Torote,2026-02-01,5,1.9546520719311962
40080,Fresno de la Fuente,2026-02-01,0,0
49075,Fresno de la Polvorosa,2026-02-01,0,0
24073,Fresno de la Vega,2026-02-01,1,2.053388090349076
47065,Fresno el Viejo,2026-02-01,1,1.2121212121212122
05076,"Fresno, El",2026-02-01,2,3.4305317324185247
49078,Friera de Valverde,2026-02-01,1,8.264462809917356
29053,Frigiliana,2026-02-01,14,4.0474125469788955
38013,Frontera,2026-02-01,5,1.0757314974182444
48035,Fruiz,2026-02-01,0,0
40081,Frumales,2026-02-01,0,0
13042,Fuencaliente,2026-02-01,4,3.976143141153081
50114,Fuendetodos,2026-02-01,0,0
29054,Fuengirola,2026-02-01,191,2.250845540144007
28058,Fuenlabrada,2026-02-01,381,2.00722812858904
13043,Fuenllana,2026-02-01,1,5.208333333333333
26064,Fuenmayor,2026-02-01,6,1.834862385321101
47066,Fuensaldaña,2026-02-01,18,8.395522388059701
45066,Fuensalida,2026-02-01,8,0.6318117201074079
02032,Fuensanta,2026-02-01,1,3.401360544217687
23034,Fuensanta de Martos,2026-02-01,1,0.3281916639317361
14901,Fuente Carreteros,2026-02-01,0,0
49079,Fuente Encalada,2026-02-01,0,0
14029,Fuente Obejuna,2026-02-01,3,0.6946052326927529
14030,Fuente Palmera,2026-02-01,8,0.8054772452678212
18079,Fuente Vaqueros,2026-02-01,11,2.318718381112985
06052,Fuente de Cantos,2026-02-01,7,1.5270506108202442
16086,Fuente de Pedro Naharro,2026-02-01,5,3.8402457757296466
40082,Fuente de Santa Cruz,2026-02-01,1,9.5238095238095255
06053,Fuente del Arco,2026-02-01,1,1.5384615384615385
06054,Fuente del Maestre,2026-02-01,14,2.1364260643979853
13044,Fuente el Fresno,2026-02-01,4,1.3293452974410103
28059,Fuente el Saz de Jarama,2026-02-01,21,2.8279019660651765
14028,Fuente la Lancha,2026-02-01,1,3.0303030303030303
02034,Fuentealbilla,2026-02-01,4,2.2246941045606228
09135,Fuentebureba,2026-02-01,0,0
37136,Fuenteguinaldo,2026-02-01,0,0
21033,Fuenteheridos,2026-02-01,3,3.667481662591687
49080,Fuentelapeña,2026-02-01,0,0
16087,Fuentelespino de Haro,2026-02-01,0,0
16088,Fuentelespino de Moya,2026-02-01,0,0
37137,Fuenteliante,2026-02-01,0,0
09139,Fuentemolinos,2026-02-01,0,0
09140,Fuentenebro,2026-02-01,0,0
19124,Fuentenovilla,2026-02-01,1,1.550387596899225
40086,Fuentepelayo,2026-02-01,3,3.931847968545216
40088,Fuenterrebollo,2026-02-01,0,0
46129,Fuenterrobles,2026-02-01,3,4.424778761061947
16089,Fuentes,2026-02-01,1,2.150537634408602
50115,Fuentes de Ebro,2026-02-01,12,2.567394094993581
50116,Fuentes de Jiloca,2026-02-01,0,0
34076,Fuentes de Nava,2026-02-01,1,1.7182130584192439
37140,Fuentes de Oñoro,2026-02-01,2,2.0100502512562817
49082,Fuentes de Ropel,2026-02-01,0,0
34077,Fuentes de Valdepero,2026-02-01,2,4.048582995951417
44114,Fuentespalda,2026-02-01,0,0
09141,Fuentespina,2026-02-01,3,3.5971223021582737
40092,Fuentidueña,2026-02-01,1,7.936507936507936
28060,Fuentidueña de Tajo,2026-02-01,5,2.1114864864864864
23035,Fuerte del Rey,2026-02-01,3,2.2123893805309733
25096,"Fuliola, La",2026-02-01,4,3.1323414252153485
31107,Funes,2026-02-01,6,2.320185614849188
31108,Fustiñana,2026-02-01,3,1.2360939431396785
18905,"Gabias, Las",2026-02-01,34,1.430795774944241
20038,Gabiria,2026-02-01,1,1.9193857965451055
03072,Gaianes,2026-02-01,3,5.1194539249146755
12065,Gaibiel,2026-02-01,0,0
20037,Gaintza,2026-02-01,1,8.130081300813009
19125,Gajanejos,2026-02-01,0,0
37141,Gajates,2026-02-01,1,7.407407407407407
28061,Galapagar,2026-02-01,44,1.1954897432414073
31109,Galar,2026-02-01,2,0.8250825082508251
21034,Galaroza,2026-02-01,3,2.1881838074398248
48036,Galdakao,2026-02-01,54,2.1803205878790326
48037,Galdames,2026-02-01,2,2.4096385542168677
49085,Galende,2026-02-01,0,0
18082,Galera,2026-02-01,1,0.88261253309797
43063,"Galera, La",2026-02-01,1,1.3679890560875512
26066,Galilea,2026-02-01,1,2.403846153846154
37142,Galindo y Perahuy,2026-02-01,1,1.3869625520110958
37143,Galinduste,2026-02-01,0,0
10076,Galisteo,2026-02-01,2,2.333722287047841
04048,"Gallardos, Los",2026-02-01,8,2.5731746542296556
09144,"Gallega, La",2026-02-01,5,147.05882352941177
05079,Gallegos de Altamiros,2026-02-01,1,16.393442622950822
47069,Gallegos de Hornija,2026-02-01,0,0
49086,Gallegos del Pan,2026-02-01,2,16.949152542372882
08087,Gallifa,2026-02-01,0,0
50117,Gallocanta,2026-02-01,0,0
50118,Gallur,2026-02-01,3,1.1329305135951662
44115,Galve,2026-02-01,0,0
48038,Gamiz-Fika,2026-02-01,2,1.4134275618374557
49088,Gamones,2026-02-01,1,11.11111111111111
43064,Gandesa,2026-02-01,9,2.856236115518883
46131,Gandia,2026-02-01,216,2.6052660145460687
16093,Garaballa,2026-02-01,1,16.666666666666668
38015,Garachico,2026-02-01,3,0.6071645415907712
06056,Garbayuela,2026-02-01,1,2.2222222222222223
43065,Garcia,2026-02-01,2,3.6036036036036037
10077,Garciaz,2026-02-01,0,0
37147,Garcibuey,2026-02-01,0,0
37149,Garcirrey,2026-02-01,1,19.230769230769234
31113,Garde,2026-02-01,1,7.575757575757576
28062,Garganta de los Montes,2026-02-01,0,0
10079,Garganta la Olla,2026-02-01,2,2.277904328018223
10078,"Garganta, La",2026-02-01,0,0
43066,"Garidells, Els",2026-02-01,1,4.739336492890995
31115,Garralda,2026-02-01,1,5.46448087431694
42094,Garray,2026-02-01,0,0
08088,"Garriga, La",2026-02-01,45,2.588289428275624
17077,Garriguella,2026-02-01,3,3.033367037411527
41043,"Garrobo, El",2026-02-01,4,4.987531172069826
06058,"Garrovilla, La",2026-02-01,1,0.4327131112072696
04049,Garrucha,2026-02-01,11,1.016354060796452
28064,Gascones,2026-02-01,3,12
11018,"Gastor, El",2026-02-01,1,0.5927682276229994
10084,Gata,2026-02-01,2,1.4914243102162563
03071,Gata de Gorgos,2026-02-01,43,6.3198118753674315
48040,Gatika,2026-02-01,4,2.4479804161566707
48041,Gautegiz Arteaga,2026-02-01,2,2.2988505747126435
46130,Gavarda,2026-02-01,6,5.847953216374268
05082,Gavilanes,2026-02-01,0,0
20907,Gaztelu,2026-02-01,1,5.813953488372093
37150,Gejuelo del Barro,2026-02-01,1,33.333333333333336
12067,Geldo,2026-02-01,1,1.5015015015015014
08091,Gelida,2026-02-01,14,1.708984375
50119,Gelsa,2026-02-01,2,2.004008016032064
41044,Gelves,2026-02-01,24,2.273157795036939
05083,Gemuño,2026-02-01,0,0
29057,Genalguacil,2026-02-01,0,0
17078,Ger,2026-02-01,1,1.996007984031936
41045,Gerena,2026-02-01,15,1.8825301204819278
47071,Geria,2026-02-01,3,6.109979633401222
45069,Gerindote,2026-02-01,8,2.806032970887408
48046,Gernika-Lumo,2026-02-01,21,1.229436215678239
46133,Gestalgar,2026-02-01,12,20.37351443123939
28065,Getafe,2026-02-01,365,1.8657860837916862
20039,Getaria,2026-02-01,5,1.7205781142463867
48044,Getxo,2026-02-01,108,1.4216699356299445
33024,Gijón,2026-02-01,378,1.3935021510807015
41046,Gilena,2026-02-01,6,1.6415868673050615
46134,Gilet,2026-02-01,14,3.4938857000249564
41047,Gines,2026-02-01,32,2.342606149341142
43067,Ginestar,2026-02-01,3,3.7546933667083855
02035,"Gineta, La",2026-02-01,5,1.885369532428356
17079,Girona,2026-02-01,343,3.16560838747785
08092,Gironella,2026-02-01,11,2.1645021645021645
08093,Gisclareny,2026-02-01,0,0
48047,Gizaburuaga,2026-02-01,0,0
18083,Gobernador,2026-02-01,0,0
43068,Godall,2026-02-01,4,6.666666666666667
46135,Godella,2026-02-01,36,2.6556506344054296
46136,Godelleta,2026-02-01,15,3.480278422273782
31117,Goizueta,2026-02-01,2,2.932551319648094
42095,Golmayo,2026-02-01,3,0.9683666881859264
37151,Golpejas,2026-02-01,1,7.142857142857142
37152,Gomecello,2026-02-01,1,2.4213075060532687
18085,Gor,2026-02-01,1,1.287001287001287
18086,Gorafe,2026-02-01,0,0
24077,Gordaliza del Pino,2026-02-01,0,0
48042,Gordexola,2026-02-01,5,2.893518518518518
10085,"Gordo, El",2026-02-01,2,5.376344086021506
24078,Gordoncillo,2026-02-01,0,0
03073,Gorga,2026-02-01,1,3.472222222222222
48043,Gorliz,2026-02-01,11,1.8220970680801722
24079,Gradefes,2026-02-01,0,0
33026,Grado,2026-02-01,15,1.5534382767191384
22115,"Grado, El",2026-02-01,2,5.235602094240838
16095,Graja de Campalbo,2026-02-01,0,0
16096,Graja de Iniesta,2026-02-01,2,5.830903790087463
40097,Grajera,2026-02-01,0,0
18087,Granada,2026-02-01,496,2.108001054000527
08094,"Granada, La",2026-02-01,11,4.822446295484436
25101,"Granadella, La",2026-02-01,2,2.663115845539281
33027,Grandas de Salime,2026-02-01,0,0
08095,Granera,2026-02-01,0,0
25102,"Granja d'Escarp, La",2026-02-01,1,1.006036217303823
49091,Granja de Moreruela,2026-02-01,0,0
03074,Granja de Rocamora,2026-02-01,8,2.944423997055576
06059,Granja de Torrehermosa,2026-02-01,2,1.0454783063251436
46137,"Granja de la Costera, la",2026-02-01,0,0
14032,"Granjuela, La",2026-02-01,1,2.4154589371980677
08096,Granollers,2026-02-01,176,2.7025781981788306
25103,Granyanella,2026-02-01,0,0
43069,Gratallops,2026-02-01,0,0
22117,Graus,2026-02-01,1,0.2940311673037342
11019,Grazalema,2026-02-01,0,0
09148,Grijalba,2026-02-01,0,0
34079,Grijota,2026-02-01,5,1.7618040873854828
50122,Grisel,2026-02-01,0,0
18088,Guadahortuna,2026-02-01,0,0
19130,Guadalajara,2026-02-01,212,2.284531994224013
44120,Guadalaviar,2026-02-01,1,4.166666666666667
41048,Guadalcanal,2026-02-01,4,1.5698587127158556
28067,Guadalix de la Sierra,2026-02-01,13,1.854493580599144
10087,Guadalupe,2026-02-01,21,12.209302325581396
45070,Guadamur,2026-02-01,2,1.1111111111111112
28068,Guadarrama,2026-02-01,30,1.7098888572242803
46139,Guadassuar,2026-02-01,18,2.991026919242273
46138,Guadasséquies,2026-02-01,1,2.092050209205021
18089,Guadix,2026-02-01,31,1.6422100969433704
08097,Gualba,2026-02-01,4,2.2818026240730176
18093,Gualchos,2026-02-01,1,0.19160758766047137
17081,Gualta,2026-02-01,0,0
38018,"Guancha, La",2026-02-01,5,0.8812125484666902
46140,Guardamar de la Safor,2026-02-01,2,3.215434083601286
03076,Guardamar del Segura,2026-02-01,67,3.6136130737284935
45071,"Guardia, La",2026-02-01,1,0.4537205081669691
34080,Guardo,2026-02-01,6,1.090909090909091
06060,Guareña,2026-02-01,4,0.6005104338687886
49093,Guarrate,2026-02-01,0,0
32034,"Gudiña, A",2026-02-01,4,3.341687552213868
43070,"Guiamets, Els",2026-02-01,0,0
14902,"Guijarrosa, La",2026-02-01,0,0
10088,Guijo de Coria,2026-02-01,0,0
10089,Guijo de Galisteo,2026-02-01,1,0.6825938566552902
10090,Guijo de Granadilla,2026-02-01,1,2.008032128514056
14034,"Guijo, El",2026-02-01,0,0
37156,Guijuelo,2026-02-01,8,1.4590552617180375
41049,Guillena,2026-02-01,12,0.8420461721984421
17082,Guils de Cerdanya,2026-02-01,0,0
05089,Guisando,2026-02-01,1,2.1598272138228944
25110,Guissona,2026-02-01,12,1.5554115359688916
25111,Guixers,2026-02-01,0,0
08100,Gurb,2026-02-01,13,4.7479912344777215
48045,Güeñes,2026-02-01,2,0.293470286133529
06061,"Haba, La",2026-02-01,2,1.6891891891891893
26071,Haro,2026-02-01,17,1.3988315642228257
39031,Hazas de Cesto,2026-02-01,2,1.0235414534288638
13047,Herencia,2026-02-01,46,5.313005313005313
45072,"Herencias, Las",2026-02-01,0,0
10092,Herguijuela,2026-02-01,2,7.49063670411985
38021,Hermigua,2026-02-01,1,0.5070993914807302
49094,Hermisende,2026-02-01,0,0
20040,Hernani,2026-02-01,31,1.521248405142801
05092,Hernansancho,2026-02-01,0,0
20041,Hernialde,2026-02-01,1,3.067484662576687
41050,Herrera,2026-02-01,13,1.9744835965978127
34083,Herrera de Pisuerga,2026-02-01,2,1.0678056593699945
34084,Herrera de Valdecañas,2026-02-01,0,0
50124,Herrera de los Navarros,2026-02-01,0,0
06063,Herrera del Duque,2026-02-01,3,0.8852168781351432
02038,"Herrera, La",2026-02-01,0,0
05094,Herreros de Suso,2026-02-01,1,7.194244604316547
10095,Herreruela,2026-02-01,1,3.048780487804878
16098,"Herrumblar, El",2026-02-01,0,0
23041,Higuera de Calatrava,2026-02-01,1,1.694915254237288
06066,Higuera de Vargas,2026-02-01,3,1.638448935008192
06064,Higuera de la Serena,2026-02-01,3,3.40522133938706
21038,Higuera de la Sierra,2026-02-01,2,1.554001554001554
05095,Higuera de las Dueñas,2026-02-01,1,4.032258064516129
06067,Higuera la Real,2026-02-01,1,0.45662100456621
02039,Higueruela,2026-02-01,8,7.005253940455342
46141,Higueruelas,2026-02-01,0,0
05096,"Hija de Dios, La",2026-02-01,0,0
49095,"Hiniesta, La",2026-02-01,1,3.401360544217687
10098,Hinojal,2026-02-01,0,0
21039,Hinojales,2026-02-01,0,0
23042,Hinojares,2026-02-01,0,0
21040,Hinojos,2026-02-01,7,1.6945049624788187
45074,Hinojosa de San Vicente,2026-02-01,1,2.7027027027027026
14035,Hinojosa del Duque,2026-02-01,7,1.0714832389407625
06068,Hinojosa del Valle,2026-02-01,1,2.0964360587002098
16099,"Hinojosa, La",2026-02-01,0,0
16100,"Hinojosos, Los",2026-02-01,0,0
28069,"Hiruela, La",2026-02-01,623,7079.545454545454
19138,Hita,2026-02-01,0,0
16101,"Hito, El",2026-02-01,1,8.474576271186441
10099,Holguera,2026-02-01,0,0
20036,Hondarribia,2026-02-01,24,1.4312977099236641
16102,Honrubia,2026-02-01,2,1.314924391847469
45075,Hontanar,2026-02-01,0,0
40101,Hontanares de Eresma,2026-02-01,2,1.1918951132300357
09160,Hontangas,2026-02-01,1,10.869565217391305
19142,Hontoba,2026-02-01,0,0
09164,Hontoria de Valdearados,2026-02-01,2,12.82051282051282
09162,Hontoria de la Cantera,2026-02-01,1,5.813953488372093
09163,Hontoria del Pinar,2026-02-01,0,0
05097,"Horcajada, La",2026-02-01,0,0
37162,Horcajo Medianero,2026-02-01,0,0
16106,Horcajo de Santiago,2026-02-01,2,0.5040322580645161
05099,Horcajo de las Torres,2026-02-01,0,0
13049,Horcajo de los Montes,2026-02-01,1,1.25
28071,Horcajuelo de la Sierra,2026-02-01,0,0
19143,Horche,2026-02-01,4,1.2861736334405145
09166,"Hormazas, Las",2026-02-01,0,0
45076,Hormigos,2026-02-01,0,0
26075,Hormilla,2026-02-01,0,0
26076,Hormilleja,2026-02-01,0,0
06069,Hornachos,2026-02-01,2,0.5913660555884093
14036,Hornachuelos,2026-02-01,1,0.22862368541380887
34087,Hornillos de Cerrato,2026-02-01,0,0
09168,"Horra, La",2026-02-01,1,3.389830508474576
43071,Horta de Sant Joan,2026-02-01,3,2.5951557093425603
17083,Hostalric,2026-02-01,7,1.5681003584229392
09170,Hoyales de Roa,2026-02-01,1,4.784688995215311
28072,Hoyo de Manzanares,2026-02-01,16,1.7161857771103721
05102,"Hoyo de Pinares, El",2026-02-01,5,2.288329519450801
05101,Hoyocasero,2026-02-01,2,6.779661016949152
10100,Hoyos,2026-02-01,0,0
05105,Hoyos del Espino,2026-02-01,3,8.196721311475411
45077,Huecas,2026-02-01,6,6.674082313681869
23044,Huelma,2026-02-01,7,1.276440554339898
21041,Huelva,2026-02-01,299,2.0796527884040232
37164,Huerta,2026-02-01,8,28.070175438596493
09173,Huerta de Arriba,2026-02-01,0,0
09174,Huerta de Rey,2026-02-01,1,1.124859392575928
23045,Huesa,2026-02-01,3,1.2453300124533002
22125,Huesca,2026-02-01,103,1.8716043101411879
16112,Huete,2026-02-01,2,1.1031439602868176
19150,Hueva,2026-02-01,1,8.849557522123893
09175,Humada,2026-02-01,0,0
28073,Humanes de Madrid,2026-02-01,72,3.5038201372329554
29059,Humilladero,2026-02-01,7,2.06794682422452
34088,Husillos,2026-02-01,2,4.8426150121065374
18101,Huétor Vega,2026-02-01,0,0
18099,Huétor de Santillán,2026-02-01,0,0
10102,Ibahernando,2026-02-01,3,5.555555555555555
20042,Ibarra,2026-02-01,9,2.1956574774335205
48048,Ibarrangelu,2026-02-01,1,1.4970059880239521
50125,Ibdes,2026-02-01,1,2.8169014084507045
09177,Ibeas de Juarros,2026-02-01,4,2.6595744680851063
03079,Ibi,2026-02-01,40,1.6219284729543426
23046,Ibros,2026-02-01,4,1.4388489208633093
20043,Idiazabal,2026-02-01,2,0.9013068949977467
31259,Igantzi,2026-02-01,1,1.7301038062283738
26080,Igea,2026-02-01,0,0
09179,Iglesiarrubia,2026-02-01,0,0
09180,Iglesias,2026-02-01,2,14.925373134328359
44126,"Iglesuela del Cid, La",2026-02-01,1,2.8089887640449436
45079,"Iglesuela, La",2026-02-01,0,0
48094,Igorre,2026-02-01,4,0.9229349330872173
08102,Igualada,2026-02-01,83,1.9552875214963839
29060,Igualeja,2026-02-01,0,0
20044,Ikaztegieta,2026-02-01,2,4.016064257028112
22128,Ilche,2026-02-01,0,0
19152,Illana,2026-02-01,2,2.0768431983385254
45081,Illescas,2026-02-01,92,2.77384146892996
50126,Illueca,2026-02-01,1,0.36023054755043227
07027,Inca,2026-02-01,81,2.245260006652622
35011,Ingenio,2026-02-01,27,0.822017901723193
16113,Iniesta,2026-02-01,17,3.7486218302094816
31127,Irañeta,2026-02-01,1,5.813953488372093
15039,Irixoa,2026-02-01,3,2.242152466367713
23047,"Iruela, La",2026-02-01,1,0.5488474204171241
37165,Iruelos,2026-02-01,0,0
20045,Irun,2026-02-01,141,2.212215824403408
20046,Irura,2026-02-01,3,1.594896331738437
01027,Iruraiz-Gauna,2026-02-01,1,1.7985611510791368
31904,Irurtzun,2026-02-01,5,2.175805047867711
21042,Isla Cristina,2026-02-01,26,1.2027570893278439
41902,Isla Mayor,2026-02-01,6,1.0416666666666667
48049,Ispaster,2026-02-01,1,1.3869625520110958
34089,Itero de la Vega,2026-02-01,0,0
20047,Itsasondo,2026-02-01,0,0
40104,Ituero y Lama,2026-02-01,0,0
31130,Iturmendi,2026-02-01,2,4.662004662004662
48910,Iurreta,2026-02-01,26,6.675224646983312
25113,Ivars d'Urgell,2026-02-01,2,1.2515644555694618
25112,Ivars de Noguera,2026-02-01,0,0
25114,Ivorra,2026-02-01,0,0
18105,Iznalloz,2026-02-01,14,2.689204763734153
29062,Iznate,2026-02-01,1,1.0515247108307044
23048,Iznatoraf,2026-02-01,0,0
48050,Izurtza,2026-02-01,0,0
23049,Jabalquinto,2026-02-01,4,2.058672156459084
21043,Jabugo,2026-02-01,1,0.4574565416285453
22130,Jaca,2026-02-01,11,0.7850413930916358
03080,Jacarilla,2026-02-01,5,2.293577981651376
19156,Jadraque,2026-02-01,2,1.3089005235602096
17085,Jafre,2026-02-01,3,7.8125
46142,Jalance,2026-02-01,2,2.450980392156863
49096,Jambrina,2026-02-01,0,0
23051,Jamilena,2026-02-01,1,0.3014772384684956
12070,"Jana, la",2026-02-01,4,5.952380952380952
46144,Jarafuel,2026-02-01,0,0
10103,Jaraicejo,2026-02-01,0,0
09183,Jaramillo de la Fuente,2026-02-01,0,0
50130,Jarque,2026-02-01,0,0
22131,Jasa,2026-02-01,2,22.22222222222222
31134,Jaurrieta,2026-02-01,0,0
18107,Jayena,2026-02-01,1,1.0050251256281408
23050,Jaén,2026-02-01,230,2.0513918247576237
11020,Jerez de la Frontera,2026-02-01,552,2.567143355423788
06070,Jerez de los Caballeros,2026-02-01,9,0.9885764499121266
18108,Jerez del Marquesado,2026-02-01,3,3.141361256544503
10107,Jerte,2026-02-01,0,0
18109,Jete,2026-02-01,2,2.002002002002002
23052,Jimena,2026-02-01,1,0.8169934640522876
11021,Jimena de la Frontera,2026-02-01,8,1.171303074670571
24086,Joarilla de las Matas,2026-02-01,1,4.081632653061225
17086,"Jonquera, La",2026-02-01,4,1.1730205278592376
08103,Jorba,2026-02-01,2,2.3557126030624262
44130,Jorcas,2026-02-01,1,23.809523809523807
02041,Jorquera,2026-02-01,0,0
50132,"Joyosa, La",2026-02-01,2,1.7391304347826089
40106,Juarros de Voltoya,2026-02-01,1,5.347593582887701
29064,Jubrique,2026-02-01,1,1.6863406408094435
30022,Jumilla,2026-02-01,41,1.4944958810235476
18111,Jun,2026-02-01,12,2.897151134717528
25119,Juneda,2026-02-01,11,3.122338915696849
18112,Juviles,2026-02-01,0,0
48907,Kortezubi,2026-02-01,2,4.4543429844097995
01019,Kripan,2026-02-01,0,0
01020,Kuartango,2026-02-01,1,2.487562189054726
40107,Labajos,2026-02-01,0,0
13050,"Labores, Las",2026-02-01,0,0
22133,Labuerda,2026-02-01,1,5.681818181818182
10108,Ladrillar,2026-02-01,1,5.58659217877095
45082,Lagartera,2026-02-01,0,0
01031,Laguardia,2026-02-01,6,4.087193460490463
24087,Laguna Dalga,2026-02-01,1,1.644736842105263
26082,Laguna de Cameros,2026-02-01,0,0
40108,Laguna de Contreras,2026-02-01,0,0
47076,Laguna de Duero,2026-02-01,41,1.7826862037479891
24088,Laguna de Negrillos,2026-02-01,2,1.890359168241966
16116,Lagunaseca,2026-02-01,0,0
37168,Lagunilla,2026-02-01,0,0
23040,Lahiguera,2026-02-01,2,1.2804097311139564
31138,Lakuntza,2026-02-01,1,0.7485029940119761
22135,Laluenga,2026-02-01,0,0
22136,Lalueza,2026-02-01,1,1.1792452830188678
22137,Lanaja,2026-02-01,3,2.629272567922875
16117,Landete,2026-02-01,1,0.8223684210526315
05109,Langa,2026-02-01,2,4.504504504504505
42103,Langa de Duero,2026-02-01,2,2.8776978417266186
47077,Langayo,2026-02-01,1,4.065040650406504
18117,Lanteira,2026-02-01,1,1.876172607879925
31140,Lantz,2026-02-01,0,0
06071,"Lapa, La",2026-02-01,1,3.3557046979865772
01033,Lapuebla de Labarca,2026-02-01,3,3.35195530726257
15041,"Laracha, A",2026-02-01,4,0.33976046886944705
26084,Lardero,2026-02-01,52,4.297520661157025
39035,Laredo,2026-02-01,23,2.1545667447306793
48052,Larrabetzu,2026-02-01,3,1.4727540500736376
31142,Larraga,2026-02-01,5,2.314814814814815
31143,Larraona,2026-02-01,0,0
20048,Larraul,2026-02-01,1,3.8610038610038613
37169,Larrodrigo,2026-02-01,0,0
23054,Larva,2026-02-01,0,0
20902,Lasarte-Oria,2026-02-01,28,1.442332457631484
22144,Laspuña,2026-02-01,0,0
40112,"Lastrilla, La",2026-02-01,15,3.1446540880503147
48053,Laukiz,2026-02-01,3,2.4174053182917006
15040,Laxe,2026-02-01,4,1.3884068031933356
45083,Layos,2026-02-01,6,6.430868167202572
20049,Lazkao,2026-02-01,12,1.9753086419753088
20050,Leaburu,2026-02-01,2,5.115089514066496
41053,Lebrija,2026-02-01,47,1.6926567508193178
50137,Leciñena,2026-02-01,2,1.8399264029438822
19159,Ledanca,2026-02-01,0,0
16118,Ledaña,2026-02-01,2,1.2626262626262628
37170,Ledesma,2026-02-01,2,1.3458950201884252
37171,Ledrada,2026-02-01,1,2.0964360587002098
16119,Leganiel,2026-02-01,0,0
28074,Leganés,2026-02-01,321,1.638206444632705
31147,Legarda,2026-02-01,1,6.993006993006993
31148,Legaria,2026-02-01,0,0
20051,Legazpi,2026-02-01,8,0.955794504181601
20052,Legorreta,2026-02-01,2,1.3736263736263736
01058,Legutio,2026-02-01,6,2.865329512893983
48054,Leioa,2026-02-01,78,2.3847376788553256
32040,Leiro,2026-02-01,0,0
31149,Leitza,2026-02-01,5,1.6528925619834711
26087,Leiva,2026-02-01,0,0
48057,Lekeitio,2026-02-01,7,0.970873786407767
31908,Lekunberri,2026-02-01,1,0.5724098454493417
48055,Lemoa,2026-02-01,10,2.7693159789531987
48056,Lemoiz,2026-02-01,2,1.4847809948032664
21044,Lepe,2026-02-01,44,1.4730991998392982
09194,Lerma,2026-02-01,5,1.8882175226586104
25121,Les,2026-02-01,1,0.9505703422053232
31153,Lesaka,2026-02-01,14,5.156537753222835
02042,Letur,2026-02-01,2,2.2026431718061676
50139,Letux,2026-02-01,0,0
48081,Lezama,2026-02-01,4,1.646090534979424
20053,Lezo,2026-02-01,12,1.9376715646697886
02043,Lezuza,2026-02-01,4,3.0935808197989174
24089,León,2026-02-01,212,1.708423656832486
30023,Librilla,2026-02-01,53,8.992195453003053
39036,Liendo,2026-02-01,0,0
45084,Lillo,2026-02-01,3,1.183431952662722
39038,Limpias,2026-02-01,4,2.0010005002501248
23055,Linares,2026-02-01,72,1.2928944674890912
44137,Linares de Mora,2026-02-01,0,0
21045,Linares de la Sierra,2026-02-01,0,0
25122,Linyola,2026-02-01,6,2.177858439201452
20054,Lizartza,2026-02-01,2,2.9542097488921715
08104,"Llacuna, La",2026-02-01,2,2.081165452653486
25123,Lladorre,2026-02-01,0,0
25124,Lladurs,2026-02-01,0,0
08105,"Llagosta, La",2026-02-01,22,1.6598762637694282
17089,Llagostera,2026-02-01,18,1.8791105543376136
24092,Llamas de la Ribera,2026-02-01,1,1.277139208173691
17090,Llambilles,2026-02-01,1,1.366120218579235
17091,Llanars,2026-02-01,2,3.8684719535783367
46154,Llanera de Ranes,2026-02-01,2,1.890359168241966
33036,Llanes,2026-02-01,16,1.1826446891861926
47079,Llano de Olmedo,2026-02-01,1,20.408163265306122
13904,Llanos del Caudillo,2026-02-01,1,1.5128593040847202
25125,Llardecans,2026-02-01,0,0
25120,Lleida,2026-02-01,442,2.9992739314238412
06073,Llera,2026-02-01,0,0
06074,Llerena,2026-02-01,3,0.5297545470598622
17093,Llers,2026-02-01,25,19.71608832807571
25129,Llobera,2026-02-01,3,14.925373134328359
46153,Llocnou de Sant Jeroni,2026-02-01,1,1.6891891891891893
46156,Llombai,2026-02-01,3,1.0764262648008611
17095,Lloret de Mar,2026-02-01,100,2.384131222582491
07028,Lloret de Vistalegre,2026-02-01,5,2.946375957572186
46157,"Llosa de Ranes, la",2026-02-01,9,2.389169100079639
12074,"Llosa, la",2026-02-01,2,1.937984496124031
07029,Lloseta,2026-02-01,10,1.5246226558926665
07030,Llubí,2026-02-01,14,5.384615384615384
07031,Llucmajor,2026-02-01,69,1.7058096415327566
46150,Llutxent,2026-02-01,6,2.6007802340702213
46147,Llíria,2026-02-01,69,2.6939444813180806
22149,Loarre,2026-02-01,0,0
18121,Lobras,2026-02-01,0,0
31157,Lodosa,2026-02-01,5,1.0117361392148927
28075,Loeches,2026-02-01,31,3.3258234095054178
26089,Logroño,2026-02-01,329,2.1690257843764216
48903,Loiu,2026-02-01,4,1.7072129748186087
18122,Loja,2026-02-01,31,1.4816230942025523
34096,Lomas,2026-02-01,1,25
45085,Lominchar,2026-02-01,5,1.6750418760469012
47078,Lomoviejo,2026-02-01,0,0
50143,Longares,2026-02-01,0,0
23056,Lopera,2026-02-01,3,0.8576329331046312
22150,Loporzano,2026-02-01,0,0
41054,Lora de Estepa,2026-02-01,4,4.499437570303712
19160,Loranca de Tajuña,2026-02-01,4,2.430133657351154
30024,Lorca,2026-02-01,165,1.6732073864500623
46148,Loriguilla,2026-02-01,10,4.578754578754579
46149,Losa del Obispo,2026-02-01,1,1.8867924528301887
40113,"Losa, La",2026-02-01,0,0
10110,Losar de la Vera,2026-02-01,3,1.0699001426533523
22151,Loscorrales,2026-02-01,0,0
44138,Loscos,2026-02-01,1,8.264462809917356
15042,Lousame,2026-02-01,0,0
04060,Lucainena de las Torres,2026-02-01,1,1.379310344827586
14038,Lucena,2026-02-01,67,1.5434231743837825
21046,Lucena del Puerto,2026-02-01,0,0
50147,Luceni,2026-02-01,0,0
13051,Luciana,2026-02-01,0,0
24090,Lucillo,2026-02-01,0,0
49101,Luelmo,2026-02-01,0,0
27028,Lugo,2026-02-01,227,2.268389443495119
41056,"Luisiana, La",2026-02-01,3,0.6493506493506493
31159,Lumbier,2026-02-01,1,0.7434944237918215
37173,Lumbrales,2026-02-01,3,1.9933554817275745
50150,Lumpiaque,2026-02-01,1,1.124859392575928
50151,Luna,2026-02-01,1,1.4814814814814814
14039,Luque,2026-02-01,1,0.3566333808844508
04062,Macael,2026-02-01,8,1.4625228519195612
46158,Macastre,2026-02-01,4,2.700877785280216
32043,Maceda,2026-02-01,5,1.7409470752089136
29066,Macharaviaya,2026-02-01,291,557.4712643678162
37174,Macotera,2026-02-01,2,1.9821605550049552
28078,Madarcos,2026-02-01,0,0
49102,"Maderal, El",2026-02-01,0,0
40115,Maderuelo,2026-02-01,0,0
28079,Madrid,2026-02-01,6593,1.8959038641873738
49103,Madridanos,2026-02-01,1,2.155172413793103
45087,Madridejos,2026-02-01,10,0.9928514694201747
10111,Madrigal de la Vera,2026-02-01,1,0.651890482398957
10112,Madrigalejo,2026-02-01,2,1.1716461628588166
09197,Madrigalejo del Monte,2026-02-01,1,6.211180124223602
02045,Madrigueras,2026-02-01,8,1.7130620985010705
37176,Madroñal,2026-02-01,0,0
10113,Madroñera,2026-02-01,0,0
41057,"Madroño, El",2026-02-01,1,3.472222222222222
50152,Maella,2026-02-01,5,2.3331777881474567
05115,Maello,2026-02-01,0,0
06075,Magacela,2026-02-01,1,1.9920318725099602
34098,Magaz de Pisuerga,2026-02-01,1,0.9389671361502347
06076,Maguilla,2026-02-01,1,1.0917030567685588
49104,Mahide,2026-02-01,0,0
02046,Mahora,2026-02-01,3,2.0297699594046006
25133,Maials,2026-02-01,2,2.1164021164021167
50154,Mainar,2026-02-01,0,0
41058,Mairena del Alcor,2026-02-01,32,1.3139525334647286
41059,Mairena del Aljarafe,2026-02-01,99,2.0611259160559627
28080,Majadahonda,2026-02-01,2541,34.49539789850941
10114,Majadas,2026-02-01,1,0.7861635220125787
19167,Malaguilla,2026-02-01,0,0
18126,"Malahá, La",2026-02-01,5,2.592016588906169
50155,Malanquilla,2026-02-01,0,0
06077,Malcocinado,2026-02-01,1,2.849002849002849
08110,Malgrat de Mar,2026-02-01,44,2.2414671421293937
08111,Malla,2026-02-01,2,6.993006993006993
48058,Mallabia,2026-02-01,7,6.334841628959276
10116,Malpartida de Plasencia,2026-02-01,6,1.2864493996569468
06078,Malpartida de la Serena,2026-02-01,0,0
15043,Malpica de Bergantiños,2026-02-01,5,0.9529254812273681
45089,Malpica de Tajo,2026-02-01,5,2.983293556085919
50159,Maluenda,2026-02-01,2,2.232142857142857
49107,Malva,2026-02-01,0,0
05117,Mamblas,2026-02-01,3,15.789473684210527
07033,Manacor,2026-02-01,96,1.948249619482496
37179,Mancera de Abajo,2026-02-01,1,5.208333333333333
23058,Mancha Real,2026-02-01,14,1.2196184336614688
06079,Manchita,2026-02-01,1,1.3495276653171389
07034,Mancor de la Vall,2026-02-01,1,0.5913660555884093
19168,Mandayona,2026-02-01,2,6.993006993006993
29068,Manilva,2026-02-01,55,3.0481046331190425
46159,Manises,2026-02-01,71,2.1681375393165783
08112,Manlleu,2026-02-01,42,1.9698888419867737
34099,Manquillos,2026-02-01,1,16.129032258064516
08113,Manresa,2026-02-01,155,1.9208843503693054
24095,Mansilla Mayor,2026-02-01,0,0
24094,Mansilla de las Mulas,2026-02-01,4,2.3487962419260127
46160,Manuel,2026-02-01,2,0.7830853563038371
49110,Manzanal de Arriba,2026-02-01,0,0
13053,Manzanares,2026-02-01,23,1.2995084468049043
28082,Manzanares el Real,2026-02-01,14,1.4477766287487075
32044,Manzaneda,2026-02-01,2,2.607561929595828
45090,Manzaneque,2026-02-01,1,2.403846153846154
44143,Manzanera,2026-02-01,1,1.8867924528301887
21047,Manzanilla,2026-02-01,1,0.4528985507246377
37180,"Manzano, El",2026-02-01,1,18.51851851851852
45091,Maqueda,2026-02-01,1,1.8315018315018314
18127,Maracena,2026-02-01,47,2.100840336134454
40118,Marazuela,2026-02-01,0,0
29069,Marbella,2026-02-01,534,3.327558917733272
10117,Marchagaz,2026-02-01,0,0
18128,Marchal,2026-02-01,1,2.2675736961451247
19171,Marchamalo,2026-02-01,17,1.956046484869405
41060,Marchena,2026-02-01,30,1.5451174289245981
31163,Marcilla,2026-02-01,2,0.6816632583503749
08242,Marganell,2026-02-01,2,6.430868167202572
07035,Maria de la Salut,2026-02-01,2,0.8140008140008139
16122,Mariana,2026-02-01,1,2.985074626865672
41061,Marinaleda,2026-02-01,0,0
46161,Marines,2026-02-01,9,4.552352048558422
21048,"Marines, Los",2026-02-01,1,2.277904328018223
45092,Marjaliza,2026-02-01,2,7.633587786259541
48060,Markina-Xemein,2026-02-01,11,2.1585557299843012
23059,Marmolejo,2026-02-01,10,1.5556938394523958
50902,Marracos,2026-02-01,0,0
45093,Marrupe,2026-02-01,0,0
37181,Martiago,2026-02-01,0,0
08114,Martorell,2026-02-01,253,8.727448342474732
08115,Martorelles,2026-02-01,19,3.8099057549629034
23060,Martos,2026-02-01,36,1.4729348226340984
48061,Maruri-Jatabe,2026-02-01,3,2.657218777679362
47081,Marzales,2026-02-01,0,0
43077,Mas de Barberans,2026-02-01,3,5.607476635514018
44145,Mas de las Matas,2026-02-01,1,0.8156606851549756
17100,Masarac,2026-02-01,0,0
45094,Mascaraque,2026-02-01,0,0
43078,Masdenverge,2026-02-01,2,1.7467248908296944
19172,Masegoso de Tajuña,2026-02-01,1,11.904761904761903
32045,Maside,2026-02-01,1,0.3620564808110065
08116,"Masies de Roda, Les",2026-02-01,3,3.95778364116095
43079,Masllorenç,2026-02-01,1,1.7605633802816902
08118,"Masnou, El",2026-02-01,55,2.224289238484248
43081,Maspujols,2026-02-01,3,3.271537622682661
08119,Masquefa,2026-02-01,34,3.362674315102364
43082,"Masroig, El",2026-02-01,2,4.1928721174004195
46163,Massalfassar,2026-02-01,6,2.207505518763797
46164,Massamagrell,2026-02-01,38,2.163516283306764
46165,Massanassa,2026-02-01,70,6.582659394395336
17101,Massanes,2026-02-01,7,7.945516458569807
25132,Massoteres,2026-02-01,0,0
37184,Masueco,2026-02-01,1,4.166666666666667
12075,"Mata de Morella, la",2026-02-01,0,0
44146,"Mata de los Olmos, La",2026-02-01,0,0
45095,"Mata, La",2026-02-01,1,1.095290251916758
40123,Matabuena,2026-02-01,0,0
08120,Matadepera,2026-02-01,32,3.2626427406199023
42110,Matalebreras,2026-02-01,0,0
38025,"Matanza de Acentejo, La",2026-02-01,12,1.3163668275559457
47082,Matapozuelos,2026-02-01,1,1.0256410256410255
19173,Matarrubia,2026-02-01,1,10
08121,Mataró,2026-02-01,340,2.5881099185506584
12076,Matet,2026-02-01,0,0
47083,Matilla de los Caños,2026-02-01,4,34.188034188034194
40125,"Matilla, La",2026-02-01,0,0
26095,Matute,2026-02-01,1,11.11111111111111
47084,Mayorga,2026-02-01,3,2.2058823529411766
45096,Mazarambroz,2026-02-01,2,1.5723270440251573
15045,Mazaricos,2026-02-01,4,1.0723860589812333
34102,Mazariegos,2026-02-01,0,0
39041,Mazcuerras,2026-02-01,0,0
19176,Mazuecos,2026-02-01,2,7.434944237918216
09206,Mazuela,2026-02-01,0,0
17102,Maçanet de Cabrenys,2026-02-01,3,3.90625
17103,Maçanet de la Selva,2026-02-01,23,2.851828890266584
48059,Mañaria,2026-02-01,1,1.8484288354898337
31161,Mañeru,2026-02-01,0,0
09208,Mecerreyes,2026-02-01,1,5.681818181818182
28083,Meco,2026-02-01,53,3.316853370048188
05123,Mediana de Voltoya,2026-02-01,1,8.620689655172413
09209,Medina de Pomar,2026-02-01,10,1.624167614097775
47086,Medina de Rioseco,2026-02-01,10,2.1677866897897244
06081,Medina de las Torres,2026-02-01,2,1.7196904557179709
47085,Medina del Campo,2026-02-01,22,1.0870639391244195
42113,Medinaceli,2026-02-01,0,0
08122,Mediona,2026-02-01,5,1.8768768768768769
26096,Medrano,2026-02-01,1,2.857142857142857
47087,Megeces,2026-02-01,2,4.739336492890995
45097,Mejorada,2026-02-01,1,0.7168458781362007
28084,Mejorada del Campo,2026-02-01,58,2.32222934016656
47088,Melgar de Abajo,2026-02-01,1,8.771929824561402
47089,Melgar de Arriba,2026-02-01,1,6.134969325153374
09211,Melgar de Fernamental,2026-02-01,0,0
49116,Melgar de Tera,2026-02-01,1,2.9940119760479043
34104,Melgar de Yuso,2026-02-01,1,3.663003663003663
46166,Meliana,2026-02-01,27,2.444323737099402
15046,Melide,2026-02-01,20,2.5510204081632653
52001,Melilla,2026-02-01,283,3.2503704044012083
13054,Membrilla,2026-02-01,7,1.206896551724138
19179,Membrillera,2026-02-01,0,0
45098,Menasalbas,2026-02-01,4,1.6032064128256514
20901,Mendaro,2026-02-01,2,0.9881422924901185
48062,Mendata,2026-02-01,0,0
31165,Mendavia,2026-02-01,5,1.392369813422445
31166,Mendaza,2026-02-01,1,3.484320557491289
48063,Mendexa,2026-02-01,0,0
34106,Meneses de Campos,2026-02-01,0,0
06082,Mengabril,2026-02-01,1,1.9920318725099602
50165,Mequinenza,2026-02-01,1,0.4466279589102278
32047,"Merca, A",2026-02-01,1,0.5060728744939271
07037,"Mercadal, Es",2026-02-01,9,1.3938361468174074
16124,"Mesas, Las",2026-02-01,1,0.44385264092321347
45100,Mesegar de Tajo,2026-02-01,2,9.852216748768473
50166,Mesones de Isuela,2026-02-01,1,3.6900369003690034
13055,Mestanza,2026-02-01,1,1.5723270440251573
50167,Mezalocha,2026-02-01,0,0
32048,"Mezquita, A",2026-02-01,2,2.0181634712411705
48064,Meñaka,2026-02-01,0,0
10121,Miajadas,2026-02-01,14,1.4904716278079422
49117,Micereces de Tera,2026-02-01,0,0
39044,Miengo,2026-02-01,6,1.1378721790252229
33037,Mieres,2026-02-01,28,0.7699076110866696
17105,Mieres,2026-02-01,28,76.08695652173914
37190,Mieza,2026-02-01,0,0
45101,Miguel Esteban,2026-02-01,5,1.055297593921486
13056,Miguelturra,2026-02-01,28,1.762114537444934
05127,Mijares,2026-02-01,2,2.793296089385475
29070,Mijas,2026-02-01,161,1.7069550466497032
31169,Milagro,2026-02-01,4,1.0729613733905579
09218,Milagros,2026-02-01,0,0
37191,"Milano, El",2026-02-01,0,0
19184,Millana,2026-02-01,1,7.6923076923076925
46167,Millares,2026-02-01,0,0
21049,Minas de Riotinto,2026-02-01,5,1.3509862199405567
02048,Minaya,2026-02-01,1,0.7092198581560284
16125,Minglanilla,2026-02-01,14,5.801906340654787
16126,Mira,2026-02-01,4,4.282655246252677
10123,Mirabel,2026-02-01,1,1.6129032258064515
28085,Miraflores de la Sierra,2026-02-01,11,1.499659168370825
25135,Miralcamp,2026-02-01,3,2.207505518763797
46168,Miramar,2026-02-01,3,0.9541984732824427
31171,Miranda de Arga,2026-02-01,1,1.1086474501108647
09219,Miranda de Ebro,2026-02-01,48,1.3108665374006607
37193,Miranda del Castañar,2026-02-01,0,0
06084,Mirandilla,2026-02-01,1,0.8097165991902834
09220,Miraveche,2026-02-01,0,0
43084,Miravet,2026-02-01,3,4.279600570613409
46169,Mislata,2026-02-01,69,1.4679914048039486
15048,Miño,2026-02-01,10,1.4072614691809737
42115,Miño de Medinaceli,2026-02-01,0,0
29071,Moclinejo,2026-02-01,1,0.8136696501220504
15049,Moeche,2026-02-01,3,2.493765586034913
37194,Mogarraz,2026-02-01,1,4.273504273504274
21050,Moguer,2026-02-01,47,1.9571916382110435
10124,Mohedas de Granadilla,2026-02-01,1,1.2121212121212122
47090,Mojados,2026-02-01,5,1.4518002322880372
04903,"Mojonera, La",2026-02-01,20,2.3014959723820483
49119,Molacillos,2026-02-01,0,0
43085,"Molar, El",2026-02-01,21,69.76744186046511
28086,"Molar, El",2026-02-01,21,2.1063189568706115
41063,"Molares, Los",2026-02-01,3,0.8176614881439085
30027,Molina de Segura,2026-02-01,117,1.4959723820483315
24100,Molinaseca,2026-02-01,2,2.3094688221709005
02049,Molinicos,2026-02-01,0,0
44151,Molinos,2026-02-01,1,4.291845493562231
28087,"Molinos, Los",2026-02-01,8,1.643047853768741
08123,Molins de Rei,2026-02-01,99,3.6275695284159615
39046,Molledo,2026-02-01,1,0.6680026720106881
25137,Mollerussa,2026-02-01,28,1.7482517482517483
17106,Mollet de Peralada,2026-02-01,0,0
29072,Mollina,2026-02-01,10,1.7914725904693658
18134,Monachil,2026-02-01,16,1.8441678192715536
19191,Monasterio,2026-02-01,0,0
09224,Monasterio de Rodilla,2026-02-01,2,11.627906976744185
46171,Moncada,2026-02-01,30,1.3481934208161064
12077,Moncofa,2026-02-01,14,1.6776512881965249
29073,Monda,2026-02-01,6,1.977587343441002
36031,Mondariz-Balneario,2026-02-01,2,2.7027027027027026
50170,Monegrillo,2026-02-01,0,0
06085,Monesterio,2026-02-01,8,1.8832391713747645
50171,Moneva,2026-02-01,0,0
49122,Monfarracinos,2026-02-01,2,1.998001998001998
03088,Monforte del Cid,2026-02-01,24,2.560819462227913
08128,Monistrol de Calders,2026-02-01,1,1.3089005235602096
08127,Monistrol de Montserrat,2026-02-01,5,1.546551190844417
37198,Monleras,2026-02-01,0,0
50172,Monreal de Ariza,2026-02-01,0,0
44153,Monreal del Campo,2026-02-01,9,3.488372093023256
10125,Monroy,2026-02-01,2,2.2002200220022
43091,Mont-ral,2026-02-01,0,0
17110,Mont-ras,2026-02-01,6,3.5502958579881656
43092,Mont-roig del Camp,2026-02-01,20,1.365001365001365
16129,Montalbanejo,2026-02-01,2,24.096385542168676
16130,Montalbo,2026-02-01,4,5.58659217877095
02050,Montalvos,2026-02-01,0,0
49123,Montamarta,2026-02-01,0,0
12079,Montanejos,2026-02-01,0,0
46173,Montaverner,2026-02-01,1,0.6086427267194157
43086,Montblanc,2026-02-01,14,1.8498942917547567
08125,Montcada i Reixac,2026-02-01,205,5.474550018693586
08130,Montclar,2026-02-01,0,0
31173,Monteagudo,2026-02-01,6,5.545286506469501
44156,Monteagudo del Castillo,2026-02-01,1,23.809523809523807
02051,Montealegre del Castillo,2026-02-01,6,2.9282576866764276
29903,Montecorto,2026-02-01,19,32.20338983050847
32049,Montederramo,2026-02-01,0,0
10127,Montehermoso,2026-02-01,16,2.8720157960868784
29074,Montejaque,2026-02-01,423,447.14587737843556
37200,Montejo,2026-02-01,1,5.319148936170213
28088,Montejo de la Sierra,2026-02-01,0,0
41064,Montellano,2026-02-01,10,1.4214641080312722
14041,Montemayor,2026-02-01,9,2.3112480739599386
47093,Montemayor de Pililla,2026-02-01,2,2.3809523809523814
32050,Monterrei,2026-02-01,0,0
40131,Monterrubio,2026-02-01,0,0
37202,Monterrubio de Armuña,2026-02-01,3,2.2641509433962264
06087,Monterrubio de la Serena,2026-02-01,3,1.3934045517882026
37203,Monterrubio de la Sierra,2026-02-01,0,0
46174,Montesa,2026-02-01,2,1.7761989342806395
03903,"Montesinos, Los",2026-02-01,17,2.9519013717659317
08131,Montesquiu,2026-02-01,2,1.76522506619594
25138,Montgai,2026-02-01,2,3.1104199066874028
08126,Montgat,2026-02-01,38,2.9606544604596805
13057,Montiel,2026-02-01,5,4.295532646048111
06088,Montijo,2026-02-01,14,0.9213557091148404
14042,Montilla,2026-02-01,37,1.667267483777938
18137,Montillana,2026-02-01,3,2.843601895734597
08132,Montmajor,2026-02-01,1,2.1231422505307855
08133,Montmaneu,2026-02-01,0,0
43090,"Montmell, El",2026-02-01,4,2.056555269922879
25142,Montoliu de Lleida,2026-02-01,8,16.293279022403258
25141,Montoliu de Segarra,2026-02-01,0,0
09227,Montorio,2026-02-01,0,0
14043,Montoro,2026-02-01,17,1.8863737239236573
08137,Montseny,2026-02-01,1,2.5839793281653747
14044,Monturque,2026-02-01,3,1.5568240788790868
45106,Mora,2026-02-01,27,2.6538234715942597
44158,Mora de Rubielos,2026-02-01,3,1.7094017094017093
09228,Moradillo de Roa,2026-02-01,0,0
13058,Moral de Calatrava,2026-02-01,9,1.7387944358578054
40132,Moral de Hornuez,2026-02-01,0,0
47094,Moral de la Reina,2026-02-01,0,0
18138,Moraleda de Zafayona,2026-02-01,10,3.105590062111801
10128,Moraleja,2026-02-01,11,1.675296984465428
28089,Moraleja de Enmedio,2026-02-01,17,3.0109812256464754
49126,Moraleja de Sayago,2026-02-01,1,3.3222591362126246
49125,Moraleja del Vino,2026-02-01,4,2.2185246810870773
47096,Morales de Campos,2026-02-01,1,7.575757575757576
49129,Morales de Toro,2026-02-01,5,5.399568034557235
49130,Morales de Valverde,2026-02-01,0,0
49127,Morales del Vino,2026-02-01,10,3.287310979618672
49131,Moralina,2026-02-01,1,4.739336492890995
28090,Moralzarzal,2026-02-01,6925,470.2886247877759
37204,Morasverdes,2026-02-01,0,0
50176,Morata de Jiloca,2026-02-01,1,3.7593984962406015
28091,Morata de Tajuña,2026-02-01,14,1.6678579938050988
30028,Moratalla,2026-02-01,13,1.7298735861610113
10129,Morcillo,2026-02-01,0,0
43095,"Morell, El",2026-02-01,20,5.247966413014957
12080,Morella,2026-02-01,4,1.5987210231814548
43096,"Morera de Montsant, La",2026-02-01,0,0
06089,"Morera, La",2026-02-01,1,1.4265335235378032
48066,Morga,2026-02-01,1,2.403846153846154
14045,Moriles,2026-02-01,6,1.638448935008192
37207,Moriscos,2026-02-01,2,3.4482758620689653
36033,Mos,2026-02-01,1,0.065698705735497
44160,Mosqueruela,2026-02-01,2,3.558718861209964
16133,Mota del Cuervo,2026-02-01,19,3.129632679953879
16134,Motilla del Palancar,2026-02-01,15,2.3130300693909023
02052,Motilleja,2026-02-01,2,2.941176470588235
18140,Motril,2026-02-01,128,2.127659574468085
35013,Moya,2026-02-01,8,0.999750062484379
16135,Moya,2026-02-01,8,60.150375939849624
40134,Mozoncillo,2026-02-01,1,1.0940919037199124
50180,Mozota,2026-02-01,0,0
47098,Mucientes,2026-02-01,1,1.443001443001443
47099,"Mudarra, La",2026-02-01,1,5.952380952380952
19196,Muduex,2026-02-01,0,0
50181,Muel,2026-02-01,1,0.6435006435006435
50182,"Muela, La",2026-02-01,63,9.36802973977695
49135,Muelas del Pan,2026-02-01,0,0
15051,Mugardos,2026-02-01,5,0.9617234083477592
30029,Mula,2026-02-01,32,1.7791615701100856
48068,Mundaka,2026-02-01,1,0.550357732526142
02053,Munera,2026-02-01,1,0.2977963073257892
48069,Mungia,2026-02-01,33,1.8196856906534327
44161,Muniesa,2026-02-01,1,1.7241379310344827
26098,Munilla,2026-02-01,0,0
08129,Muntanyola,2026-02-01,2,2.857142857142857
08139,Mura,2026-02-01,1,4.273504273504274
31176,Murchante,2026-02-01,11,2.5900635742877323
30030,Murcia,2026-02-01,546,1.1431418814942917
31177,Murieta,2026-02-01,0,0
31179,Murillo el Fruto,2026-02-01,3,4.405286343612335
03091,Murla,2026-02-01,3,5.226480836236934
07039,Muro,2026-02-01,17,2.0257387988560533
26100,Muro de Aguas,2026-02-01,1,17.543859649122805
03092,Muro de Alcoy,2026-02-01,24,2.5638286507851724
15053,Muros,2026-02-01,1,0.12238404112103782
18141,Murtas,2026-02-01,1,2.304147465437788
48908,Murueta,2026-02-01,1,3.215434083601286
46177,Museros,2026-02-01,15,2.1688837478311163
48071,Muskiz,2026-02-01,13,1.7407605784681306
20057,Mutiloa,2026-02-01,0,0
20056,Mutriku,2026-02-01,5,0.9552923194497517
03090,Mutxamel,2026-02-01,70,2.4399595663843288
48067,Muxika,2026-02-01,2,1.2894906511927788
05135,Muñana,2026-02-01,1,2.008032128514056
05136,Muñico,2026-02-01,0,0
05138,Muñogalindo,2026-02-01,1,3.3444816053511706
05140,Muñomer del Peco,2026-02-01,2,17.699115044247787
40135,Muñopedro,2026-02-01,1,3.3783783783783785
05142,Muñosancho,2026-02-01,1,11.494252873563218
05143,Muñotello,2026-02-01,0,0
29067,Málaga,2026-02-01,1417,2.3728467295071947
28092,Móstoles,2026-02-01,318,1.4839495457154457
48909,Nabarniz,2026-02-01,0,0
04065,Nacimiento,2026-02-01,0,0
26103,Nalda,2026-02-01,3,2.2813688212927756
45107,Nambroca,2026-02-01,13,2.4403979725924536
42128,Narros,2026-02-01,1,14.925373134328359
33040,Nava,2026-02-01,2,0.38044512079132586
45108,"Nava de Ricomalillo, La",2026-02-01,0,0
09229,Nava de Roa,2026-02-01,1,4.926108374384237
06090,"Nava de Santiago, La",2026-02-01,1,1.0940919037199124
47101,Nava del Rey,2026-02-01,4,2.074688796680498
37212,Navacarros,2026-02-01,1,7.142857142857142
05151,Navacepedilla de Corneja,2026-02-01,0,0
28093,Navacerrada,2026-02-01,2671,800.1797483523068
10130,Navaconcejo,2026-02-01,3,1.4713094654242276
45109,Navahermosa,2026-02-01,2,0.5532503457814661
05156,Navahondilla,2026-02-01,1,2.8089887640449436
12081,Navajas,2026-02-01,3,3.239740820734341
22160,Naval,2026-02-01,0,0
05157,Navalacruz,2026-02-01,0,0
28094,Navalafuente,2026-02-01,3,1.7421602787456445
28095,Navalagamella,2026-02-01,5,1.5772870662460567
28096,Navalcarnero,2026-02-01,72,2.1587910769968817
42129,Navaleno,2026-02-01,2,2.865329512893983
40141,Navalmanzano,2026-02-01,2,1.9102196752626552
05158,Navalmoral,2026-02-01,0,0
10131,Navalmoral de la Mata,2026-02-01,15,0.8672024050413366
45112,"Navalmorales, Los",2026-02-01,2,0.9442870632672333
05160,Navalosa,2026-02-01,1,3.1545741324921135
05161,Navalperal de Pinares,2026-02-01,2,2.3696682464454977
45113,"Navalucillos, Los",2026-02-01,8,4.2328042328042335
05163,Navaluenga,2026-02-01,3,1.4018691588785046
06091,Navalvillar de Pela,2026-02-01,4,0.9306654257794323
45114,Navamorcuende,2026-02-01,1,1.7271157167530224
08140,Navarcles,2026-02-01,21,3.345547235940736
01041,Navaridas,2026-02-01,2,10
05165,Navarredonda de Gredos,2026-02-01,0,0
26105,Navarrete,2026-02-01,7,2.28310502283105
05167,Navarrevisca,2026-02-01,2,7.017543859649123
02054,Navas de Jorquera,2026-02-01,0,0
40145,Navas de Oro,2026-02-01,1,0.7680491551459293
40146,Navas de San Antonio,2026-02-01,0,0
23063,Navas de San Juan,2026-02-01,5,1.1460004584001833
10133,Navas del Madroño,2026-02-01,1,0.7974481658692185
28099,Navas del Rey,2026-02-01,174,50.81775700934579
17111,Navata,2026-02-01,3,1.9946808510638296
10134,Navezuelas,2026-02-01,0,0
33041,Navia,2026-02-01,9,1.1195422316208485
09231,Nebreda,2026-02-01,0,0
15055,Neda,2026-02-01,9,1.829640170766416
19198,Negredo,2026-02-01,0,0
15056,Negreira,2026-02-01,8,1.1489300588826654
05171,Neila de San Miguel,2026-02-01,0,0
29075,Nerja,2026-02-01,47,2.1303598948418094
02055,Nerpio,2026-02-01,3,2.633889376646181
21052,Nerva,2026-02-01,5,0.9830908375933936
26106,Nestares,2026-02-01,2,23.52941176470588
36034,"Neves, As",2026-02-01,0,0
21053,Niebla,2026-02-01,36,8.37598883201489
40148,Nieva,2026-02-01,0,0
05172,Niharra,2026-02-01,0,0
23064,Noalejo,2026-02-01,4,2.318840579710145
45115,Noblejas,2026-02-01,9,2.253380070105158
45116,Noez,2026-02-01,2,1.86046511627907
06092,Nogales,2026-02-01,1,1.5797788309636651
44165,Nogueruelas,2026-02-01,0,0
15057,Noia,2026-02-01,14,0.9923447689254324
39047,Noja,2026-02-01,7,2.6335590669676447
45117,Nombela,2026-02-01,1,1.1001100110011
50189,Nonaspe,2026-02-01,0,0
33042,Noreña,2026-02-01,8,1.5603666861712504
22162,Novales,2026-02-01,1,6.451612903225806
50190,Novallas,2026-02-01,1,1.1641443538998835
03093,Novelda,2026-02-01,47,1.7661205471215993
42132,Noviercas,2026-02-01,0,0
50191,Novillas,2026-02-01,1,1.968503937007874
03094,"Nucia, la",2026-02-01,67,3.4662941693827927
22163,Nueno,2026-02-01,2,3.4904013961605584
14046,Nueva Carteya,2026-02-01,8,1.5255530129672006
50193,Nuez de Ebro,2026-02-01,2,2.2522522522522523
12082,Nules,2026-02-01,27,1.8773466833541927
43098,Nulles,2026-02-01,2,3.5971223021582737
45119,Numancia de la Sagra,2026-02-01,15,2.6182579856868564
10135,Nuñomoral,2026-02-01,1,0.8410428931875525
31183,Obanos,2026-02-01,1,1.0857763300760044
14047,Obejo,2026-02-01,2,0.9519276534983341
45121,Ocaña,2026-02-01,18,1.1222644803291977
04067,Ohanes,2026-02-01,0,0
20063,Oiartzun,2026-02-01,121,11.559037065341995
44169,Ojos Negros,2026-02-01,0,0
05173,Ojos-Albos,2026-02-01,0,0
01042,Okondo,2026-02-01,0,0
20058,Olaberria,2026-02-01,31,33.01384451544196
44171,Olba,2026-02-01,1,3.4965034965034967
15058,Oleiros,2026-02-01,0,0
08146,Olesa de Bonesvalls,2026-02-01,7,3.2802249297094654
08147,Olesa de Montserrat,2026-02-01,57,2.28
25149,Oliana,2026-02-01,3,1.6051364365971108
25151,Olius,2026-02-01,1,1.0111223458038423
46181,Oliva,2026-02-01,78,2.9082774049217
10136,Oliva de Plasencia,2026-02-01,0,0
06093,Oliva de la Frontera,2026-02-01,2,0.40791352233326533
35014,"Oliva, La",2026-02-01,4,0.1339405304045004
19200,"Olivar, El",2026-02-01,0,0
41067,Olivares,2026-02-01,17,1.7830920914621355
47103,Olivares de Duero,2026-02-01,0,0
08148,Olivella,2026-02-01,9,2.012072434607646
06095,Olivenza,2026-02-01,18,1.5286624203821655
26111,Ollauri,2026-02-01,0,0
46183,"Olleria, l'",2026-02-01,25,2.800179211469534
28101,Olmeda de las Fuentes,2026-02-01,1,2.304147465437788
09235,Olmedillo de Roa,2026-02-01,0,0
47104,Olmedo,2026-02-01,1,0.2757859900717044
44173,"Olmos, Los",2026-02-01,1,8.849557522123893
46182,Olocau,2026-02-01,1,0.3947887879984208
12083,Olocau del Rey,2026-02-01,2,14.184397163120567
40149,Olombrada,2026-02-01,1,2.0408163265306123
08149,Olost,2026-02-01,7,5.813953488372093
17114,Olot,2026-02-01,81,2.0498026116003643
08144,Olvan,2026-02-01,3,3.239740820734341
11024,Olvera,2026-02-01,13,1.658586374075019
25153,"Omellons, Els",2026-02-01,1,5.347593582887701
25154,"Omells de na Gaia, Els",2026-02-01,1,7.936507936507936
42135,Oncala,2026-02-01,1,16.393442622950822
12084,Onda,2026-02-01,52,1.9774118720766627
03095,Ondara,2026-02-01,12,1.5525941260188898
48073,Ondarroa,2026-02-01,6,0.7414730598121602
03096,Onil,2026-02-01,15,1.8416206261510129
46184,Ontinyent,2026-02-01,75,2.035443862458273
22165,Ontiñena,2026-02-01,1,2.008032128514056
02056,Ontur,2026-02-01,3,1.5856236786469344
24105,Onzonilla,2026-02-01,5,2.5458248472505094
31196,Orbara,2026-02-01,0,0
05174,Orbita,2026-02-01,1,13.888888888888888
18146,Orce,2026-02-01,2,1.7969451931716083
23065,Orcera,2026-02-01,2,1.1682242990654206
15059,Ordes,2026-02-01,18,1.3878180416345411
17115,Ordis,2026-02-01,0,0
20076,Ordizia,2026-02-01,8,0.7412898443291327
19204,Orea,2026-02-01,0,0
06096,Orellana de la Sierra,2026-02-01,2,7.874015748031496
06097,Orellana la Vieja,2026-02-01,2,0.774593338497289
20905,Orendain,2026-02-01,1,4.065040650406504
50196,Orera,2026-02-01,0,0
45124,Orgaz,2026-02-01,4,1.5082956259426847
04070,Oria,2026-02-01,8,3.6380172805820825
03099,Orihuela,2026-02-01,107,1.269592662466332
44174,Orihuela del Tremedal,2026-02-01,1,2.2222222222222223
20061,Orio,2026-02-01,4,0.6465168902537578
31906,Orkoien,2026-02-01,24,5.857944837686111
20062,Ormaiztegi,2026-02-01,1,0.774593338497289
45125,Oropesa,2026-02-01,5,1.9364833462432223
38026,"Orotava, La",2026-02-01,68,1.5936628465630787
48075,Orozko,2026-02-01,4,1.5009380863039399
44175,Orrios,2026-02-01,1,8.771929824561402
26112,Ortigosa de Cameros,2026-02-01,1,4.651162790697675
40901,Ortigosa del Monte,2026-02-01,0,0
15061,Ortigueira,2026-02-01,3,0.5530973451327433
48083,Ortuella,2026-02-01,10,1.1440338634023568
28102,Orusco de Tajuña,2026-02-01,2,1.3029315960912053
03098,Orxeta,2026-02-01,2,2.1413276231263385
25156,Os de Balaguer,2026-02-01,1,0.9140767824497258
16145,Osa de la Vega,2026-02-01,1,2.2222222222222223
50198,Oseja,2026-02-01,0,0
05175,"Oso, El",2026-02-01,0,0
17116,Osor,2026-02-01,1,2.331002331002331
02057,Ossa de Montiel,2026-02-01,3,1.3416815742397137
22167,Osso de Cinca,2026-02-01,1,1.5060240963855422
41068,Osuna,2026-02-01,17,0.9775733179988499
31200,Oteiza,2026-02-01,4,4.123711340206186
45126,Otero,2026-02-01,1,2.242152466367713
49139,Otero de Bodas,2026-02-01,0,0
40152,Otero de Herreros,2026-02-01,1,1.0141987829614605
46185,Otos,2026-02-01,0,0
48072,Otxandio,2026-02-01,1,0.7564296520423601
32054,Ourense,2026-02-01,170,1.6097112935450577
27039,Outeiro de Rei,2026-02-01,0,0
15062,Outes,2026-02-01,6,1.0011680293675955
33044,Oviedo,2026-02-01,362,1.619136222134755
09238,Oña,2026-02-01,0,0
20059,Oñati,2026-02-01,13,1.128668171557562
15064,Paderne,2026-02-01,3,1.2195121951219512
32055,Paderne de Allariz,2026-02-01,0,0
05176,Padiernos,2026-02-01,0,0
09243,Padilla de Arriba,2026-02-01,1,11.363636363636363
18150,Padul,2026-02-01,27,2.7904092600248034
04071,Padules,2026-02-01,1,2.2988505747126435
46186,Paiporta,2026-02-01,43,1.52282466267663
05177,Pajares de Adaja,2026-02-01,1,7.6923076923076925
24107,Pajares de los Oteros,2026-02-01,1,4.081632653061225
05178,Palacios de Goda,2026-02-01,1,2.5
09247,Palacios de Riopisuerga,2026-02-01,0,0
49143,Palacios de Sanabria,2026-02-01,0,0
09246,Palacios de la Sierra,2026-02-01,1,1.5105740181268883
24108,Palacios de la Valduerna,2026-02-01,1,2.890173410404624
24109,Palacios del Sil,2026-02-01,1,1.1614401858304297
08155,Palafolls,2026-02-01,19,1.8950728106922003
17117,Palafrugell,2026-02-01,60,2.4433946896888745
12087,Palanques,2026-02-01,0,0
25158,"Palau d'Anglesola, El",2026-02-01,5,2.247191011235955
17121,Palau-sator,2026-02-01,0,0
17120,Palau-saverdera,2026-02-01,9,5.905511811023622
40155,Palazuelos de Eresma,2026-02-01,8,1.3084723585214262
34120,Palencia,2026-02-01,104,1.344207628378291
37229,Palencia de Negrilla,2026-02-01,0,0
14048,Palenciana,2026-02-01,3,2.097902097902098
34121,Palenzuela,2026-02-01,1,4.694835680751174
43100,"Pallaresos, Els",2026-02-01,19,3.767598651596272
43099,"Palma d'Ebre, La",2026-02-01,0,0
21054,"Palma del Condado, La",2026-02-01,14,1.2893718916927612
41904,"Palmar de Troya, El",2026-02-01,1,0.43535045711797993
46188,Palmera,2026-02-01,1,0.970873786407767
17123,Palol de Revardit,2026-02-01,7,15.11879049676026
46189,"Palomar, el",2026-02-01,0,0
16148,Palomares del Campo,2026-02-01,1,1.8083182640144664
06098,Palomas,2026-02-01,1,1.5432098765432098
45127,Palomeque,2026-02-01,1,0.8084074373484236
10137,Palomero,2026-02-01,1,2.2271714922048997
21055,Palos de la Frontera,2026-02-01,49,3.687260139965385
17124,Pals,2026-02-01,12,4.702194357366771
18151,Pampaneira,2026-02-01,1,3.205128205128205
09251,Pancorbo,2026-02-01,0,0
50200,Paniza,2026-02-01,2,3.5087719298245617
22170,Panticosa,2026-02-01,0,0
45128,Pantoja,2026-02-01,6,1.657000828500414
08158,"Papiol, El",2026-02-01,26,5.903723887375113
28104,Paracuellos de Jarama,2026-02-01,83,3.001916886686679
50201,Paracuellos de Jiloca,2026-02-01,1,1.6339869281045751
37230,Parada de Arriba,2026-02-01,0,0
32057,Parada de Sil,2026-02-01,0,0
41071,Paradas,2026-02-01,9,1.3301803133313626
37232,Paradinas de San Juan,2026-02-01,0,0
29077,Parauta,2026-02-01,0,0
03100,Parcent,2026-02-01,1,0.9532888465204957
17125,Pardines,2026-02-01,0,0
34123,Paredes de Nava,2026-02-01,2,1.0368066355624677
19211,Pareja,2026-02-01,1,2.0242914979757085
28106,Parla,2026-02-01,221,1.601310031011796
06099,"Parra, La",2026-02-01,3,2.3112480739599386
47110,"Parrilla, La",2026-02-01,1,2.1231422505307855
04072,Partaloa,2026-02-01,4,4.836759371221281
20064,Pasaia,2026-02-01,13,0.8038585209003215
38027,"Paso, El",2026-02-01,7,0.8442889880593415
19212,Pastrana,2026-02-01,2,2.044989775051125
50203,Pastriz,2026-02-01,1,0.757002271006813
46190,Paterna,2026-02-01,205,2.7043071037530506
11025,Paterna de Rivera,2026-02-01,6,1.0818608005769925
21056,Paterna del Campo,2026-02-01,1,0.29507229271171437
28107,Patones,2026-02-01,1522,2462.7831715210355
17128,Pau,2026-02-01,2,3.5842293906810037
21057,Paymogo,2026-02-01,1,0.8643042350907519
36037,Pazos de Borbén,2026-02-01,1,0.32808398950131235
23066,Peal de Becerro,2026-02-01,7,1.3232514177693764
04074,Pechina,2026-02-01,9,1.953125
16153,"Pedernoso, El",2026-02-01,1,0.8952551477170994
27045,Pedrafita do Cebreiro,2026-02-01,0,0
47111,"Pedraja de Portillo, La",2026-02-01,5,4.198152812762385
47112,Pedrajas de San Esteban,2026-02-01,6,1.7472335468841003
46191,Pedralba,2026-02-01,12,3.6991368680641186
40156,Pedraza,2026-02-01,0,0
37235,Pedraza de Alba,2026-02-01,0,0
34125,Pedraza de Campos,2026-02-01,1,13.698630136986301
19213,"Pedregal, El",2026-02-01,0,0
03101,Pedreguer,2026-02-01,34,3.844849033133552
41072,Pedrera,2026-02-01,12,2.3538642604943116
28108,Pedrezuela,2026-02-01,12,1.8170805572380375
14050,Pedro Abad,2026-02-01,2,0.7150518412584912
13061,Pedro Muñoz,2026-02-01,14,1.8165304268846503
14051,Pedroche,2026-02-01,3,2.0847810979847115
50204,Pedrola,2026-02-01,6,1.56128024980484
09256,Pedrosa de Duero,2026-02-01,2,4.319654427645789
34126,Pedrosa de la Vega,2026-02-01,0,0
47113,Pedrosa del Rey,2026-02-01,1,6.7114093959731544
37236,Pedrosillo de Alba,2026-02-01,0,0
37237,Pedrosillo de los Aires,2026-02-01,1,3.1746031746031744
37238,Pedrosillo el Ralo,2026-02-01,2,13.605442176870747
37239,"Pedroso de la Armuña, El",2026-02-01,1,4.9504950495049505
41073,"Pedroso, El",2026-02-01,3,1.455604075691412
16154,"Pedroñeras, Las",2026-02-01,11,1.6845329249617151
23067,Pegalajar,2026-02-01,1,0.3531073446327684
03102,Pego,2026-02-01,30,2.764467379284924
05184,Peguerinos,2026-02-01,0,0
37240,Pelabravo,2026-02-01,0,0
37242,Pelayos,2026-02-01,0,0
28109,Pelayos de la Presa,2026-02-01,3,0.9398496240601504
49147,Peleagonzalo,2026-02-01,0,0
49148,Peleas de Abajo,2026-02-01,0,0
18153,Peligros,2026-02-01,37,3.1610422896198207
39048,Penagos,2026-02-01,0,0
25164,Penelles,2026-02-01,3,6.960556844547564
03103,Penàguila,2026-02-01,1,3.278688524590164
45132,Pepino,2026-02-01,7,2.046185325928091
17130,"Pera, La",2026-02-01,1,2.2271714922048997
08160,Perafita,2026-02-01,2,4.618937644341801
43103,Perafort,2026-02-01,9,6.651884700665189
09262,Peral de Arlanza,2026-02-01,0,0
16155,"Peral, El",2026-02-01,7,10.3397341211226
17132,Peralada,2026-02-01,11,5.270723526593196
10140,Peraleda de la Mata,2026-02-01,3,2.0761245674740487
06101,Peraleda del Zaucejo,2026-02-01,0,0
44181,Peralejos,2026-02-01,1,10.989010989010989
19216,Peralejos de las Truchas,2026-02-01,1,6.802721088435374
28110,Perales de Tajuña,2026-02-01,2,0.6140620202640467
10142,Perales del Puerto,2026-02-01,1,1.1402508551881414
22174,Peralta de Alcofea,2026-02-01,0,0
22176,Peraltilla,2026-02-01,0,0
25165,Peramola,2026-02-01,1,2.949852507374631
50206,Perdiguera,2026-02-01,2,3.5906642728904847
32058,"Pereiro de Aguiar, O",2026-02-01,7,1.031535514294135
49152,Pereruela,2026-02-01,0,0
37250,Pereña de la Ribera,2026-02-01,2,6.666666666666667
29079,Periana,2026-02-01,10,2.932551319648094
49153,Perilla de Castro,2026-02-01,0,0
22178,Pertusa,2026-02-01,1,7.751937984496124
39050,Pesaguero,2026-02-01,0,0
10143,Pescueza,2026-02-01,0,0
10144,"Pesga, La",2026-02-01,4,4.219409282700422
39051,Pesquera,2026-02-01,0,0
47116,Pesquera de Duero,2026-02-01,0,0
07041,Petra,2026-02-01,10,3.0627871362940278
03104,Petrer,2026-02-01,67,1.9685617746437492
18154,"Peza, La",2026-02-01,0,0
28111,Pezuela de las Torres,2026-02-01,0,0
47114,Peñafiel,2026-02-01,13,2.5179159403447606
41074,Peñaflor,2026-02-01,3,0.8271298593879239
47115,Peñaflor de Hornija,2026-02-01,1,2.865329512893983
22172,Peñalba,2026-02-01,10,14.598540145985401
06100,Peñalsordo,2026-02-01,0,0
19215,Peñalver,2026-02-01,0,0
37245,Peñaparda,2026-02-01,2,6.7340067340067336
37246,Peñaranda de Bracamonte,2026-02-01,21,3.406878650227125
37247,Peñarandilla,2026-02-01,1,5.847953216374268
44179,Peñarroya de Tastavins,2026-02-01,2,4.25531914893617
14052,Peñarroya-Pueblonuevo,2026-02-01,30,2.926258291065158
22173,"Peñas de Riglos, Las",2026-02-01,1,3.802281368821293
02060,Peñas de San Pedro,2026-02-01,1,0.6697923643670461
02059,Peñascosa,2026-02-01,1,3.0303030303030303
49149,Peñausende,2026-02-01,1,2.5906735751295336
46193,Picanya,2026-02-01,29,2.4371795949239434
46194,Picassent,2026-02-01,44,1.9000734119272789
16158,"Picazo, El",2026-02-01,4,5.730659025787966
13063,Piedrabuena,2026-02-01,6,1.3892104653855057
05187,Piedralaves,2026-02-01,9,4.083484573502722
31204,Piedramillera,2026-02-01,1,21.27659574468085
10145,Piedras Albas,2026-02-01,1,8.064516129032258
50207,Piedratajada,2026-02-01,1,10.309278350515465
08161,Piera,2026-02-01,42,2.348467904271975
03902,Pilar de la Horadada,2026-02-01,68,2.7915760088673593
41075,Pilas,2026-02-01,18,1.2630692582976633
46195,Piles,2026-02-01,9,2.8107432854465957
43105,"Piles, Les",2026-02-01,1,4.385964912280701
50208,Pina de Ebro,2026-02-01,4,1.6116035455278002
12090,Pina de Montalgrao,2026-02-01,1,8.196721311475411
18910,"Pinar, El",2026-02-01,1,1.146788990825688
16159,Pinarejo,2026-02-01,2,11.494252873563218
08163,Pineda de Mar,2026-02-01,65,2.1615509959761896
09266,Pineda de la Sierra,2026-02-01,1,10.752688172043012
46196,Pinet,2026-02-01,1,6.329113924050633
09270,Pinilla Trasmonte,2026-02-01,0,0
49156,Pinilla de Toro,2026-02-01,1,5.376344086021506
09268,Pinilla de los Barruecos,2026-02-01,0,0
28112,Pinilla del Valle,2026-02-01,0,0
37253,"Pino de Tormes, El",2026-02-01,0,0
15066,"Pino, O",2026-02-01,4,0.8718395815170009
10146,Pinofranqueado,2026-02-01,1,0.5602240896358543
18157,Pinos Genil,2026-02-01,6,3.6607687614399023
18158,Pinos Puente,2026-02-01,16,1.6306563391765185
50209,Pinseque,2026-02-01,11,2.3928649118990646
28113,Pinto,2026-02-01,147,2.597540288379983
10147,Piornal,2026-02-01,2,1.389854065323141
19220,Pioz,2026-02-01,12,2.198607548552584
43107,Pira,2026-02-01,1,1.953125
37254,Pitiegua,2026-02-01,2,11.560693641618496
31205,Pitillas,2026-02-01,0,0
29080,Pizarra,2026-02-01,21,2.0225368390638545
34130,Piña de Campos,2026-02-01,2,10.752688172043012
47117,Piña de Esgueva,2026-02-01,0,0
47119,Piñel de Arriba,2026-02-01,1,12.345679012345679
49158,"Piñero, El",2026-02-01,1,4.716981132075471
43108,"Pla de Santa Maria, El",2026-02-01,4,1.658374792703151
22182,Plan,2026-02-01,0,0
03106,Planes,2026-02-01,1,1.4184397163120568
17133,"Planes d'Hostoles, Les",2026-02-01,1,0.5724098454493417
17134,Planoles,2026-02-01,0,0
10148,Plasencia,2026-02-01,60,1.4916467780429594
10149,Plasenzuela,2026-02-01,0,0
48077,Plentzia,2026-02-01,4,0.9064128710627691
30032,Pliego,2026-02-01,7,1.7232890201870998
25168,"Poal, El",2026-02-01,0,0
46203,"Pobla Llarga, la",2026-02-01,10,2.1436227224008575
12094,"Pobla Tornesa, la",2026-02-01,3,2.245508982035928
08165,"Pobla de Claramunt, La",2026-02-01,10,4.25531914893617
46199,"Pobla de Farnals, la",2026-02-01,10,1.0606703436571914
08166,"Pobla de Lillet, La",2026-02-01,0,0
43109,"Pobla de Mafumet, La",2026-02-01,6,1.4330069262001435
25171,"Pobla de Segur, La",2026-02-01,6,1.8873859704309532
46202,"Pobla de Vallbona, la",2026-02-01,82,2.952082658314433
46200,"Pobla del Duc, la",2026-02-01,10,4.096681687832856
49159,Pobladura del Valle,2026-02-01,1,3.7313432835820897
13064,Poblete,2026-02-01,14,4.658901830282861
03901,"Poblets, els",2026-02-01,8,2.88912964969303
44185,"Pobo, El",2026-02-01,0,0
43112,Poboleda,2026-02-01,3,8.695652173913043
32063,"Pobra de Trives, A",2026-02-01,5,2.5974025974025974
15067,"Pobra do Caramiñal, A",2026-02-01,7,0.7673755755316816
39054,Polanco,2026-02-01,4,0.6356268870173208
22184,Poleñino,2026-02-01,1,5.46448087431694
46197,Polinyà de Xúquer,2026-02-01,8,3.1031807602792862
07042,Pollença,2026-02-01,38,2.1347115330599404
47121,Pollos,2026-02-01,6,10.619469026548673
03107,Polop,2026-02-01,29,4.920257889379029
18162,Polopos,2026-02-01,1,0.5817335660267597
24115,Ponferrada,2026-02-01,77,1.220053238686779
43113,"Pont d'Armentera, El",2026-02-01,0,0
25030,"Pont de Bar, El",2026-02-01,1,5.9880239520958085
17135,Pont de Molins,2026-02-01,61,104.09556313993174
25173,"Pont de Suert, El",2026-02-01,6,2.474226804123711
36042,Ponteareas,2026-02-01,0,0
15068,Ponteceso,2026-02-01,4,0.7604562737642585
15069,Pontedeume,2026-02-01,10,1.3462574044157243
32064,Pontedeva,2026-02-01,0,0
36038,Pontevedra,2026-02-01,91,1.0919257490490646
43141,Pontils,2026-02-01,0,0
25172,Ponts,2026-02-01,15,5.6839712012125805
23069,Porcuna,2026-02-01,13,2.1903959561920807
17137,Porqueres,2026-02-01,15,3.1223980016652786
43114,Porrera,2026-02-01,2,4.914004914004914
07043,Porreres,2026-02-01,18,3.065917220235054
17140,"Port de la Selva, El",2026-02-01,4,3.7914691943127963
17138,Portbou,2026-02-01,1,0.8833922261484098
12091,Portell de Morella,2026-02-01,0,0
25174,"Portella, La",2026-02-01,1,1.36986301369863
44187,"Portellada, La",2026-02-01,0,0
10151,Portezuelo,2026-02-01,1,5.050505050505051
47122,Portillo,2026-02-01,3,1.2520868113522536
49162,Porto,2026-02-01,1,6.8493150684931505
15071,Porto do Son,2026-02-01,3,0.3311623799536373
48078,Portugalete,2026-02-01,39,0.8692938659058488
13065,Porzuna,2026-02-01,4,1.1315417256011315
14053,Posadas,2026-02-01,6,0.8242890506937767
39055,Potes,2026-02-01,5,3.7936267071320184
46198,Potries,2026-02-01,4,3.502626970227671
37256,Poveda de las Cintas,2026-02-01,2,10.204081632653061
05189,Poyales del Hoyo,2026-02-01,1,2.004008016032064
09272,Poza de la Sal,2026-02-01,0,0
47123,Pozal de Gallinas,2026-02-01,2,3.5906642728904847
47124,Pozaldez,2026-02-01,1,1.9569471624266144
05190,Pozanco,2026-02-01,0,0
02901,Pozo Cañada,2026-02-01,9,3.3210332103321036
19224,Pozo de Almoguera,2026-02-01,0,0
19225,Pozo de Guadalajara,2026-02-01,4,2.287021154945683
02064,Pozo-Lorente,2026-02-01,0,0
14054,Pozoblanco,2026-02-01,30,1.7732592505024234
02063,Pozohondo,2026-02-01,3,1.946787800129786
02065,Pozuelo,2026-02-01,1,2.197802197802198
28115,Pozuelo de Alarcón,2026-02-01,229,2.559402731519771
13066,Pozuelo de Calatrava,2026-02-01,10,2.4443901246638964
47125,Pozuelo de la Orden,2026-02-01,1,16.666666666666668
28116,Pozuelo del Rey,2026-02-01,6,4.573170731707317
16169,"Pozuelo, El",2026-02-01,2,44.44444444444444
43115,Pradell de la Teixeta,2026-02-01,0,0
43116,Prades,2026-02-01,0,0
50217,Pradilla de Ebro,2026-02-01,0,0
24118,Prado de la Guzpeña,2026-02-01,0,0
11026,Prado del Rey,2026-02-01,9,1.5684907633321714
09274,Pradoluengo,2026-02-01,3,2.7548209366391188
19227,Prados Redondos,2026-02-01,0,0
43117,Prat de Comte,2026-02-01,1,5.555555555555555
08169,"Prat de Llobregat, El",2026-02-01,185,2.7924106805935005
43118,Pratdip,2026-02-01,4,5.1020408163265305
08170,"Prats de Rei, Els",2026-02-01,1,1.8083182640144664
33051,Pravia,2026-02-01,9,1.1559208836372976
25177,Preixens,2026-02-01,1,2.506265664160401
09275,Presencio,2026-02-01,1,4.716981132075471
17139,"Preses, Les",2026-02-01,10,5.138746145940391
24119,Priaranza del Bierzo,2026-02-01,0,0
16170,Priego,2026-02-01,1,1.095290251916758
24120,Prioro,2026-02-01,1,2.941176470588235
33052,Proaza,2026-02-01,1,1.4492753623188406
16171,"Provencio, El",2026-02-01,2,0.8587376556462001
25179,Prullans,2026-02-01,0,0
41076,Pruna,2026-02-01,3,1.2140833670578712
34139,Prádanos de Ojeda,2026-02-01,0,0
06102,Puebla de Alcocer,2026-02-01,0,0
45135,"Puebla de Almoradiel, La",2026-02-01,5,1.0105092966855296
37258,Puebla de Azaba,2026-02-01,1,6.896551724137931
22187,"Puebla de Castro, La",2026-02-01,0,0
41077,"Puebla de Cazalla, La",2026-02-01,12,1.1073175232998063
13068,Puebla de Don Rodrigo,2026-02-01,0,0
24121,Puebla de Lillo,2026-02-01,1,1.5625
06107,Puebla de Obando,2026-02-01,1,0.5534034311012728
46201,Puebla de San Miguel,2026-02-01,9,169.81132075471697
49166,Puebla de Sanabria,2026-02-01,3,2.161383285302594
44192,"Puebla de Valverde, La",2026-02-01,3,6.211180124223602
37260,Puebla de Yeltes,2026-02-01,2,14.814814814814815
06103,Puebla de la Calzada,2026-02-01,15,2.582200034429334
28118,Puebla de la Sierra,2026-02-01,1,10.101010101010102
06105,Puebla del Maestre,2026-02-01,1,1.5360983102918586
06106,Puebla del Prior,2026-02-01,0,0
45137,"Pueblanueva, La",2026-02-01,1,0.4659832246039142
49167,Pueblica de Valverde,2026-02-01,0,0
06902,Pueblonuevo del Guadiana,2026-02-01,2,1.0240655401945724
14056,Puente Genil,2026-02-01,60,2.0015345097908392
39056,Puente Viesgo,2026-02-01,0,0
22188,Puente de Montañana,2026-02-01,0,0
45138,"Puente del Arzobispo, El",2026-02-01,0,0
09277,Puentedura,2026-02-01,0,0
23072,"Puerta de Segura, La",2026-02-01,3,1.3519603424966202
05192,Puerto Castilla,2026-02-01,1,10.101010101010102
30033,Puerto Lumbreras,2026-02-01,27,1.480263157894737
11028,Puerto Real,2026-02-01,94,2.2132228291580334
11029,Puerto Serrano,2026-02-01,5,0.7288629737609329
10153,Puerto de Santa Cruz,2026-02-01,0,0
38028,Puerto de la Cruz,2026-02-01,63,1.994365127101206
13071,Puertollano,2026-02-01,59,1.291056697083087
08175,Puig-reig,2026-02-01,6,1.3163668275559457
43119,Puigpelat,2026-02-01,2,1.6326530612244898
07045,Puigpunyent,2026-02-01,3,1.4374700527072353
25182,Puigverd de Lleida,2026-02-01,7,4.943502824858758
08176,Pujalt,2026-02-01,1,4.878048780487805
45140,Pulgar,2026-02-01,5,3.037667071688943
18165,Pulianas,2026-02-01,30,5.289139633286318
38029,Puntagorda,2026-02-01,3,1.2809564474807857
38030,Puntallana,2026-02-01,4,1.4316392269148175
04076,Purchena,2026-02-01,2,1.2755102040816326
50221,Purujosa,2026-02-01,0,0
18167,Purullena,2026-02-01,2,0.8347245409015025
46205,Puçol,2026-02-01,40,1.8445930366612866
17142,Quart,2026-02-01,13,3.1242489786109107
46102,Quart de Poblet,2026-02-01,76,2.8211886113070266
46101,Quart de les Valls,2026-02-01,3,2.9013539651837523
46103,Quartell,2026-02-01,6,3.3240997229916895
46104,Quatretonda,2026-02-01,3,1.3679890560875512
03060,Quatretondeta,2026-02-01,1,7.751937984496124
26120,Quel,2026-02-01,5,2.36630383341221
09279,Quemada,2026-02-01,1,4.048582995951417
19230,Quer,2026-02-01,7,6.4338235294117645
17043,Queralbs,2026-02-01,0,0
45141,Quero,2026-02-01,1,0.9541984732824427
43120,Querol,2026-02-01,0,0
46206,Quesa,2026-02-01,2,2.8612303290414878
23073,Quesada,2026-02-01,4,0.8164931618697694
22195,Quicena,2026-02-01,0,0
28119,Quijorna,2026-02-01,8,1.993024414549078
42144,Quintana Redonda,2026-02-01,0,0
06109,Quintana de la Serena,2026-02-01,12,2.710639259091936
24123,Quintana del Castillo,2026-02-01,0,0
24124,Quintana del Marco,2026-02-01,2,6.779661016949152
09281,Quintana del Pidio,2026-02-01,0,0
24125,Quintana y Congosto,2026-02-01,1,2.487562189054726
09280,Quintanabureba,2026-02-01,0,0
09287,Quintanaortuño,2026-02-01,1,3.3670033670033668
45142,Quintanar de la Orden,2026-02-01,20,1.766628389718223
09289,Quintanar de la Sierra,2026-02-01,1,0.6775067750677507
16175,Quintanar del Rey,2026-02-01,22,2.8788275320596703
09301,Quintanilla Vivar,2026-02-01,0,0
34143,Quintanilla de Onsoña,2026-02-01,0,0
09295,Quintanilla del Coco,2026-02-01,1,20
49168,Quintanilla del Monte,2026-02-01,0,0
50222,Quinto,2026-02-01,1,0.5293806246691372
49171,Quiruelas de Vidriales,2026-02-01,1,1.6181229773462784
45143,Quismondo,2026-02-01,2,1.0604453870625663
49172,Rabanales,2026-02-01,1,2.008032128514056
03109,Rafal,2026-02-01,9,1.8660584698320546
46208,Rafelcofer,2026-02-01,5,3.526093088857546
46209,Rafelguaraf,2026-02-01,4,1.669449081803005
32067,Rairiz de Veiga,2026-02-01,1,0.8673026886383347
08178,Rajadell,2026-02-01,503,841.1371237458194
39057,Ramales de la Victoria,2026-02-01,4,1.2915724895059735
14057,"Rambla, La",2026-02-01,10,1.3433637829124125
26122,"Rasillo de Cameros, El",2026-02-01,0,0
39058,Rasines,2026-02-01,1,1.0172939979654119
43121,Rasquera,2026-02-01,1,1.2690355329949237
05193,Rasueros,2026-02-01,0,0
41080,"Real de la Jara, El",2026-02-01,3,1.9801980198019802
38031,"Realejos, Los",2026-02-01,26,0.6813238646785985
42151,Rebollar,2026-02-01,1,27.777777777777775
10154,Rebollar,2026-02-01,1,4.926108374384237
45145,Recas,2026-02-01,7,1.3217522658610272
02066,"Recueja, La",2026-02-01,0,0
19232,"Recuenco, El",2026-02-01,1,12.5
28121,Redueña,2026-02-01,32,111.49825783972125
24127,Regueras de Arriba,2026-02-01,0,0
09309,Regumiel de la Sierra,2026-02-01,0,0
39059,Reinosa,2026-02-01,14,1.6378100140383716
34146,Reinoso de Cerrato,2026-02-01,0,0
03112,Relleu,2026-02-01,17,12.381646030589948
08179,Rellinars,2026-02-01,1,1.0775862068965516
42153,Rello,2026-02-01,1,50
50223,Remolinos,2026-02-01,5,4.897159647404505
40166,Remondo,2026-02-01,0,0
06111,Rena,2026-02-01,1,1.6474464579901154
43122,Renau,2026-02-01,0,0
47133,Renedo de Esgueva,2026-02-01,6,1.5018773466833542
42154,Renieblas,2026-02-01,0,0
49174,Requejo,2026-02-01,0,0
46213,Requena,2026-02-01,38,1.8052256532066508
37267,Retortillo,2026-02-01,1,5.813953488372093
43123,Reus,2026-02-01,249,2.224982352047609
49175,Revellinos,2026-02-01,1,4.444444444444445
34152,Revenga de Campos,2026-02-01,0,0
34154,Revilla de Collazos,2026-02-01,0,0
09314,Revilla del Campo,2026-02-01,0,0
09312,"Revilla y Ahedo, La",2026-02-01,1,10.309278350515465
09315,Revillarruz,2026-02-01,2,3.1104199066874028
25183,Rialp,2026-02-01,0,0
15072,Rianxo,2026-02-01,10,0.9298000929800093
40170,Riaza,2026-02-01,5,2.346316283435007
24130,Riaño,2026-02-01,0,0
43124,"Riba, La",2026-02-01,1,1.7421602787456445
43125,Riba-roja d'Ebre,2026-02-01,0,0
46214,Riba-roja de Túria,2026-02-01,383,15.56341175992523
32069,Ribadavia,2026-02-01,5,1.016880211511084
33056,Ribadesella,2026-02-01,2,0.3553028957186001
31208,Ribaforada,2026-02-01,8,2.167434299647792
26124,Ribafrecha,2026-02-01,0,0
28122,Ribatejada,2026-02-01,1,1.0810810810810811
15073,Ribeira,2026-02-01,11,0.40575433419402435
06113,Ribera del Fresno,2026-02-01,1,0.3171582619727244
34156,Riberos de la Cueza,2026-02-01,0,0
17145,Ribes de Freser,2026-02-01,1,0.543773790103317
12095,Ribesalbes,2026-02-01,3,2.512562814070352
50225,Ricla,2026-02-01,10,3.2310177705977385
30034,Ricote,2026-02-01,3,2.493765586034913
24131,Riego de la Vega,2026-02-01,0,0
45147,Rielves,2026-02-01,0,0
44195,Rillo,2026-02-01,1,10.638297872340425
41081,"Rinconada, La",2026-02-01,35,0.8589589417625838
25186,Riner,2026-02-01,0,0
05194,Riocabado,2026-02-01,0,0
44196,Riodeva,2026-02-01,0,0
29083,Riogordo,2026-02-01,134,47.31638418079096
04078,Rioja,2026-02-01,4,2.450980392156863
46215,Riola,2026-02-01,7,3.8482682792743264
10155,Riolobos,2026-02-01,2,1.7035775127768313
42158,Rioseco de Soria,2026-02-01,2,16.129032258064516
24133,Rioseco de Tapia,2026-02-01,1,2.450980392156863
17147,Ripoll,2026-02-01,19,1.757306696263411
08180,Ripollet,2026-02-01,59,1.4834183994166896
25913,Riu de Cerdanya,2026-02-01,0,0
17148,Riudarenes,2026-02-01,5,1.9809825673534074
17149,Riudaura,2026-02-01,0,0
43127,Riudecanyes,2026-02-01,8,5.8013052936910805
17150,Riudellots de la Selva,2026-02-01,14,6.600660066006601
43129,Riudoms,2026-02-01,24,3.4647033347769596
17151,Riumors,2026-02-01,1,3.875968992248062
28123,Rivas-Vaciamadrid,2026-02-01,290,2.8089071414042595
09321,Roa,2026-02-01,2,0.8676789587852494
49178,Roales,2026-02-01,3,2.923976608187134
47134,Roales de Campos,2026-02-01,1,6.493506493506494
24134,"Robla, La",2026-02-01,4,1.113895850737956
37269,Robleda,2026-02-01,0,0
19239,Robledillo de Mohernando,2026-02-01,1,4.975124378109452
28124,Robledillo de la Jara,2026-02-01,0,0
02068,Robledo,2026-02-01,2,5.128205128205129
28125,Robledo de Chavela,2026-02-01,3888,797.7020927369717
13901,"Robledo, El",2026-02-01,3,2.7777777777777777
10159,Robledollano,2026-02-01,2,6.153846153846154
22197,Robres,2026-02-01,2,3.8167938931297707
06115,"Roca de la Sierra, La",2026-02-01,3,2.063273727647868
46216,Rocafort,2026-02-01,17,2.176696542893726
21061,Rociana del Condado,2026-02-01,10,1.2199585214102722
40173,Roda de Eresma,2026-02-01,0,0
08183,Roda de Ter,2026-02-01,15,2.158894645941278
02069,"Roda, La",2026-02-01,30,1.899696048632219
26127,Rodezno,2026-02-01,0,0
15074,Rois,2026-02-01,3,0.6888633754305395
03113,Rojales,2026-02-01,60,3.4309240622140895
09323,Rojas,2026-02-01,1,16.129032258064516
03114,"Romana, la",2026-02-01,7,2.530730296456978
10160,Romangordo,2026-02-01,0,0
50227,Romanos,2026-02-01,0,0
45149,"Romeral, El",2026-02-01,20,38.24091778202677
29084,Ronda,2026-02-01,54,1.601993592025632
41083,"Ronquillo, El",2026-02-01,29,19.94497936726272
04079,Roquetas de Mar,2026-02-01,127,1.1539789557853417
43133,Roquetes,2026-02-01,22,2.5563560306762723
21062,Rosal de la Frontera,2026-02-01,2,1.1648223645894002
10901,Rosalejo,2026-02-01,3,2.3059185242121445
17152,Roses,2026-02-01,51,2.5278810408921935
49181,Rosinos de la Requejada,2026-02-01,0,0
12096,Rossell,2026-02-01,1,1.1013215859030838
11030,Rota,2026-02-01,102,3.4436191762322754
47137,Roturas,2026-02-01,1,38.46153846153847
43134,"Rourell, El",2026-02-01,2,5.194805194805195
42160,"Royo, El",2026-02-01,0,0
44198,Royuela,2026-02-01,1,4.385964912280701
28127,"Rozas de Madrid, Las",2026-02-01,315,3.1633175669568887
28128,Rozas de Puerto Real,2026-02-01,1150,1975.9450171821306
09326,Rubena,2026-02-01,3,14.354066985645934
44201,Rubielos de Mora,2026-02-01,1,1.639344262295082
41084,"Rubio, El",2026-02-01,5,1.5169902912621358
18170,Rubite,2026-02-01,0,0
47139,Rueda,2026-02-01,1,0.881057268722467
39066,Ruente,2026-02-01,0,0
46219,Rugat,2026-02-01,1,5.813953488372093
13902,Ruidera,2026-02-01,0,0
39068,Ruiloba,2026-02-01,1,1.2987012987012987
23074,Rus,2026-02-01,8,2.357795461243737
14058,Rute,2026-02-01,13,1.3243683781581093
08187,Sabadell,2026-02-01,534,2.377676555842005
24137,Sabero,2026-02-01,0,0
23075,Sabiote,2026-02-01,7,1.8681611956231652
19244,Sacecorbo,2026-02-01,1,10.869565217391305
13073,Saceruela,2026-02-01,1,1.9230769230769231
40174,Sacramenia,2026-02-01,0,0
15075,Sada,2026-02-01,24,1.3738622703074017
31212,Sada,2026-02-01,24,175.18248175182484
16186,Saelices,2026-02-01,1,2.092050209205021
47140,Saelices de Mayorga,2026-02-01,0,0
37272,Saelices el Chico,2026-02-01,0,0
03115,Sagra,2026-02-01,2,4.514672686230248
37303,"Sahugo, El",2026-02-01,0,0
26128,Sajazarra,2026-02-01,0,0
37274,Salamanca,2026-02-01,134,0.9204371389516633
18171,Salar,2026-02-01,6,2.3255813953488373
29085,Salares,2026-02-01,2,10.204081632653061
33059,Salas,2026-02-01,2,0.419639110365086
22202,Salas Bajas,2026-02-01,1,5.434782608695652
09329,Salas de Bureba,2026-02-01,0,0
09330,Salas de los Infantes,2026-02-01,2,1.0131712259371835
36049,Salceda de Caselas,2026-02-01,0,0
34157,Saldaña,2026-02-01,2,0.7022471910112359
09332,Saldaña de Burgos,2026-02-01,1,4.854368932038835
08190,Saldes,2026-02-01,3,9.966777408637872
46221,Salem,2026-02-01,0,0
17154,Sales de Llierca,2026-02-01,2,12.195121951219512
03116,Salinas,2026-02-01,4,2.1953896816684964
08191,Sallent,2026-02-01,17,2.4137441431208293
05197,Salobral,2026-02-01,1,9.00900900900901
02070,Salobre,2026-02-01,2,4.504504504504505
18173,Salobreña,2026-02-01,24,1.8881283927307055
10162,Salorino,2026-02-01,0,0
43905,Salou,2026-02-01,77,2.4824295570314012
17155,Salt,2026-02-01,61,1.7628529318267203
41085,Salteras,2026-02-01,14,2.4915465385299873
16189,Salvacañete,2026-02-01,1,3.3557046979865772
50232,Salvatierra de Esca,2026-02-01,0,0
37277,Salvatierra de Tormes,2026-02-01,0,0
12098,"Salzadella, la",2026-02-01,0,0
01052,Samaniego,2026-02-01,2,6.8493150684931505
40176,Samboal,2026-02-01,0,0
49184,Samir de los Caños,2026-02-01,0,0
44205,Samper de Calanda,2026-02-01,0,0
44206,San Agustín,2026-02-01,1,7.633587786259541
24142,San Andrés del Rabanedo,2026-02-01,45,1.5002000266702227
46903,San Antonio de Benagéber,2026-02-01,36,3.2275416890801507
26129,San Asensio,2026-02-01,2,1.8214936247723132
13074,San Carlos del Valle,2026-02-01,0,0
16190,San Clemente,2026-02-01,10,1.4858841010401187
42162,San Esteban de Gormaz,2026-02-01,3,1.0080645161290323
22205,San Esteban de Litera,2026-02-01,2,2.9895366218236172
37284,San Esteban de la Sierra,2026-02-01,0,0
05207,San Esteban del Valle,2026-02-01,1,1.358695652173913
11031,San Fernando,2026-02-01,183,1.9574286019895175
28130,San Fernando de Henares,2026-02-01,85,2.177644557169575
03118,San Fulgencio,2026-02-01,47,4.744599232788209
30035,San Javier,2026-02-01,50,1.374192661811186
41086,San Juan de Aznalfarache,2026-02-01,38,1.620123641014709
05210,San Juan de la Encinilla,2026-02-01,0,0
05211,San Juan de la Nava,2026-02-01,1,2.3640661938534278
38034,San Juan de la Rambla,2026-02-01,4,0.7982438635002994
21064,San Juan del Puerto,2026-02-01,23,2.298620827503498
24148,San Justo de la Vega,2026-02-01,17,9.63172804532578
13075,San Lorenzo de Calatrava,2026-02-01,0,0
38035,San Miguel de Abona,2026-02-01,19,0.7816678323116798
39070,San Miguel de Aguayo,2026-02-01,1,6.0606060606060606
40183,San Miguel de Bernuy,2026-02-01,2,16.666666666666668
03120,San Miguel de Salinas,2026-02-01,37,5.024443237370995
05218,San Miguel de Serrezuela,2026-02-01,1,9.5238095238095255
37287,San Miguel de Valero,2026-02-01,2,6.430868167202572
47145,San Miguel del Arroyo,2026-02-01,0,0
47146,San Miguel del Pino,2026-02-01,1,2.710027100271003
37288,San Morales,2026-02-01,1,2.890173410404624
37289,San Muñoz,2026-02-01,0,0
45153,San Pablo de los Montes,2026-02-01,5,3.0084235860409145
02071,San Pedro,2026-02-01,5,4.317789291882556
42165,San Pedro Manrique,2026-02-01,0,0
16193,San Pedro Palmiches,2026-02-01,0,0
37291,San Pedro de Rozados,2026-02-01,0,0
05220,San Pedro del Arroyo,2026-02-01,0,0
30036,San Pedro del Pinatar,2026-02-01,58,1.9511538720312185
37290,San Pedro del Valle,2026-02-01,1,6.944444444444444
47149,San Pelayo,2026-02-01,1,23.809523809523807
11033,San Roque,2026-02-01,60,1.720528775843776
15076,San Sadurniño,2026-02-01,0,0
26139,San Torcuato,2026-02-01,1,16.129032258064516
49208,San Vicente de la Cabeza,2026-02-01,0,0
40179,Sanchonuño,2026-02-01,2,1.9120458891013383
05205,Sanchorreja,2026-02-01,0,0
37282,Sanchotello,2026-02-01,0,0
03117,Sanet y Negrals,2026-02-01,1,1.3869625520110958
31219,Sansol,2026-02-01,0,0
17157,Sant Andreu Salou,2026-02-01,1,6.134969325153374
08196,Sant Andreu de la Barca,2026-02-01,68,2.5120987107022796
17183,Sant Aniol de Finestres,2026-02-01,2,5.2493438320209975
07046,Sant Antoni de Portmany,2026-02-01,72,2.4444067221184858
08198,Sant Antoni de Vilamajor,2026-02-01,20,2.9753049687592976
08199,Sant Bartomeu del Grau,2026-02-01,1,1.0741138560687433
08200,Sant Boi de Llobregat,2026-02-01,221,2.5903395571808665
08202,Sant Celoni,2026-02-01,35,1.850285472615775
17158,Sant Climent Sescebes,2026-02-01,1,1.447178002894356
08206,Sant Cugat Sesgarrigues,2026-02-01,8,7.714561234329798
08205,Sant Cugat del Vallès,2026-02-01,259,2.643963290764504
08208,Sant Esteve Sesrovires,2026-02-01,39,4.807692307692308
08212,Sant Feliu Sasserra,2026-02-01,1,1.5772870662460567
17159,Sant Feliu de Buixalleu,2026-02-01,1,1.1325028312570782
08210,Sant Feliu de Codines,2026-02-01,16,2.345697111860431
08211,Sant Feliu de Llobregat,2026-02-01,101,2.16329677861549
17161,Sant Feliu de Pallerols,2026-02-01,4,2.4125452352231602
17162,Sant Ferriol,2026-02-01,0,0
25192,Sant Guim de Freixenet,2026-02-01,7,5.6772100567721004
25197,Sant Guim de la Plana,2026-02-01,0,0
17164,Sant Hilari Sacalm,2026-02-01,11,1.8118926041838248
08193,Sant Iscle de Vallalta,2026-02-01,3,2.0242914979757085
43902,Sant Jaume d'Enveja,2026-02-01,7,1.86219739292365
17165,Sant Jaume de Llierca,2026-02-01,9,10.452961672473869
43137,Sant Jaume dels Domenys,2026-02-01,8,2.8378857750975524
07049,Sant Joan,2026-02-01,8,3.389830508474576
03119,Sant Joan d'Alacant,2026-02-01,87,3.2496638278798744
07050,Sant Joan de Labritja,2026-02-01,6,0.8591065292096219
17168,Sant Joan de Mollet,2026-02-01,3,5.597014925373134
12902,Sant Joan de Moró,2026-02-01,7,1.8781862087469816
08218,Sant Joan de Vilatorrada,2026-02-01,37,3.330632820235845
17185,Sant Joan les Fonts,2026-02-01,5,1.5827793605571383
17166,Sant Jordi Desvalls,2026-02-01,0,0
07048,Sant Josep de sa Talaia,2026-02-01,95,3.094260960198033
08221,Sant Just Desvern,2026-02-01,74,3.5162746495604655
08223,Sant Llorenç Savall,2026-02-01,6,2.3157082207641837
08222,Sant Llorenç d'Hortons,2026-02-01,8,3.052270125906143
25193,Sant Llorenç de Morunys,2026-02-01,2,2.0366598778004072
07052,Sant Lluís,2026-02-01,8,1.074258090506244
12100,Sant Mateu,2026-02-01,0,0
08229,Sant Mateu de Bages,2026-02-01,2,3.125
17174,Sant Miquel de Campmajor,2026-02-01,0,0
17176,Sant Mori,2026-02-01,1,5.9880239520958085
17178,Sant Pere Pescador,2026-02-01,8,3.50109409190372
08189,Sant Pere Sallavinera,2026-02-01,0,0
08231,Sant Pere de Ribes,2026-02-01,50,1.5331309600466072
08234,Sant Pere de Vilamajor,2026-02-01,13,2.564608404024462
08235,Sant Pol de Mar,2026-02-01,14,2.4229837313949463
08239,Sant Quirze Safaja,2026-02-01,1,1.5060240963855422
08237,Sant Quirze de Besora,2026-02-01,4,1.8492834026814609
25194,Sant Ramon,2026-02-01,1,2.070393374741201
08262,Sant Vicenç de Castellet,2026-02-01,16,1.5737188944624767
08264,Sant Vicenç de Montalt,2026-02-01,24,3.514423780934251
08263,Sant Vicenç dels Horts,2026-02-01,78,2.7121001390820583
06120,Santa Amalia,2026-02-01,12,3.088803088803089
10165,Santa Ana,2026-02-01,16,52.805280528052805
45155,Santa Ana de Pusa,2026-02-01,1,2.881844380403458
09343,Santa Cecilia,2026-02-01,0,0
34167,Santa Cecilia del Alcor,2026-02-01,1,10.989010989010989
22208,Santa Cilia,2026-02-01,0,0
49197,Santa Clara de Avedillo,2026-02-01,0,0
26134,Santa Coloma,2026-02-01,0,0
17180,Santa Coloma de Farners,2026-02-01,32,2.2506681671121114
08245,Santa Coloma de Gramenet,2026-02-01,146,1.184584178498986
43139,Santa Coloma de Queralt,2026-02-01,10,3.5310734463276834
15077,Santa Comba,2026-02-01,6,0.6357952739217972
17181,Santa Cristina d'Aro,2026-02-01,20,3.348961821835231
49201,Santa Croya de Tera,2026-02-01,2,7.874015748031496
39073,Santa Cruz de Bezana,2026-02-01,21,1.5123145614287772
04080,Santa Cruz de Marchena,2026-02-01,0,0
50237,Santa Cruz de Moncayo,2026-02-01,0,0
16194,Santa Cruz de Moya,2026-02-01,0,0
13077,Santa Cruz de Mudela,2026-02-01,11,2.843111915223572
05222,Santa Cruz de Pinares,2026-02-01,1,5.88235294117647
38038,Santa Cruz de Tenerife,2026-02-01,330,1.5602984425384636
38037,Santa Cruz de la Palma,2026-02-01,33,2.0935101186322402
09345,Santa Cruz de la Salceda,2026-02-01,0,0
10166,Santa Cruz de la Sierra,2026-02-01,1,3.1645569620253164
45156,Santa Cruz de la Zarza,2026-02-01,12,2.8281876031110063
18174,Santa Cruz del Comercio,2026-02-01,1,1.9157088122605364
23076,Santa Elena,2026-02-01,5,5.787037037037036
24154,Santa Elena de Jamuz,2026-02-01,0,0
14061,Santa Eufemia,2026-02-01,2,2.9154518950437316
47152,Santa Eufemia del Arroyo,2026-02-01,2,25.31645569620253
44209,Santa Eulalia,2026-02-01,5,4.9800796812749
26136,Santa Eulalia Bajera,2026-02-01,0,0
33062,Santa Eulalia de Oscos,2026-02-01,0,0
09347,Santa Gadea del Cid,2026-02-01,0,0
07055,Santa Margalida,2026-02-01,17,1.202518214614133
08257,Santa Maria de Miralles,2026-02-01,1,6.944444444444444
24159,Santa Marina del Rey,2026-02-01,3,1.7482517482517483
06121,Santa Marta,2026-02-01,8,1.9052155275065492
10168,Santa Marta de Magasca,2026-02-01,0,0
37294,Santa Marta de Tormes,2026-02-01,22,1.4716703458425313
45158,Santa Olalla,2026-02-01,4,1.0992030777686177
21069,Santa Olalla del Cala,2026-02-01,2,0.9779951100244498
43140,Santa Oliva,2026-02-01,8,2.1557531662624627
17184,Santa Pau,2026-02-01,8,5.069708491761723
03121,Santa Pola,2026-02-01,96,2.422896370703145
08261,Santa Susanna,2026-02-01,17,4.198567547542604
31220,Santacara,2026-02-01,1,1.152073732718894
14060,Santaella,2026-02-01,4,0.8545182653279214
39075,Santander,2026-02-01,418,2.387452736432072
24160,Santas Martas,2026-02-01,0,0
50239,Santed,2026-02-01,7,97.22222222222223
23077,Santiago de Calatrava,2026-02-01,0,0
15078,Santiago de Compostela,2026-02-01,168,1.665972511453561
38040,Santiago del Teide,2026-02-01,5,0.3950695322376738
39076,Santillana del Mar,2026-02-01,2,0.4738213693437574
41089,Santiponce,2026-02-01,18,2.0770828525271177
15079,Santiso,2026-02-01,0,0
23079,Santisteban del Puerto,2026-02-01,7,1.5730337078651686
39078,Santiurde de Toranzo,2026-02-01,0,0
19250,Santiuste,2026-02-01,0,0
37299,Santiz,2026-02-01,0,0
09358,Santo Domingo de Silos,2026-02-01,0,0
45901,Santo Domingo-Caudilla,2026-02-01,2,1.5313935681470139
30901,Santomera,2026-02-01,29,1.7689398560448943
28136,Santorcaz,2026-02-01,3,2.9556650246305423
06122,"Santos de Maimona, Los",2026-02-01,18,2.22194790766572
28137,"Santos de la Humosa, Los",2026-02-01,5,1.7301038062283738
37300,"Santos, Los",2026-02-01,0,0
49207,Santovenia,2026-02-01,0,0
47155,Santovenia de Pisuerga,2026-02-01,5,1.0475591870940708
39079,Santoña,2026-02-01,4,0.3676132708390773
08192,Santpedor,2026-02-01,21,2.7135288797002195
48082,Santurtzi,2026-02-01,51,1.096067053513862
49210,Sanzoles,2026-02-01,0,0
09361,Sargentes de la Lora,2026-02-01,0,0
22213,Sariñena,2026-02-01,6,1.4566642388929352
39081,Saro,2026-02-01,1,2.079002079002079
43142,Sarral,2026-02-01,4,2.4286581663630846
32078,Sarreaus,2026-02-01,1,0.9363295880149812
27057,Sarria,2026-02-01,0,0
25201,Sarroca de Bellera,2026-02-01,1,9.00900900900901
25200,Sarroca de Lleida,2026-02-01,0,0
31223,Sartaguda,2026-02-01,1,0.7331378299120235
45159,Sartajada,2026-02-01,0,0
10173,Saucedilla,2026-02-01,4,3.976143141153081
41090,"Saucejo, El",2026-02-01,5,1.1918951132300357
37302,Saucelle,2026-02-01,0,0
40192,Sauquillo de Cabezas,2026-02-01,1,7.462686567164179
38041,"Sauzal, El",2026-02-01,17,1.8174043190079112
03123,Sax,2026-02-01,11,1.0617760617760619
29086,Sayalonga,2026-02-01,2,1.2232415902140672
47158,"Seca, La",2026-02-01,0,0
22214,Secastilla,2026-02-01,0,0
43144,"Secuita, La",2026-02-01,5,2.7056277056277054
29087,Sedella,2026-02-01,2,3.2679738562091503
46224,Segart,2026-02-01,1,5.46448087431694
12104,Segorbe,2026-02-01,17,1.7322192785816182
40194,Segovia,2026-02-01,81,1.5520511985284255
20070,Segura,2026-02-01,3,2.0093770931011385
10174,Segura de Toro,2026-02-01,0,0
23081,Segura de la Sierra,2026-02-01,0,0
45160,Segurilla,2026-02-01,3,2.0847810979847115
22215,Seira,2026-02-01,0,0
39082,Selaya,2026-02-01,1,0.5336179295624334
03124,Sella,2026-02-01,0,0
46225,Sellent,2026-02-01,1,2.5906735751295336
07058,Selva,2026-02-01,10,2.318571759795966
17188,"Selva de Mar, La",2026-02-01,1,4.484304932735426
43145,"Selva del Camp, La",2026-02-01,16,2.7821248478525473
22217,Sena,2026-02-01,0,0
07047,Sencelles,2026-02-01,8,1.9622271277900416
03125,Senija,2026-02-01,2,2.890173410404624
08267,Sentmenat,2026-02-01,27,2.8337531486146093
46227,Senyera,2026-02-01,0,0
34175,"Serna, La",2026-02-01,1,11.11111111111111
46228,Serra,2026-02-01,9,2.393617021276596
47159,Serrada,2026-02-01,0,0
05232,"Serrada, La",2026-02-01,0,0
10175,Serradilla,2026-02-01,2,1.3679890560875512
37306,Serradilla del Arroyo,2026-02-01,0,0
05233,Serranillos,2026-02-01,0,0
28140,Serranillos del Valle,2026-02-01,12,2.563554795983764
29904,Serrato,2026-02-01,1,2.150537634408602
22220,Sesa,2026-02-01,2,11.904761904761903
31224,Sesma,2026-02-01,3,2.3866348448687353
48084,Sestao,2026-02-01,44,1.545323639939592
50243,Sestrica,2026-02-01,0,0
11034,Setenil de las Bodegas,2026-02-01,6,2.2753128555176336
25203,"Seu d'Urgell, La",2026-02-01,10,0.7690532953933708
08269,Seva,2026-02-01,9,2.357255107386066
41091,Sevilla,2026-02-01,1305,1.8948358825288871
28141,Sevilla la Nueva,2026-02-01,21,2.1378397638196067
45162,Sevilleja de la Jara,2026-02-01,0,0
25205,Sidamon,2026-02-01,2,2.642007926023778
37309,"Sierpe, La",2026-02-01,2,48.78048780487805
10177,Sierra de Fuentes,2026-02-01,1,0.4807692307692308
50244,Sierra de Luna,2026-02-01,0,0
29088,Sierra de Yeguas,2026-02-01,5,1.4624159110851127
04084,Sierro,2026-02-01,1,2.7472527472527473
46229,Siete Aguas,2026-02-01,3,2.255639097744361
37310,Sieteiglesias de Tormes,2026-02-01,0,0
19257,Sigüenza,2026-02-01,7,1.4291547570436913
23082,Siles,2026-02-01,5,2.4248302618816684
46230,Silla,2026-02-01,46,2.2456551454793985
38042,"Silos, Los",2026-02-01,3,0.6298551333193366
17193,Sils,2026-02-01,11,1.588677065280185
47161,Simancas,2026-02-01,18,3.2420749279538907
46231,Simat de la Valldigna,2026-02-01,7,2.0983213429256593
46232,Sinarcas,2026-02-01,1,0.8496176720475787
07060,Sineu,2026-02-01,19,4.173989455184534
44213,Singra,2026-02-01,0,0
06125,Siruela,2026-02-01,2,1.13314447592068
16198,Sisante,2026-02-01,3,1.8259281801582472
08270,Sitges,2026-02-01,75,2.294279596206791
50247,Sobradiel,2026-02-01,3,2.6833631484794274
24165,Sobrado,2026-02-01,3,10.989010989010989
15080,Sobrado,2026-02-01,3,1.646542261251372
02072,Socovos,2026-02-01,1,0.6045949214026601
26143,Sojuela,2026-02-01,5,7.173601147776184
06126,Solana de los Barros,2026-02-01,5,1.9600156801254411
13080,Solana del Pino,2026-02-01,0,0
13079,"Solana, La",2026-02-01,23,1.511765479163928
19258,Solanillos del Extremo,2026-02-01,0,0
16199,Solera de Gabaldón,2026-02-01,0,0
43147,Solivella,2026-02-01,1,1.5649452269170578
46233,Sollana,2026-02-01,11,2.1572857423024123
05238,Solosancho,2026-02-01,0,0
25207,Solsona,2026-02-01,20,2.053177291859152
28143,Somosierra,2026-02-01,1,10.752688172043012
15081,"Somozas, As",2026-02-01,0,0
07062,Son Servera,2026-02-01,21,1.6689183819438924
48904,Sondika,2026-02-01,13,2.779559546717982
12106,Soneja,2026-02-01,3,1.959503592423253
45163,Sonseca,2026-02-01,23,2.0141868815132673
22223,Sopeira,2026-02-01,0,0
48086,Sopuerta,2026-02-01,3,1.0634526763559022
08272,Sora,2026-02-01,2,8.88888888888889
04086,Sorbas,2026-02-01,9,3.5377358490566038
42173,Soria,2026-02-01,90,2.198285337436799
25208,Soriguera,2026-02-01,0,0
37312,Sorihuela,2026-02-01,0,0
25209,Sort,2026-02-01,3,1.3117621337997378
26144,Sorzano,2026-02-01,0,0
25210,Soses,2026-02-01,13,6.900212314225053
46234,Sot de Chera,2026-02-01,1,2.3255813953488373
12107,Sot de Ferrer,2026-02-01,1,2.0491803278688527
05239,Sotalbo,2026-02-01,0,0
40198,Sotillo,2026-02-01,0,0
05240,Sotillo de la Adrada,2026-02-01,7,1.3872374157748713
09369,Sotillo de la Ribera,2026-02-01,0,0
45164,Sotillo de las Palomas,2026-02-01,1,5.405405405405405
42174,Sotillo del Rincón,2026-02-01,0,0
19260,"Sotillo, El",2026-02-01,1,35.714285714285715
24166,Soto de la Vega,2026-02-01,1,0.6747638326585694
33069,Soto del Barco,2026-02-01,3,0.7861635220125787
28144,Soto del Real,2026-02-01,20,2.114388413151496
40199,Sotosalbos,2026-02-01,1,7.6923076923076925
37313,Sotoserrano,2026-02-01,0,0
09372,Sotragero,2026-02-01,1,3.3003300330033003
09373,Sotresgudo,2026-02-01,1,2.4154589371980677
36053,Soutomaior,2026-02-01,1,0.1321353065539112
39085,Suances,2026-02-01,8,0.8852495297111873
08273,Subirats,2026-02-01,7,2.129601460298144
25211,Sudanell,2026-02-01,1,1.0869565217391304
46235,Sueca,2026-02-01,71,2.403195234226916
48076,Sukarrieta,2026-02-01,0,0
31226,Sunbilla,2026-02-01,7,10.218978102189782
25212,Sunyer,2026-02-01,2,6.451612903225806
17194,Susqueda,2026-02-01,1,9.70873786407767
34178,Tabanera de Cerrato,2026-02-01,1,7.575757575757576
04088,Tabernas,2026-02-01,9,2.2365805168986084
04089,Taberno,2026-02-01,1,1.0493179433368311
38043,Tacoronte,2026-02-01,31,1.2553656758726817
31227,Tafalla,2026-02-01,18,1.656390908254348
08276,Tagamanent,2026-02-01,0,0
04090,Tahal,2026-02-01,0,0
08277,Talamanca,2026-02-01,0,0
25215,Talarn,2026-02-01,2,3.5778175313059033
06127,Talarrubias,2026-02-01,2,0.6153846153846154
25216,Talavera,2026-02-01,0,0
45165,Talavera de la Reina,2026-02-01,133,1.5755866987312381
06128,Talavera la Real,2026-02-01,9,1.641437169432792
10180,Talayuela,2026-02-01,10,1.3468013468013469
16202,Talayuelas,2026-02-01,2,2.2988505747126435
12109,Tales,2026-02-01,0,0
37316,Tamames,2026-02-01,0,0
22225,Tamarite de Litera,2026-02-01,11,3.181949667341626
38044,"Tanque, El",2026-02-01,4,1.4260249554367201
33070,Tapia de Casariego,2026-02-01,3,0.8486562942008486
49216,Tapioles,2026-02-01,1,7.8125
08278,Taradell,2026-02-01,24,3.5097981866042702
33071,Taramundi,2026-02-01,0,0
50251,Tarazona,2026-02-01,15,1.3796909492273732
02073,Tarazona de la Mancha,2026-02-01,8,1.303780964797914
09377,Tardajos,2026-02-01,1,1.1560693641618498
22226,Tardienta,2026-02-01,0,0
34181,Tariego de Cerrato,2026-02-01,0,0
11035,Tarifa,2026-02-01,39,2.0937349009502335
43148,Tarragona,2026-02-01,338,2.3593466424682394
25219,Tarroja de Segarra,2026-02-01,1,6.134969325153374
19265,Tartanedo,2026-02-01,2,13.986013986013987
50252,Tauste,2026-02-01,18,2.642395772166765
46237,Tavernes Blanques,2026-02-01,26,2.6560424966799467
46238,Tavernes de la Valldigna,2026-02-01,30,1.6728935482072156
38045,Tazacorte,2026-02-01,8,1.7675651789659745
29089,Teba,2026-02-01,4,1.0851871947911014
38046,Tegueste,2026-02-01,15,1.3028750108572917
42183,Tejado,2026-02-01,0,0
35025,Tejeda,2026-02-01,0,0
35026,Telde,2026-02-01,133,1.2674754367072323
45166,Tembleque,2026-02-01,3,1.4822134387351777
19266,Tendilla,2026-02-01,1,2.7472527472527473
15082,Teo,2026-02-01,9,0.47273873306019537
12110,Teresa,2026-02-01,1,3.937007874015748
46239,Teresa de Cofrentes,2026-02-01,1,1.6181229773462784
17196,Terrades,2026-02-01,0,0
37322,Terradillos,2026-02-01,3,0.9044317154054868
09380,Terradillos de Esgueva,2026-02-01,0,0
08279,Terrassa,2026-02-01,579,2.4884388591861644
46240,Terrateig,2026-02-01,2,6.968641114982578
13081,Terrinches,2026-02-01,0,0
44216,Teruel,2026-02-01,76,2.0809944963171874
03128,Teulada,2026-02-01,49,3.7890504175688213
08282,Tiana,2026-02-01,32,3.4180730613116856
03129,Tibi,2026-02-01,2,1.0922992900054613
47163,Tiedra,2026-02-01,0,0
28146,Tielmes,2026-02-01,33,11.224489795918366
05241,"Tiemblo, El",2026-02-01,2,0.43402777777777773
22228,Tierz,2026-02-01,2,2.430133657351154
19268,Tierzo,2026-02-01,1,30.303030303030305
38047,Tijarafe,2026-02-01,5,1.839587932303164
35029,Tinajo,2026-02-01,7,1.0139049826187716
33073,Tineo,2026-02-01,5,0.5743825387708213
26148,Tirgo,2026-02-01,0,0
46241,Titaguas,2026-02-01,2,3.8535645472061657
28147,Titulcia,2026-02-01,1,0.7153075822603719
25222,Tiurana,2026-02-01,1,14.492753623188406
43149,Tivenys,2026-02-01,3,3.1512605042016806
43150,Tivissa,2026-02-01,0,0
05242,Tiñosillos,2026-02-01,0,0
09382,Tobar,2026-02-01,1,37.03703703703704
02074,Tobarra,2026-02-01,9,1.124718820294926
50255,Tobed,2026-02-01,0,0
45167,"Toboso, El",2026-02-01,1,0.5793742757821553
41092,Tocina,2026-02-01,10,1.0570824524312896
39086,"Tojos, Los",2026-02-01,1,2.7027027027027026
45168,Toledo,2026-02-01,134,1.538920917839998
20071,Tolosa,2026-02-01,20,0.9939863823865613
29090,Tolox,2026-02-01,4,1.6116035455278002
22229,Tolva,2026-02-01,0,0
41093,Tomares,2026-02-01,56,2.1894670993470697
13082,Tomelloso,2026-02-01,65,1.7480166733898077
08283,Tona,2026-02-01,15,1.7620110419358628
37323,Topas,2026-02-01,2,3.8610038610038613
15083,Toques,2026-02-01,1,0.942507068803016
24168,Toral de los Guzmanes,2026-02-01,0,0
24206,Toral de los Vados,2026-02-01,1,0.5717552887364208
47164,Tordehumos,2026-02-01,0,0
08284,Tordera,2026-02-01,38,1.9950648396072872
47165,Tordesillas,2026-02-01,11,1.2498579706851496
19272,Tordesilos,2026-02-01,0,0
37324,Tordillos,2026-02-01,0,0
15084,Tordoia,2026-02-01,1,0.3171582619727244
24169,Toreno,2026-02-01,0,0
19274,Torija,2026-02-01,2,1.0712372790573113
10182,Toril,2026-02-01,0,0
03131,Tormos,2026-02-01,3,9.11854103343465
25225,Tornabous,2026-02-01,1,1.2077294685990339
10183,Tornavacas,2026-02-01,3,2.9791459781529297
10184,"Torno, El",2026-02-01,3,3.7313432835820897
44219,Tornos,2026-02-01,0,0
49219,Toro,2026-02-01,10,1.197748233321356
12115,"Toro, El",2026-02-01,7,27.237354085603112
34182,Torquemada,2026-02-01,2,2.0682523267838677
13083,Torralba de Calatrava,2026-02-01,9,2.916396629941672
50257,Torralba de Ribota,2026-02-01,0,0
44220,Torralba de los Sisones,2026-02-01,1,6.896551724137931
12116,Torralba del Pinar,2026-02-01,0,0
44223,Torre de Arcas,2026-02-01,0,0
25227,"Torre de Cabdella, La",2026-02-01,0,0
08286,"Torre de Claramunt, La",2026-02-01,2,0.48146364949446313
10187,Torre de Don Miguel,2026-02-01,2,4.166666666666667
47169,Torre de Esgueva,2026-02-01,1,16.129032258064516
43151,"Torre de Fontaubella, La",2026-02-01,1,8.333333333333334
13084,Torre de Juan Abad,2026-02-01,4,4.310344827586206
06131,Torre de Miguel Sesmero,2026-02-01,1,0.8110300081103001
43152,"Torre de l'Espanyol, La",2026-02-01,1,1.557632398753894
24170,Torre del Bierzo,2026-02-01,1,0.5200208008320333
44225,Torre del Compte,2026-02-01,0,0
49220,"Torre del Valle, La",2026-02-01,0,0
44227,Torre los Negros,2026-02-01,1,12.987012987012989
05247,"Torre, La",2026-02-01,0,0
25233,Torre-serona,2026-02-01,1,2.3866348448687353
25226,Torrebesses,2026-02-01,52,185.71428571428572
12117,Torreblanca,2026-02-01,12,2.0844189682126104
23085,Torreblascopedro,2026-02-01,2,0.8385744234800838
40203,Torrecaballeros,2026-02-01,2,1.3360053440213762
14062,Torrecampo,2026-02-01,2,2.0181634712411705
44221,Torrecilla de Alcañiz,2026-02-01,1,2.2727272727272725
45170,Torrecilla de la Jara,2026-02-01,1,4.405286343612335
47167,Torrecilla de la Orden,2026-02-01,0,0
09386,Torrecilla del Monte,2026-02-01,0,0
40204,Torrecilla del Pinar,2026-02-01,0,0
26151,Torrecilla en Cameros,2026-02-01,2,4.246284501061571
19277,Torrecuadrada de Molina,2026-02-01,0,0
23086,Torredelcampo,2026-02-01,1,0.07197351374694114
43153,Torredembarra,2026-02-01,42,2.308960967564596
23087,Torredonjimeno,2026-02-01,20,1.5132026935007945
25228,Torrefarrera,2026-02-01,11,2.2222222222222223
09387,Torregalindo,2026-02-01,1,7.751937984496124
49221,Torregamones,2026-02-01,0,0
25230,Torregrossa,2026-02-01,5,2.1881838074398248
10189,Torrejoncillo,2026-02-01,11,3.989844033369605
16211,Torrejoncillo del Rey,2026-02-01,1,2.941176470588235
28151,Torrelaguna,2026-02-01,319,62.84475965327029
25231,Torrelameu,2026-02-01,3,3.676470588235294
39087,Torrelavega,2026-02-01,86,1.6644731748858095
08287,Torrelavit,2026-02-01,3,1.9047619047619047
46243,Torrella,2026-02-01,0,0
50261,Torrellas,2026-02-01,1,4.032258064516129
08288,Torrelles de Foix,2026-02-01,4,1.4540167211922936
08289,Torrelles de Llobregat,2026-02-01,9,1.4605647517039921
28152,Torrelodones,2026-02-01,73,2.882640972990049
06132,Torremayor,2026-02-01,0,0
10191,Torremenga,2026-02-01,1,1.6129032258064515
19282,Torremocha del Campo,2026-02-01,0,0
29901,Torremolinos,2026-02-01,194,2.7220429353164026
17197,Torrent,2026-02-01,184,1016.5745856353592
46244,Torrent,2026-02-01,184,2.014164833119876
22234,Torrente de Cinca,2026-02-01,1,0.9285051067780873
13085,Torrenueva,2026-02-01,6,2.2753128555176336
18916,Torrenueva Costa,2026-02-01,5,1.5718327569946557
10193,Torreorgaz,2026-02-01,2,1.2165450121654502
23088,Torreperogil,2026-02-01,8,1.1231222799382283
23090,Torres,2026-02-01,5,3.7397157816005984
22235,Torres de Alcanadre,2026-02-01,2,21.978021978021978
30038,"Torres de Cotillas, Las",2026-02-01,54,2.366967651442097
25232,Torres de Segre,2026-02-01,5,2.1786492374727673
28154,Torres de la Alameda,2026-02-01,7,0.8941116362242943
49222,Torres del Carrizal,2026-02-01,1,2.4096385542168677
09390,Torresandino,2026-02-01,3,5.319148936170213
37327,Torresmenudas,2026-02-01,1,5.208333333333333
03133,Torrevieja,2026-02-01,324,3.2248432367871005
45172,Torrico,2026-02-01,0,0
45173,Torrijos,2026-02-01,22,1.537064207363935
29091,Torrox,2026-02-01,32,1.46822665749025
42187,Torrubia de Soria,2026-02-01,0,0
43155,Tortosa,2026-02-01,78,2.1512493794472944
19287,Tortuera,2026-02-01,5,31.84713375796178
09392,Tosantos,2026-02-01,0,0
17202,Tossa de Mar,2026-02-01,14,2.2246941045606228
30039,Totana,2026-02-01,64,1.8734266143668403
15085,Touro,2026-02-01,3,0.8984725965858041
46246,Tous,2026-02-01,0,0
37328,Trabanca,2026-02-01,0,0
49223,Trabazos,2026-02-01,3,3.5671819262782405
16215,Tragacete,2026-02-01,1,3.8167938931297707
12121,Traiguera,2026-02-01,2,1.5048908954100828
22239,Tramaced,2026-02-01,1,9.25925925925926
06134,Trasierra,2026-02-01,0,0
47173,Traspinedo,2026-02-01,1,0.7627765064836003
15086,Trazo,2026-02-01,0,0
11037,Trebujena,2026-02-01,4,0.5706948209445
25234,Tremp,2026-02-01,12,1.949317738791423
28903,Tres Cantos,2026-02-01,110,2.0181264447950684
40207,Trescasas,2026-02-01,4,3.5492457852706303
16216,Tresjuncos,2026-02-01,0,0
09394,Trespaderne,2026-02-01,3,4.1551246537396125
26155,Treviana,2026-02-01,1,7.042253521126761
26157,Tricio,2026-02-01,1,2.6666666666666665
21070,Trigueros,2026-02-01,2,0.24405125076266015
47174,Trigueros del Valle,2026-02-01,1,3.125
19290,Trijueque,2026-02-01,3,1.7084282460136675
19291,Trillo,2026-02-01,3,2.135231316725979
24172,Truchas,2026-02-01,1,2.710027100271003
06135,Trujillanos,2026-02-01,5,3.5486160397444992
10195,Trujillo,2026-02-01,7,0.8083140877598153
31232,Tudela,2026-02-01,84,2.1664560389962086
47175,Tudela de Duero,2026-02-01,10,1.119444755401321
36055,Tui,2026-02-01,0,0
35030,Tuineje,2026-02-01,7,0.41302808590984186
24173,Turcia,2026-02-01,9,9.221311475409836
45175,Turleque,2026-02-01,0,0
04093,Turre,2026-02-01,10,2.2311468094600624
04094,Turrillas,2026-02-01,0,0
48088,Ubide,2026-02-01,0,0
11038,Ubrique,2026-02-01,17,1.0226179018286814
31234,Ucar,2026-02-01,0,0
19293,Uceda,2026-02-01,4,1.1750881316098707
48065,Ugao-Miraballes,2026-02-01,6,1.4251781472684086
45176,Ugena,2026-02-01,21,3.481432360742706
30040,Ulea,2026-02-01,11,11.93058568329718
04095,Uleila del Campo,2026-02-01,0,0
08290,Ullastrell,2026-02-01,8,3.686635944700461
17205,Ullastret,2026-02-01,0,0
43156,Ulldecona,2026-02-01,15,2.2013501614323454
17203,Ultramort,2026-02-01,1,4.587155963302752
41094,Umbrete,2026-02-01,29,3.0584264923012023
50267,Uncastillo,2026-02-01,1,1.6835016835016834
45177,Urda,2026-02-01,3,1.2239902080783354
31240,Urdiain,2026-02-01,0,0
48089,Urduliz,2026-02-01,16,2.612671456564337
01054,Urkabustaiz,2026-02-01,1,0.684931506849315
20072,Urnieta,2026-02-01,12,1.8960341286143152
47177,Urones de Castroponce,2026-02-01,0,0
20077,Urretxu,2026-02-01,9,1.3368983957219251
31244,Urroz,2026-02-01,0,0
47178,Urueña,2026-02-01,1,4.975124378109452
40210,Urueñas,2026-02-01,1,9.5238095238095255
26160,Uruñuela,2026-02-01,1,0.9910802775024776
06136,Usagre,2026-02-01,3,1.7667844522968197
50271,Used,2026-02-01,2,8
20073,Usurbil,2026-02-01,7,1.080580426057425
50272,Utebo,2026-02-01,36,1.8813692187091715
46249,Utiel,2026-02-01,14,1.2028524787352866
41095,Utrera,2026-02-01,97,1.8480062489283469
44238,Utrillas,2026-02-01,1,0.3254149040026033
49225,Uña de Quintana,2026-02-01,0,0
08291,Vacarisses,2026-02-01,24,3.11284046692607
49226,Vadillo de la Guareña,2026-02-01,1,4.166666666666667
09400,Vadocondes,2026-02-01,0,0
24185,Val de San Lorenzo,2026-02-01,0,0
15088,Val do Dubra,2026-02-01,5,1.3568521031207597
44240,Valbona,2026-02-01,0,0
47179,Valbuena de Duero,2026-02-01,0,0
49227,Valcabado,2026-02-01,7,16.867469879518072
28155,Valdaracete,2026-02-01,2,3.0120481927710845
10196,Valdastillas,2026-02-01,2,5.970149253731344
44241,Valdealgorfa,2026-02-01,1,1.7182130584192439
19298,Valdearenas,2026-02-01,0,0
19299,Valdeavellano,2026-02-01,1,9.900990099009901
42191,Valdeavellano de Tera,2026-02-01,2,9.00900900900901
28156,Valdeavero,2026-02-01,4,2.1141649048625792
19300,Valdeaveruelo,2026-02-01,4,3.048780487804878
37330,Valdecarros,2026-02-01,0,0
24175,Valdefresno,2026-02-01,3,1.2701100762066044
10198,Valdefuentes,2026-02-01,0,0
02075,Valdeganga,2026-02-01,2,1.0075566750629723
06901,Valdelacalzada,2026-02-01,7,2.5491624180626364
10200,Valdelacasa de Tajo,2026-02-01,1,2.976190476190476
28157,Valdelaguna,2026-02-01,2,1.7857142857142856
21071,Valdelarco,2026-02-01,1,4.149377593360996
44244,Valdelinares,2026-02-01,0,0
37335,Valdelosa,2026-02-01,0,0
44245,Valdeltormo,2026-02-01,0,0
24177,Valdelugueros,2026-02-01,0,0
42194,Valdemaluque,2026-02-01,0,0
28158,Valdemanco,2026-02-01,2,1.7873100983020553
13086,Valdemanco del Esteras,2026-02-01,0,0
28159,Valdemaqueda,2026-02-01,1,1.1481056257175661
37336,Valdemierque,2026-02-01,3,51.724137931034484
28160,Valdemorillo,2026-02-01,37,2.5703369225425496
28161,Valdemoro,2026-02-01,182,2.114361393155045
10202,Valdeobispo,2026-02-01,2,3.246753246753247
13087,Valdepeñas,2026-02-01,41,1.3355918952374748
24180,Valdepolo,2026-02-01,1,0.8496176720475787
40211,Valdeprados,2026-02-01,0,0
24181,Valderas,2026-02-01,4,2.682763246143528
44246,Valderrobres,2026-02-01,4,1.5766653527788725
42197,Valderrodilla,2026-02-01,1,16.949152542372882
37337,Valderrodrigo,2026-02-01,1,7.936507936507936
18914,Valderrubio,2026-02-01,6,2.899951667472209
24183,Valderrueda,2026-02-01,2,2.4479804161566707
47182,Valdestillas,2026-02-01,1,0.6079027355623101
06138,Valdetorres,2026-02-01,2,1.8099547511312217
28164,Valdetorres de Jarama,2026-02-01,23,4.415434824342484
40212,Valdevacas de Montejo,2026-02-01,1,35.714285714285715
40213,Valdevacas y Guijar,2026-02-01,0,0
45179,Valdeverdeja,2026-02-01,2,3.3222591362126246
24187,Valdevimbre,2026-02-01,1,1.1123470522803114
09405,Valdezate,2026-02-01,0,0
28165,Valdilecha,2026-02-01,1,0.30184123151222453
09406,Valdorros,2026-02-01,1,2.688172043010753
15087,Valdoviño,2026-02-01,6,0.881704628949302
37338,Valdunciel,2026-02-01,1,8.064516129032258
46250,Valencia,2026-02-01,1776,2.1103714776640468
24188,Valencia de Don Juan,2026-02-01,10,1.945903872348706
06140,Valencia del Mombuey,2026-02-01,1,1.4204545454545454
06141,Valencia del Ventoso,2026-02-01,1,0.5344735435595938
14063,Valenzuela,2026-02-01,2,1.937984496124031
13088,Valenzuela de Calatrava,2026-02-01,1,1.5649452269170578
44247,Valjunquera,2026-02-01,0,0
12124,Vall d'Alba,2026-02-01,4,1.248829222603809
03134,"Vall d'Alcalà, la",2026-02-01,0,0
12126,"Vall d'Uixó, la",2026-02-01,54,1.675977653631285
12125,Vall de Almonacid,2026-02-01,1,3.5087719298245617
17208,"Vall de Bianya, La",2026-02-01,2,1.4903129657228018
03137,"Vall de Laguar, la",2026-02-01,0,0
17209,Vall-llobrega,2026-02-01,4,4.434589800443459
46251,Vallada,2026-02-01,6,1.925545571245186
47186,Valladolid,2026-02-01,478,1.5838408471891794
09408,Vallarta de Bureba,2026-02-01,1,24.390243902439025
08292,Vallbona d'Anoia,2026-02-01,3,2.112676056338028
08293,Vallcebre,2026-02-01,0,0
07063,Valldemossa,2026-02-01,3,1.4605647517039921
38049,Valle Gran Rey,2026-02-01,6,1.2486992715920915
06147,Valle de Matamoros,2026-02-01,1,2.985074626865672
06148,Valle de Santa Ana,2026-02-01,1,0.9140767824497258
39101,Valle de Villaverde,2026-02-01,0,0
06146,Valle de la Serena,2026-02-01,0,0
38050,Vallehermoso,2026-02-01,1,0.339097999321804
09417,Vallejera,2026-02-01,0,0
40219,Vallelado,2026-02-01,1,1.3422818791946307
35032,Valleseco,2026-02-01,5,1.3196093956188968
25240,Vallfogona de Balaguer,2026-02-01,6,2.9880478087649402
08294,Vallgorguina,2026-02-01,8,2.444240757714635
12127,Vallibona,2026-02-01,0,0
08295,Vallirana,2026-02-01,48,2.955847034915943
43160,Vallmoll,2026-02-01,6,3.0045067601402105
08296,Vallromanes,2026-02-01,8,2.875629043853343
43161,Valls,2026-02-01,54,2.11433046202036
50275,Valmadrid,2026-02-01,1,8.849557522123893
45180,Valmojado,2026-02-01,9,1.8192844147968465
47184,Valoria la Buena,2026-02-01,1,1.3422818791946307
50276,Valpalmas,2026-02-01,0,0
37340,Valsalabroso,2026-02-01,0,0
40214,Valseca,2026-02-01,0,0
14064,Valsequillo,2026-02-01,0,0
42198,Valtajeros,2026-02-01,0,0
40215,Valtiendas,2026-02-01,0,0
31249,Valtierra,2026-02-01,4,1.6025641025641024
50277,Valtorres,2026-02-01,0,0
38048,Valverde,2026-02-01,1,0.18850141376060323
47185,Valverde de Campos,2026-02-01,0,0
06144,Valverde de Llerena,2026-02-01,0,0
10204,Valverde de la Vera,2026-02-01,1,2.320185614849188
24189,Valverde de la Virgen,2026-02-01,4,0.5035880649628605
21072,Valverde del Camino,2026-02-01,27,2.1194756260303005
10205,Valverde del Fresno,2026-02-01,2,0.9259259259259259
40216,Valverde del Majano,2026-02-01,6,5.449591280653951
16238,Vara de Rey,2026-02-01,1,2.1413276231263385
08297,Veciana,2026-02-01,0,0
37344,Vecinos,2026-02-01,0,0
15089,Vedra,2026-02-01,4,0.8153281695882593
24196,Vega de Espinareda,2026-02-01,2,0.999000999000999
24197,Vega de Infanzones,2026-02-01,0,0
39097,Vega de Pas,2026-02-01,1,1.2903225806451613
35033,Vega de San Mateo,2026-02-01,7,0.8856275303643725
24198,Vega de Valcarce,2026-02-01,0,0
47188,Vega de Valdetronco,2026-02-01,2,22.727272727272727
49232,Vega de Villalobos,2026-02-01,0,0
16239,Vega del Codorno,2026-02-01,0,0
24194,Vegacervera,2026-02-01,0,0
33074,Vegadeo,2026-02-01,3,0.7618080243778568
40223,Vegas de Matute,2026-02-01,2,5.361930294906166
24201,Vegas del Condado,2026-02-01,1,0.8532423208191127
10902,Vegaviana,2026-02-01,0,0
11039,Vejer de la Frontera,2026-02-01,22,1.6772127773118854
45181,Velada,2026-02-01,10,3.4129692832764507
05254,Velayos,2026-02-01,1,4.901960784313726
22245,Velilla de Cinca,2026-02-01,4,7.8125
50278,Velilla de Ebro,2026-02-01,1,4.830917874396135
28167,Velilla de San Antonio,2026-02-01,38,2.626667588304417
47191,Velliza,2026-02-01,1,8.333333333333334
37347,"Vellés, La",2026-02-01,2,3.527336860670194
43163,"Vendrell, El",2026-02-01,67,1.6264109722053648
49234,Venialbo,2026-02-01,3,6.6815144766147
34023,Venta de Baños,2026-02-01,7,1.0973506819250665
46254,Venta del Moro,2026-02-01,3,2.5728987993138936
18185,Ventas de Huelma,2026-02-01,1,1.4970059880239521
45183,"Ventas de Retamosa, Las",2026-02-01,5,1.1845534233593935
26163,Ventosa,2026-02-01,0,0
28169,Venturada,2026-02-01,3218,1222.1800227876947
04100,Vera,2026-02-01,72,3.5655920368444507
50280,Vera de Moncayo,2026-02-01,0,0
03138,"Verger, el",2026-02-01,17,3.0575539568345325
17211,Verges,2026-02-01,3,2.586206896551724
34201,Vertavillo,2026-02-01,1,6.172839506172839
31251,Viana,2026-02-01,8,1.7941242431038351
47193,Viana de Cega,2026-02-01,9,3.9421813403416555
19314,Viana de Jadraque,2026-02-01,0,0
32086,Viana do Bolo,2026-02-01,2,0.736105999263894
04101,Viator,2026-02-01,19,2.9585798816568047
08298,Vic,2026-02-01,124,2.460073405416129
27064,"Vicedo, O",2026-02-01,1,0.6426735218508997
38051,"Victoria de Acentejo, La",2026-02-01,9,0.9521794329242488
14065,"Victoria, La",2026-02-01,5,2.152389151958674
34093,"Vid de Ojeda, La",2026-02-01,2,23.52941176470588
49237,Videmala,2026-02-01,1,7.575757575757576
17213,Vidreres,2026-02-01,20,2.2593764121102575
50281,Vierlas,2026-02-01,0,0
36057,Vigo,2026-02-01,576,1.947689654589413
26165,Viguera,2026-02-01,1,2.638522427440633
36059,Vila de Cruces,2026-02-01,8,1.6112789526686808
43170,Vila-rodona,2026-02-01,2,1.440922190201729
17230,Vila-sacra,2026-02-01,4,4.550625711035267
25252,Vila-sana,2026-02-01,6,7.957559681697613
43171,Vila-seca,2026-02-01,61,2.525043463862903
43165,Vilabella,2026-02-01,3,4.1039671682626535
17214,Vilabertran,2026-02-01,4,4.158004158004158
17215,Vilablareix,2026-02-01,16,3.922530031870556
08299,Vilada,2026-02-01,0,0
17217,Viladamat,2026-02-01,0,0
17216,Viladasens,2026-02-01,0,0
08301,Viladecans,2026-02-01,180,2.6652452025586353
08300,Viladecavalls,2026-02-01,22,2.8147389969293757
17218,Vilademuls,2026-02-01,1,1.1135857461024499
17220,Viladrau,2026-02-01,0,0
12128,Vilafamés,2026-02-01,3,1.5298317185109638
17221,Vilafant,2026-02-01,17,3.001412429378531
07065,Vilafranca de Bonany,2026-02-01,7,1.779359430604982
36060,Vilagarcía de Arousa,2026-02-01,39,1.0269914417379855
25244,Vilagrassa,2026-02-01,2,3.189792663476874
27065,Vilalba,2026-02-01,1,0.07170514842965725
08306,Vilalba Sasserra,2026-02-01,6,7.594936708860759
43175,Vilalba dels Arcs,2026-02-01,0,0
25245,Vilaller,2026-02-01,1,2.012072434607646
17224,Vilallonga de Ter,2026-02-01,6,15.151515151515152
43166,Vilallonga del Camp,2026-02-01,7,2.8067361668003206
17225,Vilamacolum,2026-02-01,1,2.493765586034913
17226,Vilamalla,2026-02-01,9,7.487520798668886
17227,Vilamaniscle,2026-02-01,2,10.81081081081081
46256,Vilamarxant,2026-02-01,28,2.42382271468144
17228,Vilanant,2026-02-01,1,2.4691358024691357
12132,Vilanova d'Alcolea,2026-02-01,0,0
43167,Vilanova d'Escornalbou,2026-02-01,5,8.130081300813009
36061,Vilanova de Arousa,2026-02-01,6,0.5892751915144372
25248,Vilanova de Bellpuig,2026-02-01,2,1.7406440382941688
08303,Vilanova de Sau,2026-02-01,2,6.153846153846154
25249,Vilanova de l'Aguda,2026-02-01,0,0
25254,Vilanova de la Barca,2026-02-01,54,46.55172413793104
43169,Vilaplana,2026-02-01,2,3.5842293906810037
32089,Vilar de Barrio,2026-02-01,1,0.851063829787234
12134,Vilar de Canes,2026-02-01,0,0
32090,Vilar de Santos,2026-02-01,1,1.272264631043257
32092,Vilariño de Conso,2026-02-01,3,5.9880239520958085
15091,Vilarmaior,2026-02-01,0,0
15090,Vilasantar,2026-02-01,1,0.8116883116883118
08214,Vilassar de Dalt,2026-02-01,38,4.028410897911587
08219,Vilassar de Mar,2026-02-01,53,2.495996985965904
12136,"Vilavella, la",2026-02-01,2,0.651890482398957
43172,Vilaverd,2026-02-01,1,2.0242914979757085
17222,Vilaür,2026-02-01,0,0
23094,Vilches,2026-02-01,7,1.669449081803005
43173,"Vilella Alta, La",2026-02-01,1,7.6923076923076925
43174,"Vilella Baixa, La",2026-02-01,0,0
28171,Villa del Prado,2026-02-01,8,1.0331912695337724
10208,Villa del Rey,2026-02-01,0,0
21073,Villablanca,2026-02-01,5,1.6801075268817205
24202,Villablino,2026-02-01,9,1.1862396204033216
20075,Villabona,2026-02-01,11,1.8663047166610112
49239,Villabuena del Puente,2026-02-01,0,0
39098,Villacarriedo,2026-02-01,2,1.1997600479904018
23095,Villacarrillo,2026-02-01,8,0.7749685169040007
45185,Villacañas,2026-02-01,16,1.6787325569195257
34204,Villacidaler,2026-02-01,0,0
28170,Villaconejos,2026-02-01,5,1.402524544179523
16242,Villaconejos de Trabaque,2026-02-01,0,0
34206,Villada,2026-02-01,1,1.160092807424594
24207,Villademor de la Vega,2026-02-01,1,3.4482758620689653
09427,Villadiego,2026-02-01,2,1.375515818431912
39099,Villaescusa,2026-02-01,0,0
49241,Villaescusa,2026-02-01,0,0
16243,Villaescusa de Haro,2026-02-01,0,0
09428,Villaescusa de Roa,2026-02-01,1,10.416666666666666
50284,Villafeliche,2026-02-01,0,0
05256,Villaflor,2026-02-01,0,0
37351,Villaflores,2026-02-01,1,3.90625
31254,Villafranca,2026-02-01,6,1.8933417481855477
47204,Villafranca de Duero,2026-02-01,1,4
50285,Villafranca de Ebro,2026-02-01,1,1.1961722488038278
24209,Villafranca del Bierzo,2026-02-01,1,0.3852080123266564
09432,Villafruela,2026-02-01,0,0
39100,Villafufre,2026-02-01,0,0
09433,Villagalijo,2026-02-01,0,0
06151,Villagonzalo,2026-02-01,2,1.6313213703099512
09434,Villagonzalo Pedernales,2026-02-01,44,23.14571278274592
37352,Villagonzalo de Tormes,2026-02-01,0,0
14068,Villaharta,2026-02-01,0,0
13089,Villahermosa,2026-02-01,2,1.1668611435239205
34211,Villaherreros,2026-02-01,0,0
09437,Villahoz,2026-02-01,0,0
09438,Villalba de Duero,2026-02-01,1,1.3679890560875512
26166,Villalba de Rioja,2026-02-01,1,6.41025641025641
49246,Villalba de la Lampreana,2026-02-01,2,9.389671361502348
16245,Villalba de la Sierra,2026-02-01,3,5.235602094240838
47212,Villalba de los Alcores,2026-02-01,0,0
06152,Villalba de los Barros,2026-02-01,9,6.228373702422146
21074,Villalba del Alcor,2026-02-01,5,1.5105740181268883
16246,Villalba del Rey,2026-02-01,1,2.1052631578947367
28172,Villalbilla,2026-02-01,41,2.1970955468624402
09439,Villalbilla de Burgos,2026-02-01,2,1.287001287001287
09441,Villaldemiro,2026-02-01,1,10.869565217391305
50287,Villalengua,2026-02-01,0,0
09442,Villalmanzo,2026-02-01,1,2.444987775061125
26167,Villalobar de Rioja,2026-02-01,0,0
49248,Villalobos,2026-02-01,0,0
34217,Villalobón,2026-02-01,3,1.5337423312883436
49249,Villalonso,2026-02-01,0,0
49250,Villalpando,2026-02-01,3,2.102312543798178
16248,Villalpardo,2026-02-01,2,2.0387359836901124
49251,Villalube,2026-02-01,0,0
45188,Villaluenga de la Sagra,2026-02-01,9,2.086714583816369
34218,Villaluenga de la Vega,2026-02-01,0,0
02079,Villamalea,2026-02-01,9,2.2102161100196462
24211,Villamandos,2026-02-01,1,3.717472118959108
13090,Villamanrique,2026-02-01,1,0.9532888465204957
28173,Villamanrique de Tajo,2026-02-01,46,53.30243337195829
28174,Villamanta,2026-02-01,6,2.0484807101399793
28175,Villamantilla,2026-02-01,5,2.9868578255675033
37354,Villamayor,2026-02-01,13,1.6795865633074936
13091,Villamayor de Calatrava,2026-02-01,9,14.778325123152708
49252,Villamayor de Campos,2026-02-01,0,0
16249,Villamayor de Santiago,2026-02-01,4,1.7043033659991478
09443,Villamayor de los Montes,2026-02-01,1,6.329113924050633
34221,Villamediana,2026-02-01,1,5.649717514124294
26168,Villamediana de Iregua,2026-02-01,25,2.704749540192578
18908,Villamena,2026-02-01,0,0
34222,Villameriel,2026-02-01,0,0
10210,Villamiel,2026-02-01,0,0
45189,Villamiel de Toledo,2026-02-01,0,0
45190,Villaminaya,2026-02-01,1,1.9230769230769231
24215,Villamol,2026-02-01,1,7.462686567164179
34223,Villamoronta,2026-02-01,2,8.298755186721992
45191,Villamuelas,2026-02-01,0,0
34225,Villamuriel de Cerrato,2026-02-01,16,2.4630541871921183
47217,Villanubla,2026-02-01,8,2.7567195037904892
18188,Villanueva Mesía,2026-02-01,5,2.544529262086514
45192,Villanueva de Alcardete,2026-02-01,9,3.0959752321981426
29095,Villanueva de Algaidas,2026-02-01,9,2.208588957055215
49257,Villanueva de Azoague,2026-02-01,2,5.012531328320802
45193,Villanueva de Bogas,2026-02-01,1,1.5174506828528074
26169,Villanueva de Cameros,2026-02-01,1,14.705882352941176
09450,Villanueva de Carazo,2026-02-01,1,41.666666666666664
47218,Villanueva de Duero,2026-02-01,8,6.3391442155309035
09451,Villanueva de Gumiel,2026-02-01,0,0
28178,Villanueva de Perales,2026-02-01,376,213.3938706015891
13094,Villanueva de San Carlos,2026-02-01,0,0
41100,Villanueva de San Juan,2026-02-01,0,0
47222,Villanueva de San Mancio,2026-02-01,0,0
22251,Villanueva de Sigena,2026-02-01,2,5.847953216374268
29098,Villanueva de Tapia,2026-02-01,2,1.4367816091954022
12133,Villanueva de Viver,2026-02-01,0,0
28176,Villanueva de la Cañada,2026-02-01,52,2.186343760511268
13092,Villanueva de la Fuente,2026-02-01,2,1.0917030567685588
16251,Villanueva de la Jara,2026-02-01,3,1.2195121951219512
23096,Villanueva de la Reina,2026-02-01,7,2.3584905660377355
06153,Villanueva de la Serena,2026-02-01,34,1.320337074288377
10211,Villanueva de la Sierra,2026-02-01,0,0
19319,Villanueva de la Torre,2026-02-01,16,2.403846153846154
10212,Villanueva de la Vera,2026-02-01,2,0.9487666034155597
49259,Villanueva de las Peras,2026-02-01,1,11.904761904761903
18187,Villanueva de las Torres,2026-02-01,3,6.048387096774193
41098,Villanueva del Ariscal,2026-02-01,9,1.2853470437017993
23097,Villanueva del Arzobispo,2026-02-01,4,0.5149993562508047
49260,Villanueva del Campo,2026-02-01,2,2.6917900403768504
37355,Villanueva del Conde,2026-02-01,0,0
14070,Villanueva del Duque,2026-02-01,6,4.2583392476933994
06154,Villanueva del Fresno,2026-02-01,2,0.613685179502915
28177,Villanueva del Pardillo,2026-02-01,46,2.4979636166168886
34227,Villanueva del Rebollar,2026-02-01,1,14.925373134328359
14071,Villanueva del Rey,2026-02-01,5,4.854368932038835
29096,Villanueva del Rosario,2026-02-01,4,1.153070049005477
29097,Villanueva del Trabuco,2026-02-01,8,1.4414414414414414
24219,Villaobispo de Otero,2026-02-01,0,0
02080,Villapalacios,2026-02-01,0,0
24221,Villaquejida,2026-02-01,4,5.242463958060289
24222,Villaquilambre,2026-02-01,10,0.527203711514129
26170,"Villar de Arnedo, El",2026-02-01,13,20.24922118380062
16253,Villar de Cañas,2026-02-01,0,0
05261,Villar de Corneja,2026-02-01,0,0
37358,Villar de Gallimazo,2026-02-01,2,10.362694300518134
16263,Villar de Olalla,2026-02-01,4,2.5559105431309903
10214,Villar de Plasencia,2026-02-01,1,4.444444444444445
06156,Villar de Rena,2026-02-01,0,0
26171,Villar de Torre,2026-02-01,0,0
16255,Villar de la Encina,2026-02-01,0,0
46258,Villar del Arzobispo,2026-02-01,7,1.8120631633445508
49264,Villar del Buey,2026-02-01,0,0
28179,Villar del Olmo,2026-02-01,9,3.8576939562794683
13095,Villar del Pozo,2026-02-01,0,0
06155,Villar del Rey,2026-02-01,5,2.416626389560174
49261,Villaralbo,2026-02-01,1,0.5595970900951316
14072,Villaralto,2026-02-01,3,2.846299810246679
23098,Villardompardo,2026-02-01,3,3.3557046979865772
16264,Villarejo de Fuentes,2026-02-01,0,0
05262,Villarejo del Valle,2026-02-01,1,3.289473684210526
16266,Villarejo-Periesteban,2026-02-01,1,2.7247956403269753
37362,Villares de la Reina,2026-02-01,34,5.011792452830188
16269,Villares del Saz,2026-02-01,2,3.9603960396039604
23099,"Villares, Los",2026-02-01,10,1.6339869281045751
46259,Villargordo del Cabriel,2026-02-01,1,1.7035775127768313
09458,Villariezo,2026-02-01,2,2.7210884353741496
37364,Villarino de los Aires,2026-02-01,2,2.751031636863824
44260,Villarluengo,2026-02-01,4,25.477707006369428
37365,Villarmayor,2026-02-01,0,0
44261,Villarquemado,2026-02-01,2,2.2222222222222223
34232,Villarramiel,2026-02-01,0,0
21077,Villarrasa,2026-02-01,2,0.946521533364884
50292,Villarreal de Huerva,2026-02-01,9,34.22053231939164
02081,Villarrobledo,2026-02-01,42,1.6523723345660555
23101,Villarrodrigo,2026-02-01,2,5.376344086021506
50293,Villarroya de la Sierra,2026-02-01,0,0
45195,Villarrubia de Santiago,2026-02-01,6,2.3255813953488373
13096,Villarrubia de los Ojos,2026-02-01,13,1.3565689241364918
16270,Villarrubio,2026-02-01,0,0
16271,Villarta,2026-02-01,3,3.488372093023256
13097,Villarta de San Juan,2026-02-01,3,1.1173184357541899
24225,Villasabariego,2026-02-01,2,1.7316017316017316
09460,Villasandino,2026-02-01,0,0
34233,Villasarracino,2026-02-01,3,23.62204724409449
37367,Villasbuenas,2026-02-01,0,0
10215,Villasbuenas de Gata,2026-02-01,2,4.140786749482402
19322,Villaseca de Henares,2026-02-01,0,0
19323,Villaseca de Uceda,2026-02-01,1,16.949152542372882
45196,Villaseca de la Sagra,2026-02-01,4,2.0387359836901124
45197,Villasequilla,2026-02-01,4,1.4942099364960777
44263,Villastar,2026-02-01,4,7.067137809187279
45198,Villatobas,2026-02-01,4,1.3499831252109349
31257,Villatuerta,2026-02-01,3,2.3809523809523814
34236,Villaturde,2026-02-01,1,6.756756756756757
24227,Villaturiel,2026-02-01,1,0.5518763796909493
34237,Villaumbrales,2026-02-01,1,1.589825119236884
02083,Villavaliente,2026-02-01,0,0
49270,Villavendimio,2026-02-01,0,0
37372,Villaverde de Guareña,2026-02-01,1,7.751937984496124
47228,Villaverde de Medina,2026-02-01,1,1.976284584980237
26176,Villaverde de Rioja,2026-02-01,0,0
09466,Villaverde del Monte,2026-02-01,1,8.849557522123893
16273,Villaverde y Pasaconsol,2026-02-01,0,0
09467,Villaverde-Mogina,2026-02-01,2,28.57142857142857
33076,Villaviciosa,2026-02-01,14,0.9099181073703367
37373,Villavieja de Yeltes,2026-02-01,0,0
34238,Villaviudas,2026-02-01,1,2.793296089385475
09471,Villayerno Morquillas,2026-02-01,0,0
24228,Villazala,2026-02-01,0,0
40230,Villeguillo,2026-02-01,0,0
44264,Villel,2026-02-01,1,2.9585798816568047
03140,Villena,2026-02-01,65,1.8716346569149702
34242,Villodrigo,2026-02-01,0,0
34243,Villoldo,2026-02-01,2,5.9880239520958085
37374,Villoria,2026-02-01,2,1.6116035455278002
37375,Villoruela,2026-02-01,4,5.46448087431694
26177,Villoslada de Cameros,2026-02-01,0,0
17232,Vilopriu,2026-02-01,2,9.09090909090909
47194,Viloria,2026-02-01,0,0
25253,"Vilosell, El",2026-02-01,0,0
50282,"Vilueña, La",2026-02-01,0,0
09425,Vilviestre del Pinar,2026-02-01,1,1.9569471624266144
15092,Vimianzo,2026-02-01,9,1.3325436778205508
44265,Vinaceite,2026-02-01,0,0
25255,Vinaixa,2026-02-01,1,2.2988505747126435
46260,Vinalesa,2026-02-01,8,2.2284122562674096
12138,Vinaròs,2026-02-01,60,1.966181675186787
43177,Vinebre,2026-02-01,0,0
26178,Viniegra de Abajo,2026-02-01,1,12.195121951219512
42215,Vinuesa,2026-02-01,1,1.2121212121212122
43178,Vinyols i els Arcs,2026-02-01,6,2.4291497975708505
45199,"Viso de San Juan, El",2026-02-01,15,2.3223409196470044
41102,"Viso del Alcor, El",2026-02-01,41,2.105479381708006
14074,"Viso, El",2026-02-01,5,2.00160128102482
37376,Vitigudino,2026-02-01,4,1.7079419299743808
01059,Vitoria-Gasteiz,2026-02-01,487,1.8701853288377202
12140,Viver,2026-02-01,5,2.8968713789107765
02085,Viveros,2026-02-01,1,3.401360544217687
05264,Viñegra de Moraña,2026-02-01,1,18.867924528301884
29099,Viñuela,2026-02-01,7,3.4280117531831538
19325,Viñuelas,2026-02-01,0,0
42217,Vozmediano,2026-02-01,0,0
46143,Xeraco,2026-02-01,16,2.6084121291164
46146,Xeresa,2026-02-01,9,3.7297969332780774
27021,Xermade,2026-02-01,3,1.8018018018018018
43052,Xerta,2026-02-01,1,0.8431703204047217
32032,Xinzo de Limia,2026-02-01,15,1.5535991714137751
46110,Xirivella,2026-02-01,75,2.330785008390826
27025,Xove,2026-02-01,3,0.9219422249539029
32037,Xunqueira de Espadanedo,2026-02-01,1,1.440922190201729
46145,Xàtiva,2026-02-01,77,2.4898949070331446
19326,Yebes,2026-02-01,11,1.9569471624266144
19327,Yebra,2026-02-01,0,0
30043,Yecla,2026-02-01,49,1.3462278147150941
37377,Yecla de Yeltes,2026-02-01,1,4.484304932735426
45201,Yeles,2026-02-01,9,1.3003901170351106
45202,Yepes,2026-02-01,11,1.8593644354293442
46262,"Yesa, La",2026-02-01,1,4.065040650406504
02086,Yeste,2026-02-01,2,0.8058017727639001
45203,Yuncler,2026-02-01,23,4.330634532103182
45204,Yunclillos,2026-02-01,4,4.866180048661801
45205,Yuncos,2026-02-01,28,2.084108671380722
29100,Yunquera,2026-02-01,2,0.6980802792321117
19331,Yunquera de Henares,2026-02-01,4,0.8521516829995739
19332,"Yunta, La",2026-02-01,0,0
18192,Zafarraya,2026-02-01,10,4.3535045711797995
06158,Zafra,2026-02-01,35,2.0948048838879583
18913,Zagra,2026-02-01,2,2.3724792408066433
50296,"Zaida, La",2026-02-01,0,0
06160,Zalamea de la Serena,2026-02-01,3,0.8912655971479501
21078,Zalamea la Real,2026-02-01,3,1.0077258985555928
48095,Zaldibar,2026-02-01,2,0.6521030322791
20078,Zaldibia,2026-02-01,1,0.5668934240362812
01061,Zalduondo,2026-02-01,0,0
48096,Zalla,2026-02-01,8,0.9580838323353293
01062,Zambrana,2026-02-01,1,2.2123893805309733
49275,Zamora,2026-02-01,82,1.3699316704813138
48905,Zamudio,2026-02-01,16,4.640371229698376
19333,Zaorejas,2026-02-01,1,8.547008547008549
50297,Zaragoza,2026-02-01,1101,1.575091522688614
48097,Zaratamo,2026-02-01,10,6.234413965087282
20079,Zarautz,2026-02-01,31,1.321003963011889
46263,Zarra,2026-02-01,2,5.2493438320209975
10216,Zarza de Granadilla,2026-02-01,2,1.1013215859030838
37381,"Zarza de Pumareda, La",2026-02-01,0,0
16279,Zarza de Tajo,2026-02-01,1,3.105590062111801
10218,Zarza la Mayor,2026-02-01,0,0
47232,"Zarza, La",2026-02-01,8,72.07207207207207
06162,"Zarza, La",2026-02-01,8,2.390914524805738
28183,Zarzalejo,2026-02-01,3,1.5487867836861124
16280,Zarzuela,2026-02-01,0,0
40233,Zarzuela del Monte,2026-02-01,2,3.9447731755424065
40234,Zarzuela del Pinar,2026-02-01,1,2.450980392156863
09483,Zazuar,2026-02-01,1,5.050505050505051
48024,Zeanuri,2026-02-01,1,0.8110300081103001
48025,Zeberio,2026-02-01,2,1.8365472910927456
20025,Zegama,2026-02-01,3,1.937984496124031
20026,Zerain,2026-02-01,0,0
20027,Zestoa,2026-02-01,8,2.0345879959308237
48913,Zierbena,2026-02-01,1,0.6622516556291391
01018,Zigoitia,2026-02-01,0,0
31073,Ziordia,2026-02-01,0,0
20028,Zizurkil,2026-02-01,4,1.3404825737265416
10219,Zorita,2026-02-01,1,0.8149959250203749
19335,Zorita de los Canes,2026-02-01,0,0
12141,Zorita del Maestrazgo,2026-02-01,1,8.333333333333334
18193,"Zubia, La",2026-02-01,49,2.40219629375429
50298,Zuera,2026-02-01,20,2.2951572182694515
21079,Zufre,2026-02-01,1,1.3550135501355014
14075,Zuheros,2026-02-01,1,1.6778523489932886
01063,Zuia,2026-02-01,0,0
20081,Zumaia,2026-02-01,12,1.1818002757533979
20080,Zumarraga,2026-02-01,9,0.928888430178553
04103,Zurgena,2026-02-01,3,0.9900990099009901
05019,Ávila,2026-02-01,107,1.7989240080699394
46119,"Ènova, l'",2026-02-01,3,3.1479538300104934
40001,Abades,2026-03-01,2,2.3584905660377355
48001,Abadiño,2026-03-01,14,1.7980991523246852
20001,Abaltzisketa,2026-03-01,1,3.125
30001,Abanilla,2026-03-01,9,1.4324367340442465
50001,Abanto,2026-03-01,1,12.82051282051282
15001,Abegondo,2026-03-01,7,1.2431184514295863
02001,Abengibre,2026-03-01,1,1.3386880856760375
34003,Abia de las Torres,2026-03-01,0,0
22001,Abiego,2026-03-01,1,3.8610038610038613
04001,Abla,2026-03-01,1,0.7892659826361483
31006,Ablitas,2026-03-01,4,1.5111446921042688
08001,Abrera,2026-03-01,46,3.483001438631029
04002,Abrucena,2026-03-01,3,2.4291497975708505
24001,Acebedo,2026-03-01,0,0
10003,Acebo,2026-03-01,1,1.7421602787456445
06001,Acedera,2026-03-01,0,0
10005,Aceituna,2026-03-01,1,1.757469244288225
06002,Aceuchal,2026-03-01,18,3.38855421686747
22003,Adahuesca,2026-03-01,1,5.1020408163265305
47001,Adalia,2026-03-01,0,0
14001,Adamuz,2026-03-01,7,1.7081503172279162
05001,Adanero,2026-03-01,2,9.345794392523365
46001,Ademuz,2026-03-01,3,2.9556650246305423
46002,Ador,2026-03-01,5,2.8121484814398197
04003,Adra,2026-03-01,42,1.6419719300989093
05002,"Adrada, La",2026-03-01,5,1.7476406850751485
42003,Adradas,2026-03-01,0,0
20002,Aduna,2026-03-01,5,10
37002,Agallas,2026-03-01,0,0
36020,Agolada,2026-03-01,1,0.44943820224719105
26002,Agoncillo,2026-03-01,6,4.101161995898838
03002,Agost,2026-03-01,15,2.871362940275651
25003,Agramunt,2026-03-01,18,3.1926214969847466
03003,Agres,2026-03-01,1,1.6
41001,Aguadulce,2026-03-01,54,25.62885619364025
44004,Aguaviva,2026-03-01,0,0
13002,Agudo,2026-03-01,1,0.6234413965087282
40004,Aguilafuente,2026-03-01,1,1.7452006980802792
09007,Aguilar de Bureba,2026-03-01,1,21.73913043478261
34004,Aguilar de Campoo,2026-03-01,9,1.298326601269475
47003,Aguilar de Campos,2026-03-01,0,0
08002,Aguilar de Segarra,2026-03-01,747,2549.4880546075083
14002,Aguilar de la Frontera,2026-03-01,21,1.600731763091699
17001,Agullana,2026-03-01,2,2.2701475595913734
46004,Agullent,2026-03-01,6,2.459016393442623
38002,Agulo,2026-03-01,4,3.7037037037037037
22004,Agüero,2026-03-01,1,6.944444444444444
10006,Ahigal,2026-03-01,0,0
37003,Ahigal de los Aceiteros,2026-03-01,0,0
06003,Ahillones,2026-03-01,1,1.2626262626262628
20016,Aia,2026-03-01,4,1.86219739292365
46042,Aielo de Malferit,2026-03-01,5,1.0855405992184108
46043,Aielo de Rugat,2026-03-01,0,0
08014,Aiguafreda,2026-03-01,6,2.3355391202802647
17002,Aiguaviva,2026-03-01,6,7.453416149068323
03004,Aigües,2026-03-01,7,5.8972198820556025
22006,Aisa,2026-03-01,0,0
25038,Aitona,2026-03-01,11,4.271844660194175
20003,Aizarnazabal,2026-03-01,1,1.2165450121654502
28002,Ajalvir,2026-03-01,193,38.54603555022968
48911,Ajangiz,2026-03-01,1,2.1881838074398248
47004,Alaejos,2026-03-01,2,1.402524544179523
07002,Alaior,2026-03-01,19,1.8346852066434918
29001,Alameda,2026-03-01,14,2.576370997423629
45002,Alameda de la Sagra,2026-03-01,9,2.071823204419889
18002,Alamedilla,2026-03-01,0,0
13003,Alamillo,2026-03-01,4,8.830022075055188
06004,Alange,2026-03-01,3,1.663893510815308
46005,Alaquàs,2026-03-01,69,2.273326304691618
34005,Alar del Rey,2026-03-01,1,1.0964912280701753
37007,Alaraz,2026-03-01,0,0
19005,Alarilla,2026-03-01,0,0
02002,Alatoz,2026-03-01,2,3.952569169960474
37008,Alba de Tormes,2026-03-01,14,2.7450980392156863
37009,Alba de Yeltes,2026-03-01,1,4.901960784313726
02003,Albacete,2026-03-01,468,2.6732469668928647
46006,Albaida,2026-03-01,12,1.9062748212867355
41003,Albaida del Aljarafe,2026-03-01,13,4.036013660353928
46007,Albal,2026-03-01,48,2.7535566773749425
13004,Albaladejo,2026-03-01,2,2.0100502512562817
46008,Albalat de la Ribera,2026-03-01,15,4.285714285714286
46009,Albalat dels Sorells,2026-03-01,72,16.498625114573784
22007,Albalate de Cinca,2026-03-01,2,1.8001800180018002
19006,Albalate de Zorita,2026-03-01,4,3.472222222222222
16005,Albalate de las Nogueras,2026-03-01,4,15.384615384615385
44008,Albalate del Arzobispo,2026-03-01,1,0.513347022587269
22008,Albalatillo,2026-03-01,0,0
19007,Albares,2026-03-01,1,1.6233766233766236
45003,Albarreal de Tajo,2026-03-01,3,3.740648379052369
02004,Albatana,2026-03-01,1,1.5313935681470139
03005,Albatera,2026-03-01,27,2.003561887800534
22009,Albelda,2026-03-01,1,1.375515818431912
26005,Albelda de Iregua,2026-03-01,10,2.5297242600556538
44010,Albentosa,2026-03-01,0,0
37010,"Alberca, La",2026-03-01,31,29.951690821256037
46011,Alberic,2026-03-01,46,4.140786749482402
26006,Alberite,2026-03-01,3,1.0877447425670776
22012,Albero Bajo,2026-03-01,1,9.174311926605505
25008,Albesa,2026-03-01,2,1.2642225031605563
50011,Albeta,2026-03-01,1,7.194244604316547
25009,"Albi, L'",2026-03-01,1,1.3089005235602096
09009,Albillos,2026-03-01,2,9.09090909090909
43002,Albinyana,2026-03-01,4,1.4716703458425313
43003,"Albiol, L'",2026-03-01,3,5.39568345323741
20004,Albiztur,2026-03-01,3,9.146341463414634
04005,Alboloduy,2026-03-01,1,1.7301038062283738
18003,Albolote,2026-03-01,64,3.237228123419322
17004,Albons,2026-03-01,0,0
46012,Alborache,2026-03-01,3,1.9047619047619047
02005,Alborea,2026-03-01,2,2.9069767441860463
04006,Albox,2026-03-01,30,2.3306401491609696
30004,Albudeite,2026-03-01,1,0.7142857142857143
06005,"Albuera, La",2026-03-01,2,0.9945300845350571
46014,Albuixech,2026-03-01,39,8.69177624247827
06006,Alburquerque,2026-03-01,9,1.8255578093306288
18006,Albuñol,2026-03-01,11,1.4818806412501684
18007,Albuñuelas,2026-03-01,1,1.2642225031605563
02006,Alcadozo,2026-03-01,0,0
03006,Alcalalí,2026-03-01,8,5.693950177935943
28005,Alcalá de Henares,2026-03-01,468,2.310552014574251
22016,Alcampell,2026-03-01,1,1.5432098765432098
26007,Alcanadre,2026-03-01,3,4.392386530014641
43004,Alcanar,2026-03-01,26,2.5875796178343946
30005,Alcantarilla,2026-03-01,66,1.5071590052750565
14003,Alcaracejos,2026-03-01,8,5.3120849933598935
02008,Alcaraz,2026-03-01,4,3.12256049960968
23003,Alcaudete,2026-03-01,12,1.1785503830288744
45006,Alcaudete de la Jara,2026-03-01,3,1.721170395869191
49003,Alcañices,2026-03-01,0,0
44013,Alcañiz,2026-03-01,50,3.0400680975253844
45005,Alcañizo,2026-03-01,0,0
28006,Alcobendas,2026-03-01,17429,141.44389800522634
19009,Alcocer,2026-03-01,0,0
03007,Alcocer de Planes,2026-03-01,1,3.802281368821293
04007,Alcolea,2026-03-01,22,26.47412755716005
13007,Alcolea de Calatrava,2026-03-01,3,2.2026431718061676
22017,Alcolea de Cinca,2026-03-01,2,1.757469244288225
45007,Alcolea de Tajo,2026-03-01,1,1.1933174224343677
19011,Alcolea del Pinar,2026-03-01,1,2.824858757062147
03008,Alcoleja,2026-03-01,0,0
25012,Alcoletge,2026-03-01,12,3.2617559119325903
37012,Alconada,2026-03-01,2,15.384615384615385
06007,Alconchel,2026-03-01,1,0.6273525721455457
16012,Alconchel de la Estrella,2026-03-01,0,0
12005,"Alcora, l'",2026-03-01,19,1.7847078715010332
28007,Alcorcón,2026-03-01,366,2.070065495514858
44014,Alcorisa,2026-03-01,2,0.6169031462060457
19013,Alcoroches,2026-03-01,0,0
43005,Alcover,2026-03-01,13,2.4267313795034533
22018,Alcubierre,2026-03-01,2,5.012531328320802
49004,Alcubilla de Nogales,2026-03-01,1,9.174311926605505
13008,Alcubillas,2026-03-01,0,0
46018,Alcublas,2026-03-01,4,5.578800557880055
46016,Alcàntera de Xúquer,2026-03-01,3,2.0394289598912305
16010,Alcázar del Rey,2026-03-01,0,0
46020,"Alcúdia de Crespins, l'",2026-03-01,6,1.0891268832819023
46019,"Alcúdia, l'",2026-03-01,33,2.6244631779863212
46021,Aldaia,2026-03-01,80,2.3092021706500403
47006,Aldea de San Miguel,2026-03-01,1,4.716981132075471
35020,"Aldea de San Nicolás, La",2026-03-01,5,0.6734006734006734
10012,Aldea del Cano,2026-03-01,1,1.6420361247947455
28008,Aldea del Fresno,2026-03-01,2,0.5659309564233164
37015,Aldea del Obispo,2026-03-01,1,4.048582995951417
10013,"Aldea del Obispo, La",2026-03-01,0,0
13009,Aldea del Rey,2026-03-01,3,1.9120458891013383
43904,"Aldea, L'",2026-03-01,15,3.1746031746031744
10011,Aldeacentenera,2026-03-01,1,1.6611295681063123
37013,Aldeacipreste,2026-03-01,0,0
37016,Aldealengua,2026-03-01,5,6.8493150684931505
42011,Aldealpozo,2026-03-01,1,55.55555555555555
45009,Aldeanueva de Barbarroya,2026-03-01,0,0
26008,Aldeanueva de Ebro,2026-03-01,5,1.8050541516245489
37017,Aldeanueva de Figueroa,2026-03-01,1,4.219409282700422
37018,Aldeanueva de la Sierra,2026-03-01,0,0
10014,Aldeanueva de la Vera,2026-03-01,3,1.5267175572519083
10015,Aldeanueva del Camino,2026-03-01,0,0
37019,Aldearrodrigo,2026-03-01,0,0
37022,Aldeaseca de la Frontera,2026-03-01,1,4.11522633744856
37023,Aldeatejada,2026-03-01,6,2.250562640660165
10016,Aldehuela de Jerte,2026-03-01,0,0
05010,"Aldehuela, La",2026-03-01,2,14.084507042253522
18010,Aldeire,2026-03-01,2,3.3444816053511706
43006,Aldover,2026-03-01,2,2.197802197802198
30006,Aledo,2026-03-01,3,2.6737967914438503
20005,Alegia,2026-03-01,1,0.5537098560354374
08003,Alella,2026-03-01,47,4.584918544532241
22019,Alerre,2026-03-01,0,0
26009,Alesanco,2026-03-01,3,6.211180124223602
18011,Alfacar,2026-03-01,16,2.73972602739726
46022,Alfafar,2026-03-01,54,2.425222312045271
03010,Alfafara,2026-03-01,0,0
43008,Alfara de Carles,2026-03-01,1,2.8169014084507045
46024,Alfara de la Baronia,2026-03-01,3,4.815409309791332
46025,Alfara del Patriarca,2026-03-01,5,1.3290802764486975
29003,Alfarnate,2026-03-01,3,2.8957528957528957
26011,Alfaro,2026-03-01,17,1.7052863878021867
46026,Alfarp,2026-03-01,7,3.96600566572238
46027,Alfarrasí,2026-03-01,6,5.1020408163265305
46023,Alfauir,2026-03-01,1,1.9455252918287937
12007,Alfondeguilla,2026-03-01,1,1.1350737797956867
43009,Alforja,2026-03-01,5,2.461841457410143
03011,"Alfàs del Pi, l'",2026-03-01,70,3.3260477050270834
41007,"Algaba, La",2026-03-01,40,2.3721978412999647
24002,Algadefe,2026-03-01,1,3.1746031746031744
07004,Algaida,2026-03-01,21,3.2705186108082853
11003,Algar,2026-03-01,36,24.776324845147972
46028,Algar de Palancia,2026-03-01,1,1.7699115044247788
18012,Algarinejo,2026-03-01,2,0.8543357539513029
29005,Algarrobo,2026-03-01,14,1.9729425028184893
11004,Algeciras,2026-03-01,446,3.525691699604743
46029,Algemesí,2026-03-01,62,2.194845652789578
25015,Algerri,2026-03-01,0,0
28009,Algete,2026-03-01,70,3.3028215532697933
46030,Algimia de Alfara,2026-03-01,0,0
46031,Alginet,2026-03-01,34,2.269541419130899
11005,Algodonales,2026-03-01,5,0.9221689413500553
03012,Algorfa,2026-03-01,31,8.268871699119765
25016,Alguaire,2026-03-01,9,2.944062806673209
30007,Alguazas,2026-03-01,38,3.647183031001056
03013,Algueña,2026-03-01,2,1.5071590052750565
04010,Alhabia,2026-03-01,2,2.6666666666666665
18013,Alhama de Granada,2026-03-01,16,2.884442040742744
30008,Alhama de Murcia,2026-03-01,51,2.105089363107277
13010,Alhambra,2026-03-01,1,1.0559662090813093
44017,Aliaga,2026-03-01,1,2.9154518950437316
16014,Aliaguilla,2026-03-01,2,3.361344537815126
24003,Alija del Infantado,2026-03-01,1,1.8115942028985508
25017,Alins,2026-03-01,1,3.7037037037037037
10018,Aliseda,2026-03-01,0,0
21002,Aljaraque,2026-03-01,54,2.371333216230459
20006,Alkiza,2026-03-01,1,2.793296089385475
32001,Allariz,2026-03-01,14,2.152190622598001
31012,Allo,2026-03-01,1,0.975609756097561
44022,Alloza,2026-03-01,0,0
25019,Almacelles,2026-03-01,14,1.945254967347506
13012,Almadenejos,2026-03-01,0,0
19020,Almadrones,2026-03-01,1,13.698630136986301
13013,Almagro,2026-03-01,17,1.8402251569603811
02009,Almansa,2026-03-01,34,1.3819452912246473
24004,Almanza,2026-03-01,1,1.763668430335097
10019,Almaraz,2026-03-01,5,3.134796238244514
49007,Almaraz de Duero,2026-03-01,0,0
16015,"Almarcha, La",2026-03-01,1,2.1052631578947367
29010,Almargen,2026-03-01,8,4.244031830238726
42019,Almarza,2026-03-01,1,1.6611295681063123
25020,Almatret,2026-03-01,1,3.4246575342465753
14004,Almedinilla,2026-03-01,5,2.1645021645021645
12010,Almedíjar,2026-03-01,0,0
49008,Almeida de Sayago,2026-03-01,1,2.4271844660194173
25021,Almenar,2026-03-01,10,2.9788501638367593
12011,Almenara,2026-03-01,22,3.2135553607946243
37028,Almendra,2026-03-01,1,7.751937984496124
06010,Almendral,2026-03-01,3,2.4896265560165975
45011,Almendral de la Cañada,2026-03-01,0,0
06011,Almendralejo,2026-03-01,93,2.692218619731357
21003,"Almendro, El",2026-03-01,1,1.1614401858304297
16016,Almendros,2026-03-01,1,4.166666666666667
41010,Almensilla,2026-03-01,20,2.998500749625187
04013,Almería,2026-03-01,391,1.9094407438516985
16017,Almodóvar del Pinar,2026-03-01,0,0
19021,Almoguera,2026-03-01,3,2.1598272138228944
46034,Almoines,2026-03-01,6,2.242152466367713
50022,"Almolda, La",2026-03-01,32,61.30268199233716
45012,Almonacid de Toledo,2026-03-01,0,0
19022,Almonacid de Zorita,2026-03-01,0,0
50024,Almonacid de la Sierra,2026-03-01,71,92.93193717277487
16018,Almonacid del Marquesado,2026-03-01,0,0
21004,Almonaster la Real,2026-03-01,2,1.135718341851221
21005,Almonte,2026-03-01,59,2.3379299413536216
03015,Almoradí,2026-03-01,55,2.404476698434904
45013,Almorox,2026-03-01,5,1.949317738791423
43011,Almoster,2026-03-01,7,5.061460592913956
22022,Almunia de San Juan,2026-03-01,3,4.07055630936228
22023,Almuniente,2026-03-01,2,4.444444444444445
13016,Almuradiel,2026-03-01,1,1.3386880856760375
46035,Almussafes,2026-03-01,124,13.677476285020957
46032,Almàssera,2026-03-01,15,1.9144862795149968
48912,Alonsotegi,2026-03-01,10,3.3456005352960854
21006,Alosno,2026-03-01,6,1.4910536779324055
19024,Alovera,2026-03-01,46,3.165210211243377
29013,Alozaina,2026-03-01,8,3.755868544600939
17006,Alp,2026-03-01,5,2.9002320185614847
50026,Alpartir,2026-03-01,0,0
28010,Alpedrete,2026-03-01,28,1.7686817004611206
08004,Alpens,2026-03-01,1,3.745318352059925
02010,Alpera,2026-03-01,0,0
25023,Alpicat,2026-03-01,23,3.5082367297132397
46036,Alpuente,2026-03-01,3,4.354136429608127
03017,"Alqueria d'Asnar, l'",2026-03-01,3,5.780346820809248
18018,Alquife,2026-03-01,1,1.8416206261510129
43012,Altafulla,2026-03-01,11,1.878415300546448
16019,Altarejos,2026-03-01,0,0
03018,Altea,2026-03-01,123,4.973515021632769
09014,"Altos, Los",2026-03-01,1,5.524861878453039
12012,Altura,2026-03-01,5,1.278118609406953
20906,Altzaga,2026-03-01,1,6.0606060606060606
20007,Altzo,2026-03-01,2,4.47427293064877
19027,Alustante,2026-03-01,0,0
46017,Alzira,2026-03-01,134,2.7569747345897455
05012,Amavida,2026-03-01,0,0
50027,Ambel,2026-03-01,0,0
28011,Ambite,2026-03-01,5,6.793478260869565
17007,Amer,2026-03-01,13,5.374121537825548
15002,Ames,2026-03-01,9,0.2709782314154096
43013,"Ametlla de Mar, L'",2026-03-01,23,3.0930607853684777
20008,Amezketa,2026-03-01,7,7.337526205450734
33003,Amieva,2026-03-01,1,1.6920473773265652
32002,Amoeiro,2026-03-01,2,0.8193363375665711
48003,Amorebieta-Etxano,2026-03-01,39,1.9858444931004633
43906,"Ampolla, L'",2026-03-01,15,3.9380414807035966
43014,Amposta,2026-03-01,88,3.8182843754067775
34010,Ampudia,2026-03-01,0,0
39002,Ampuero,2026-03-01,5,1.1079104808331486
01002,Amurrio,2026-03-01,12,1.1598685482312006
34011,Amusco,2026-03-01,0,0
40017,Anaya,2026-03-01,1,9.5238095238095255
28012,Anchuelo,2026-03-01,2,1.4154281670205238
46038,Andilla,2026-03-01,1,2.949852507374631
20009,Andoain,2026-03-01,29,1.9993105825577389
44025,Andorra,2026-03-01,10,1.3904338153503895
31015,Andosilla,2026-03-01,8,2.7294438758103037
07005,Andratx,2026-03-01,36,2.8976175144880876
25027,Anglesola,2026-03-01,3,2.150537634408602
26013,Anguciana,2026-03-01,1,2.232142857142857
26014,Anguiano,2026-03-01,2,4.08997955010225
09017,Anguix,2026-03-01,1,5.847953216374268
46039,Anna,2026-03-01,5,1.903311762466692
20010,Anoeta,2026-03-01,10,4.7303689687795645
19034,Anquela del Pedregal,2026-03-01,0,0
04016,Antas,2026-03-01,18,5.135520684736091
46040,Antella,2026-03-01,1,0.8795074758135445
29015,Antequera,2026-03-01,98,2.34320828252397
20011,Antzuola,2026-03-01,5,2.440214738897023
21007,Aracena,2026-03-01,21,2.4849130280440184
38004,Arafo,2026-03-01,21,3.501750875437719
41011,Arahal,2026-03-01,60,3.0677983433888945
20012,Arama,2026-03-01,1,5.780346820809248
01003,Aramaio,2026-03-01,2,1.4781966001478197
09018,Aranda de Duero,2026-03-01,59,1.7402076451156205
15003,Aranga,2026-03-01,1,0.5577244841048522
31023,Aranguren,2026-03-01,42,3.181818181818182
28013,Aranjuez,2026-03-01,137,2.1460572073059936
31024,Arano,2026-03-01,0,0
31022,Arantza,2026-03-01,3,4.784688995215311
48006,Arantzazu,2026-03-01,1,2.4390243902439024
19036,Aranzueque,2026-03-01,2,4.819277108433735
37032,Arapiles,2026-03-01,2,2.6737967914438503
46041,Aras de los Olmos,2026-03-01,0,0
09020,Arauzo de Miel,2026-03-01,0,0
25029,Arbeca,2026-03-01,9,4.1551246537396125
31027,Arbizu,2026-03-01,6,5.424954792043399
04017,Arboleas,2026-03-01,9,2.152080344332855
43016,"Arboç, L'",2026-03-01,16,2.8065251710226278
16905,Arcas,2026-03-01,6,2.508361204013378
49010,Arcenillas,2026-03-01,0,0
30009,Archena,2026-03-01,32,1.5388314498677567
29017,Archidona,2026-03-01,17,2.099283773771302
11006,Arcos de la Frontera,2026-03-01,82,2.6213995716249476
49011,Arcos de la Polvorosa,2026-03-01,1,4.739336492890995
44026,Arcos de las Salinas,2026-03-01,1,9.5238095238095255
31029,"Arcos, Los",2026-03-01,2,1.7050298380221653
29018,Ardales,2026-03-01,7,2.7777777777777777
50033,Ardisa,2026-03-01,0,0
48093,Areatza,2026-03-01,1,0.7751937984496124
31030,Arellano,2026-03-01,0,0
05013,"Arenal, El",2026-03-01,1,1.0235414534288638
13903,Arenales de San Gregorio,2026-03-01,2,3.2
39004,Arenas de Iguña,2026-03-01,1,0.5757052389176742
13018,Arenas de San Juan,2026-03-01,3,2.9702970297029703
05014,Arenas de San Pedro,2026-03-01,19,2.932098765432099
18020,Arenas del Rey,2026-03-01,3,4.878048780487805
08006,Arenys de Mar,2026-03-01,49,2.8854080791426218
08007,Arenys de Munt,2026-03-01,29,3.0439802666106854
26015,Arenzana de Abajo,2026-03-01,0,0
15004,Ares,2026-03-01,5,0.7983394539358135
31031,Areso,2026-03-01,0,0
20013,Aretxabaleta,2026-03-01,13,1.8115942028985508
13019,Argamasilla de Alba,2026-03-01,11,1.6264971166642024
13020,Argamasilla de Calatrava,2026-03-01,11,1.8793780967025455
28014,Arganda del Rey,2026-03-01,258,4.292488145744946
24007,Arganza,2026-03-01,2,2.4844720496894412
19039,Argecilla,2026-03-01,0,0
17010,Argelaguer,2026-03-01,1,2.1413276231263385
43017,"Argentera, L'",2026-03-01,0,0
08009,Argentona,2026-03-01,50,3.878675044604763
08008,Argençola,2026-03-01,3,12.244897959183673
39005,Argoños,2026-03-01,4,2.1231422505307855
31032,Arguedas,2026-03-01,5,2.1645021645021645
07901,Ariany,2026-03-01,11,10.27077497665733
38005,Arico,2026-03-01,1,0.10515247108307045
50034,Ariza,2026-03-01,2,1.8365472910927456
44029,Ariño,2026-03-01,1,1.644736842105263
23006,Arjona,2026-03-01,5,0.9386146048432514
23007,Arjonilla,2026-03-01,6,1.702127659574468
17011,"Armentera, L'",2026-03-01,5,4.646840148698885
18021,Armilla,2026-03-01,70,2.771289441387228
40022,Armuña,2026-03-01,0,0
19041,Armuña de Tajuña,2026-03-01,1,3.5211267605633805
26017,Arnedillo,2026-03-01,0,0
26018,Arnedo,2026-03-01,27,1.7909259750596975
39006,Arnuero,2026-03-01,1,0.4355400696864111
21008,Aroche,2026-03-01,2,0.6673340006673341
38006,Arona,2026-03-01,140,1.5723976818365604
23008,Arquillos,2026-03-01,0,0
01037,Arraia-Maeztu,2026-03-01,0,0
48009,Arrankudiaga,2026-03-01,4,3.90625
35004,Arrecife,2026-03-01,154,2.1917028392514055
39007,Arredondo,2026-03-01,3,6.2761506276150625
29020,Arriate,2026-03-01,2,0.49419322955275513
48010,Arrieta,2026-03-01,1,1.7182130584192439
48011,Arrigorriaga,2026-03-01,13,1.08895962472776
47010,Arroyo de la Encomienda,2026-03-01,62,2.7219246641496184
10021,Arroyo de la Luz,2026-03-01,12,2.183803457688808
23905,Arroyo del Ojanco,2026-03-01,2,0.9070294784580499
10023,Arroyomolinos,2026-03-01,152,184.46601941747574
28015,Arroyomolinos,2026-03-01,152,3.9806206625638345
31037,Arruazu,2026-03-01,0,0
31038,Artajona,2026-03-01,3,1.6882386043894204
12016,Artana,2026-03-01,2,1.004016064257028
48023,Artea,2026-03-01,2,2.6917900403768504
35005,Artenara,2026-03-01,0,0
25033,Artesa de Lleida,2026-03-01,3,1.941747572815534
25034,Artesa de Segre,2026-03-01,9,2.5041736227045073
01004,Artziniega,2026-03-01,1,0.5353319057815846
25036,Aspa,2026-03-01,0,0
49016,Aspariegos,2026-03-01,2,9.00900900900901
03019,Aspe,2026-03-01,61,2.7288181086159073
20014,Asteasu,2026-03-01,7,4.472843450479234
20903,Astigarraga,2026-03-01,30,3.8441824705279344
24008,Astorga,2026-03-01,23,2.233009708737864
34017,Astudillo,2026-03-01,1,0.9587727708533077
49017,Asturianos,2026-03-01,0,0
29021,Atajate,2026-03-01,1,5.681818181818182
37037,"Atalaya, La",2026-03-01,2,19.607843137254903
09029,Atapuerca,2026-03-01,1,5.524861878453039
47011,Ataquines,2026-03-01,1,1.7006802721088434
18022,Atarfe,2026-03-01,61,2.9114165712103857
20015,Ataun,2026-03-01,4,2.333722287047841
28016,"Atazar, El",2026-03-01,1,9.09090909090909
50038,Ateca,2026-03-01,3,1.681614349775785
19044,Atienza,2026-03-01,1,2.3584905660377355
48091,Atxondo,2026-03-01,3,2.242152466367713
46003,Atzeneta d'Albaida,2026-03-01,4,3.3472803347280333
12001,Atzeneta del Maestrat,2026-03-01,2,1.5600624024960998
48070,Aulesti,2026-03-01,0,0
26020,Ausejo,2026-03-01,0,0
34018,Autilla del Pino,2026-03-01,0,0
34019,Autillo de Campos,2026-03-01,0,0
26021,Autol,2026-03-01,6,1.218274111675127
33004,Avilés,2026-03-01,151,1.9890667193571756
32004,Avión,2026-03-01,0,0
21010,Ayamonte,2026-03-01,55,2.473243996762299
22039,Ayerbe,2026-03-01,2,1.9029495718363465
02011,Ayna,2026-03-01,1,1.7391304347826089
46044,Ayora,2026-03-01,11,2.0719532868713504
12017,Ayódar,2026-03-01,0,0
31042,Azagra,2026-03-01,6,1.6042780748663101
44031,Azaila,2026-03-01,1,10.638297872340425
20017,Azkoitia,2026-03-01,12,1.0197144799456153
22042,Azlor,2026-03-01,1,6.451612903225806
26022,Azofra,2026-03-01,0,0
20018,Azpeitia,2026-03-01,27,1.765051970974701
06014,Azuaga,2026-03-01,13,1.7118777982617857
50039,Azuara,2026-03-01,0,0
19046,Azuqueca de Henares,2026-03-01,62,1.7350908124142947
12018,Azuébar,2026-03-01,1,2.785515320334262
12002,Aín,2026-03-01,27,203.00751879699246
14006,Añora,2026-03-01,3,2.017484868863484
31018,Añorbe,2026-03-01,4,6.4412238325281805
45014,Añover de Tajo,2026-03-01,14,2.567394094993581
37038,Babilafuente,2026-03-01,1,1.0718113612004287
04019,Bacares,2026-03-01,0,0
06015,Badajoz,2026-03-01,407,2.697686750182276
08015,Badalona,2026-03-01,505,2.1895404999956645
41014,Badolatosa,2026-03-01,6,1.951854261548471
14007,Baena,2026-03-01,26,1.418052904281429
23009,Baeza,2026-03-01,49,3.1476842037643733
48012,Bakio,2026-03-01,4,1.4005602240896358
25040,Balaguer,2026-03-01,36,2.0376974019358127
04904,Balanegra,2026-03-01,11,3.6184210526315788
02012,Balazote,2026-03-01,5,2.1114864864864864
24009,Balboa,2026-03-01,3,11.194029850746269
02014,"Ballestero, El",2026-03-01,2,4.866180048661801
13022,Ballesteros de Calatrava,2026-03-01,2,5.555555555555555
22046,Ballobar,2026-03-01,5,5.747126436781609
48090,Balmaseda,2026-03-01,8,1.0339925035543494
03020,Balones,2026-03-01,1,7.518796992481203
08018,Balsareny,2026-03-01,7,2.0870602265951104
32005,Baltar,2026-03-01,1,1.1574074074074074
32006,Bande,2026-03-01,1,0.6854009595613434
07007,Banyalbufar,2026-03-01,0,0
03021,Banyeres de Mariola,2026-03-01,23,3.1352235550708834
17015,Banyoles,2026-03-01,67,3.207736869823335
16027,Barajas de Melo,2026-03-01,2,1.932367149758454
48013,Barakaldo,2026-03-01,243,2.357300842031741
37040,Barbadillo,2026-03-01,1,2.5316455696202533
09037,Barbadillo de Herreros,2026-03-01,1,9.615384615384617
31046,Barbarin,2026-03-01,1,21.73913043478261
22048,Barbastro,2026-03-01,37,2.078768470138772
11007,Barbate,2026-03-01,55,2.4244027153310412
25041,Barbens,2026-03-01,1,1.098901098901099
06016,Barcarrota,2026-03-01,3,0.8660508083140878
08019,Barcelona,2026-03-01,4256,2.4841718678042337
47013,Barcial de la Loma,2026-03-01,1,10.101010101010102
45018,Barcience,2026-03-01,2,1.7391304347826089
39011,Bareyo,2026-03-01,1,0.46860356138706655
45019,Bargas,2026-03-01,20,1.7660044150110374
24011,Barjas,2026-03-01,0,0
38007,Barlovento,2026-03-01,2,0.9380863039399625
12020,Barracas,2026-03-01,1,5.181347150259067
44035,Barrachina,2026-03-01,0,0
05022,"Barraco, El",2026-03-01,4,1.9193857965451055
10025,Barrado,2026-03-01,1,2.6109660574412534
02015,Barrax,2026-03-01,3,1.6025641025641024
48014,Barrika,2026-03-01,2,1.3131976362442546
24012,"Barrios de Luna, Los",2026-03-01,1,3.3333333333333335
11008,"Barrios, Los",2026-03-01,72,2.9282576866764276
37044,Barruecopardo,2026-03-01,1,2.4390243902439024
47014,Barruelo del Valle,2026-03-01,2,39.21568627450981
01013,Barrundia,2026-03-01,0,0
46046,Barx,2026-03-01,5,3.3025099075297226
46045,Barxeta,2026-03-01,3,1.9047619047619047
48015,Basauri,2026-03-01,65,1.614425512890567
09045,Basconcillos del Tozo,2026-03-01,1,3.6363636363636362
37045,"Bastida, La",2026-03-01,0,0
43022,Batea,2026-03-01,5,2.669514148424987
28017,Batres,2026-03-01,10,5.055611729019211
18023,Baza,2026-03-01,60,2.9045844023817593
15007,"Baña, A",2026-03-01,2,0.6174745291756715
26024,Bañares,2026-03-01,11,55.55555555555555
24010,"Bañeza, La",2026-03-01,31,3.0021305442572146
32007,Baños de Molgas,2026-03-01,1,0.6802721088435374
10024,Baños de Montemayor,2026-03-01,4,5.420054200542006
09035,Baños de Valdearados,2026-03-01,0,0
23011,Baños de la Encina,2026-03-01,5,1.966955153422502
32011,Beariz,2026-03-01,2,2.2396416573348263
21011,Beas,2026-03-01,8,1.8091361374943464
18024,Beas de Granada,2026-03-01,3,2.976190476190476
23012,Beas de Segura,2026-03-01,10,2.003606491685033
20019,Beasain,2026-03-01,20,1.4266352806904916
05024,Becedas,2026-03-01,1,6.666666666666667
05025,Becedillas,2026-03-01,0,0
44037,Beceite,2026-03-01,2,3.484320557491289
34029,Becerril de Campos,2026-03-01,3,4.065040650406504
28018,Becerril de la Sierra,2026-03-01,21,3.1198930322388945
48092,Bedia,2026-03-01,11,9.927797833935019
27007,Begonte,2026-03-01,3,1.037344398340249
08020,Begues,2026-03-01,31,4.108681245858184
17013,Begur,2026-03-01,23,5.366308912739151
31051,Beire,2026-03-01,1,3.6231884057971016
04023,Beires,2026-03-01,0,0
12022,Bejís,2026-03-01,1,2.5
20021,Belauntza,2026-03-01,4,13.745704467353951
50045,Belchite,2026-03-01,6,4.008016032064128
25046,Belianes,2026-03-01,4,7.8125
25048,Bell-lloc d'Urgell,2026-03-01,7,2.967359050445104
25170,Bellaguarda,2026-03-01,1,3.484320557491289
25047,Bellcaire d'Urgell,2026-03-01,5,3.930817610062893
25049,Bellmunt d'Urgell,2026-03-01,1,5.747126436781609
43023,Bellmunt del Priorat,2026-03-01,1,3.472222222222222
44039,Bello,2026-03-01,1,4.926108374384237
08021,Bellprat,2026-03-01,1,14.492753623188406
25050,Bellpuig,2026-03-01,9,1.6271921894774906
43024,Bellvei,2026-03-01,8,3.246753246753247
25051,Bellver de Cerdanya,2026-03-01,5,2.18435998252512
46049,Bellús,2026-03-01,14,44.30379746835443
14009,Belmez,2026-03-01,1,0.34891835310537334
16033,Belmonte,2026-03-01,3,1.6891891891891893
28019,Belmonte de Tajo,2026-03-01,2,1.0245901639344264
16034,Belmontejo,2026-03-01,0,0
09048,Belorado,2026-03-01,5,2.73224043715847
22052,Belver de Cinca,2026-03-01,6,4.672897196261682
24014,Bembibre,2026-03-01,10,1.238390092879257
22053,Benabarre,2026-03-01,3,2.617801047120419
12024,Benafer,2026-03-01,0,0
12025,Benafigos,2026-03-01,1,8.264462809917356
46051,Benaguasil,2026-03-01,42,3.30526481466908
04024,Benahadux,2026-03-01,10,2.0370747606437156
11901,Benalup-Casas Viejas,2026-03-01,13,1.7854690289795359
29026,Benamargosa,2026-03-01,3,1.9206145966709347
18029,Benamaurel,2026-03-01,5,2.247191011235955
29027,Benamocarra,2026-03-01,5,1.569365976145637
11009,Benaocaz,2026-03-01,1,1.3368983957219251
03022,Benasau,2026-03-01,1,5.747126436781609
22054,Benasque,2026-03-01,1,0.42265426880811496
23016,Benatae,2026-03-01,2,4.739336492890995
49021,Benavente,2026-03-01,47,2.720537161379949
46052,Benavites,2026-03-01,2,3.076923076923077
49022,Benegiles,2026-03-01,0,0
03023,Beneixama,2026-03-01,6,3.5211267605633805
46053,Beneixida,2026-03-01,1,1.5197568389057752
03024,Benejúzar,2026-03-01,16,2.744896208612112
46054,Benetússer,2026-03-01,26,1.5514052151083
03025,Benferri,2026-03-01,6,2.859866539561487
03026,Beniarbeig,2026-03-01,5,1.968503937007874
03027,Beniardá,2026-03-01,1,4.291845493562231
46055,Beniarjó,2026-03-01,5,2.556237218813906
03028,Beniarrés,2026-03-01,2,1.7921146953405018
12027,Benicarló,2026-03-01,45,1.4805553727709417
46057,Benicolet,2026-03-01,0,0
46904,Benicull de Xúquer,2026-03-01,3,2.555366269165247
03030,Benidoleig,2026-03-01,647,507.84929356357935
03031,Benidorm,2026-03-01,221,2.8622864617735817
30010,Beniel,2026-03-01,36,3.1174229303775545
46058,Benifairó de les Valls,2026-03-01,3,1.2684989429175475
46060,Benifaió,2026-03-01,29,2.3696682464454977
43025,Benifallet,2026-03-01,1,1.4124293785310735
03032,Benifallim,2026-03-01,0,0
46061,Beniflá,2026-03-01,3,5.9171597633136095
03029,Benigembla,2026-03-01,2,3.442340791738382
03034,Benijófar,2026-03-01,19,5.140692640692641
03035,Benilloba,2026-03-01,2,2.680965147453083
03036,Benillup,2026-03-01,1,9.00900900900901
03037,Benimantell,2026-03-01,1,1.838235294117647
03038,Benimarfull,2026-03-01,2,4.301075268817204
03040,Benimeli,2026-03-01,4,8.438818565400844
46063,Benimodo,2026-03-01,4,1.7123287671232876
46064,Benimuslem,2026-03-01,2,2.962962962962963
46065,Beniparrell,2026-03-01,9,4.247286455875413
03041,Benissa,2026-03-01,69,5.509421909932929
43026,Benissanet,2026-03-01,0,0
04026,Benitagla,2026-03-01,0,0
12029,Benlloch,2026-03-01,157,136.99825479930192
10027,Benquerencia,2026-03-01,0,0
04028,Bentarique,2026-03-01,0,0
48016,Berango,2026-03-01,21,2.5432965968269348
01014,Berantevilla,2026-03-01,2,4.2105263157894735
20022,Berastegi,2026-03-01,0,0
22055,Berbegal,2026-03-01,2,6.230529595015576
09050,Berberana,2026-03-01,0,0
31053,Berbinzana,2026-03-01,2,2.998500749625187
47017,Bercero,2026-03-01,0,0
05026,Bercial de Zapardiel,2026-03-01,0,0
08022,Berga,2026-03-01,37,2.109584354866298
20074,Bergara,2026-03-01,27,1.8730489073881373
26028,Bergasa,2026-03-01,0,0
15008,Bergondo,2026-03-01,24,3.3703131582642887
04029,Berja,2026-03-01,27,2.0774024774948066
05027,"Berlanas, Las",2026-03-01,2,6.211180124223602
06019,Berlanga,2026-03-01,2,0.9195402298850575
42035,Berlanga de Duero,2026-03-01,2,2.4630541871921183
24019,Berlanga del Bierzo,2026-03-01,2,6.430868167202572
09051,Berlangas de Roa,2026-03-01,0,0
48017,Bermeo,2026-03-01,22,1.2853470437017993
49023,Bermillo de Sayago,2026-03-01,0,0
01016,Bernedo,2026-03-01,0,0
19051,Berninches,2026-03-01,0,0
40031,Bernuy de Porreros,2026-03-01,4,2.9784065524944157
48018,Berriatua,2026-03-01,2,1.6326530612244898
31903,Berriozar,2026-03-01,17,1.5021648846867546
48019,Berriz,2026-03-01,11,2.4213075060532687
20023,Berrobi,2026-03-01,2,3.571428571428571
21012,Berrocal,2026-03-01,0,0
37051,Berrocal de Salvatierra,2026-03-01,0,0
10029,Berzocana,2026-03-01,0,0
34032,Berzosilla,2026-03-01,0,0
15009,Betanzos,2026-03-01,26,1.9247853124074623
16035,Beteta,2026-03-01,4,15.503875968992247
12021,Betxí,2026-03-01,13,2.281902755836405
17021,Beuda,2026-03-01,1,4.9504950495049505
03043,Biar,2026-03-01,11,2.9915692140331793
46071,Bicorp,2026-03-01,0,0
20024,Bidania-Goiatz,2026-03-01,0,0
50901,Biel,2026-03-01,1,6.0606060606060606
22057,Bielsa,2026-03-01,1,2.092050209205021
02016,Bienservida,2026-03-01,2,3.6429872495446265
06020,Bienvenida,2026-03-01,4,2
22059,Biescas,2026-03-01,5,3.037667071688943
03044,Bigastro,2026-03-01,20,2.6507620941020544
48020,Bilbao,2026-03-01,556,1.5841584158415842
22060,Binaced,2026-03-01,4,2.3809523809523814
07008,Binissalem,2026-03-01,29,3.1105867210125493
25055,Biosca,2026-03-01,1,5.405405405405405
50051,Biota,2026-03-01,2,2.4096385542168677
22062,Bisaurri,2026-03-01,1,5.681818181818182
43027,"Bisbal de Falset, La",2026-03-01,0,0
17234,Biure,2026-03-01,1,4.405286343612335
30011,Blanca,2026-03-01,18,2.633118782913985
43029,Blancafort,2026-03-01,0,0
32012,"Blancos, Os",2026-03-01,0,0
17023,Blanes,2026-03-01,125,2.9449182490694055
44043,Blesa,2026-03-01,1,13.513513513513514
37052,Boada,2026-03-01,1,3.8610038610038613
28022,Boadilla del Monte,2026-03-01,1920,28.950979357348572
33007,Boal,2026-03-01,0,0
28023,"Boalo, El",2026-03-01,10,1.1407711613050422
26031,Bobadilla,2026-03-01,4,38.83495145631068
47020,Bobadilla del Campo,2026-03-01,0,0
46072,Bocairent,2026-03-01,7,1.6706443914081144
40032,Boceguillas,2026-03-01,2,2.680965147453083
47021,Bocigas,2026-03-01,0,0
06021,Bodonal de la Sierra,2026-03-01,2,2.0345879959308237
47023,Boecillo,2026-03-01,9,2.02474690663667
02017,Bogarra,2026-03-01,3,4.10958904109589
10030,Bohonal de Ibor,2026-03-01,0,0
05037,Bohoyo,2026-03-01,0,0
15010,Boimorto,2026-03-01,6,3.3259423503325944
15011,Boiro,2026-03-01,26,1.3714526848823716
13023,Bolaños de Calatrava,2026-03-01,26,2.1450375381569176
47024,Bolaños de Campos,2026-03-01,0,0
46073,Bolbaite,2026-03-01,1,0.7575757575757576
32015,"Bolo, O",2026-03-01,0,0
22066,Boltaña,2026-03-01,2,1.8331805682859763
03045,Bolulla,2026-03-01,5,10.266940451745379
17024,Bolvir,2026-03-01,0,0
21014,Bonares,2026-03-01,11,1.7761989342806395
43030,Bonastre,2026-03-01,4,5.141388174807197
02018,Bonete,2026-03-01,2,2.109704641350211
16036,Boniches,2026-03-01,1,7.246376811594203
05038,Bonilla de la Sierra,2026-03-01,1,7.194244604316547
02019,"Bonillo, El",2026-03-01,5,1.889644746787604
46074,Bonrepòs i Mirambell,2026-03-01,18,4.3710539096648855
50053,Boquiñeni,2026-03-01,2,2.6737967914438503
17025,Bordils,2026-03-01,9,4.934210526315789
29030,"Borge, El",2026-03-01,3,3.1545741324921135
25058,"Borges Blanques, Les",2026-03-01,9,1.3936203158872715
43031,"Borges del Camp, Les",2026-03-01,9,3.8910505836575875
50055,Borja,2026-03-01,5,0.963020030816641
42038,Borjabad,2026-03-01,0,0
41017,Bormujos,2026-03-01,55,2.3823962574720614
11010,Bornos,2026-03-01,7,0.9325872635225153
42039,Borobia,2026-03-01,1,4.608294930875576
45021,Borox,2026-03-01,461,104.84421196270185
12031,Borriol,2026-03-01,19,3.1635031635031634
11011,"Bosque, El",2026-03-01,21,9.358288770053475
43032,Bot,2026-03-01,1,1.834862385321101
43033,Botarell,2026-03-01,7,6.055363321799308
10031,Botija,2026-03-01,1,5.405405405405405
50056,Botorrita,2026-03-01,1,1.697792869269949
25056,Bovera,2026-03-01,1,3.968253968253968
24021,Boñar,2026-03-01,1,0.578368999421631
28024,Braojos,2026-03-01,1,4.291845493562231
13024,Brazatortas,2026-03-01,2,2.004008016032064
34036,Brañosera,2026-03-01,0,0
28025,Brea de Tajo,2026-03-01,0,0
17027,Breda,2026-03-01,7,1.7658930373360242
41018,Brenes,2026-03-01,32,2.4746732657953756
49026,Bretocino,2026-03-01,0,0
38008,Breña Alta,2026-03-01,10,1.337613697164259
40033,Brieva,2026-03-01,0,0
19053,Brihuega,2026-03-01,5,1.7337031900138697
49027,Brime de Sog,2026-03-01,0,0
49028,Brime de Urz,2026-03-01,0,0
26034,Briones,2026-03-01,0,0
09056,Briviesca,2026-03-01,9,1.3410818059901655
26033,Briñas,2026-03-01,0,0
44045,Bronchales,2026-03-01,1,2.1052631578947367
22069,Broto,2026-03-01,2,3.2414910858995136
10032,Brozas,2026-03-01,2,1.1641443538998835
08025,"Bruc, El",2026-03-01,6,2.615518744551003
08026,"Brull, El",2026-03-01,2,6.7340067340067336
28026,Brunete,2026-03-01,2839,252.1090489299352
17028,Brunyola,2026-03-01,2,5.012531328320802
50058,Bubierca,2026-03-01,0,0
16038,Buciegas,2026-03-01,0,0
19054,Budia,2026-03-01,0,0
45022,Buenaventura,2026-03-01,0,0
37060,Buenavista,2026-03-01,2,5.420054200542006
34037,Buenavista de Valdavia,2026-03-01,0,0
38010,Buenavista del Norte,2026-03-01,3,0.6350550381033022
36004,Bueu,2026-03-01,0,0
46076,Bugarra,2026-03-01,6,7.614213197969543
14012,Bujalance,2026-03-01,10,1.4140271493212668
50059,Bujaraloz,2026-03-01,1,1.0593220338983051
50060,Bulbuente,2026-03-01,2,8.032128514056224
30012,Bullas,2026-03-01,15,1.2501041753479458
09058,Buniel,2026-03-01,0,0
07010,Bunyola,2026-03-01,14,1.8233915082052619
27902,Burela,2026-03-01,13,1.346034375647132
50061,Bureta,2026-03-01,0,0
49029,Burganes de Valverde,2026-03-01,1,1.6863406408094435
50062,"Burgo de Ebro, El",2026-03-01,9,3.225806451612903
29031,"Burgo, El",2026-03-01,3,1.7064846416382253
05041,Burgohondo,2026-03-01,2,1.5710919088766695
09059,Burgos,2026-03-01,359,2.012670292089477
41019,Burguillos,2026-03-01,20,2.664890073284477
45023,Burguillos de Toledo,2026-03-01,8,2.072002072002072
06022,Burguillos del Cerro,2026-03-01,4,1.3610071452875128
46078,Burjassot,2026-03-01,84,2.012313441774669
03046,Busot,2026-03-01,17,4.526091586794462
28028,Bustarviejo,2026-03-01,4,1.3951866062085805
49030,Bustillo del Oro,2026-03-01,0,0
09060,Busto de Bureba,2026-03-01,1,7.142857142857142
48021,Busturia,2026-03-01,1,0.5906674542232723
46077,Buñol,2026-03-01,23,2.3204196933010492
31057,Buñuel,2026-03-01,5,2.16076058772688
46047,Bèlgida,2026-03-01,0,0
46070,Bétera,2026-03-01,96,3.3560566334556894
37061,"Cabaco, El",2026-03-01,0,0
15014,Cabana de Bergantiños,2026-03-01,3,0.7374631268436578
15015,Cabanas,2026-03-01,5,1.5276504735716467
17030,Cabanes,2026-03-01,13,13.026052104208416
12033,Cabanes,2026-03-01,13,3.7238613577771416
31062,Cabanillas,2026-03-01,4,2.9282576866764276
28029,Cabanillas de la Sierra,2026-03-01,3,3.115264797507788
19058,Cabanillas del Campo,2026-03-01,52,4.506846940544288
08027,"Cabanyes, Les",2026-03-01,277,260.3383458646616
24027,Cabañas Raras,2026-03-01,2,1.5420200462606013
50064,Cabañas de Ebro,2026-03-01,3,6.302521008403361
45026,Cabañas de Yepes,2026-03-01,3,9.49367088607595
45025,Cabañas de la Sagra,2026-03-01,4,1.8340210912425492
10033,Cabañas del Castillo,2026-03-01,0,0
09061,Cabañes de Esgueva,2026-03-01,0,0
06023,Cabeza del Buey,2026-03-01,6,1.3380909901873326
06024,Cabeza la Vaca,2026-03-01,1,0.7955449482895784
10034,Cabezabellosa,2026-03-01,1,3.1645569620253164
45027,Cabezamesada,2026-03-01,1,2.8011204481792715
13025,Cabezarados,2026-03-01,1,3.4482758620689653
13026,Cabezarrubias del Puerto,2026-03-01,1,2.053388090349076
05042,Cabezas de Alambre,2026-03-01,4,26.143790849673202
41020,"Cabezas de San Juan, Las",2026-03-01,21,1.2810345879338743
40036,Cabezuela,2026-03-01,0,0
10035,Cabezuela del Valle,2026-03-01,2,0.9560229445506692
05045,Cabizuela,2026-03-01,1,11.11111111111111
14013,Cabra,2026-03-01,28,1.4009806864805363
44048,Cabra de Mora,2026-03-01,0,0
43036,Cabra del Camp,2026-03-01,1,0.7209805335255948
08028,Cabrera d'Anoia,2026-03-01,6,3.376477208778841
08029,Cabrera de Mar,2026-03-01,43,8.509796160696617
28030,"Cabrera, La",2026-03-01,10,3.4059945504087192
37067,Cabrerizos,2026-03-01,14,3.3175355450236967
10036,Cabrero,2026-03-01,0,0
47029,Cabreros del Monte,2026-03-01,0,0
37068,Cabrillas,2026-03-01,2,6.329113924050633
08030,Cabrils,2026-03-01,38,4.90006447453256
24030,Cacabelos,2026-03-01,7,1.47741663149008
28031,Cadalso de los Vidrios,2026-03-01,5,1.4762326542663124
31064,Cadreita,2026-03-01,4,1.8340210912425492
50066,Cadrete,2026-03-01,16,3.4305317324185247
21016,Cala,2026-03-01,2,1.8050541516245489
44049,Calaceite,2026-03-01,3,3.1217481789802286
08031,Calaf,2026-03-01,8,2.2056796250344637
43037,Calafell,2026-03-01,50,1.5418298436584539
26036,Calahorra,2026-03-01,46,1.8187569191839317
34041,Calahorra de Boedo,2026-03-01,1,12.195121951219512
18114,"Calahorra, La",2026-03-01,2,2.9197080291970803
44050,Calamocha,2026-03-01,5,1.08038029386344
06025,Calamonte,2026-03-01,9,1.467231822627975
44051,Calanda,2026-03-01,8,2.1036024191427822
30013,Calasparra,2026-03-01,23,2.214946070878274
50067,Calatayud,2026-03-01,28,1.3894402540690751
42046,Calatañazor,2026-03-01,1,23.25581395348837
50068,Calatorao,2026-03-01,4,1.3513513513513513
21017,Calañas,2026-03-01,2,0.7283321194464676
50069,Calcena,2026-03-01,0,0
08034,Calders,2026-03-01,6,5.35236396074933
08032,Caldes d'Estrac,2026-03-01,10,2.9868578255675033
17033,Caldes de Malavella,2026-03-01,27,3.1235539102267467
08033,Caldes de Montbui,2026-03-01,74,3.9883583054866873
08035,Calella,2026-03-01,38,1.829121540312876
45028,Calera y Chozas,2026-03-01,12,2.4798512089274642
09064,Caleruega,2026-03-01,2,5.305039787798409
45029,Caleruela,2026-03-01,2,9.75609756097561
18037,Calicasas,2026-03-01,1,1.4513788098693758
08037,Calldetenes,2026-03-01,10,3.671071953010279
46079,Calles,2026-03-01,1,2.127659574468085
03048,Callosa d'en Sarrià,2026-03-01,18,2.168413444163354
03049,Callosa de Segura,2026-03-01,39,1.9602915305353104
44052,Calomarde,2026-03-01,1,13.157894736842104
17034,Calonge,2026-03-01,45,3.6680795565699382
08036,Calonge de Segarra,2026-03-01,0,0
37069,Calvarrasa de Abajo,2026-03-01,3,2.4154589371980677
37070,Calvarrasa de Arriba,2026-03-01,1,1.658374792703151
07011,Calvià,2026-03-01,57,1.0539551052106062
13027,Calzada de Calatrava,2026-03-01,9,2.447647538754419
37072,Calzada de Don Diego,2026-03-01,0,0
45030,Calzada de Oropesa,2026-03-01,1,1.941747572815534
37073,Calzada de Valdunciel,2026-03-01,1,1.3831258644536653
34042,Calzada de los Molinos,2026-03-01,1,3.257328990228013
24031,Calzada del Coto,2026-03-01,1,4.672897196261682
10040,Calzadilla,2026-03-01,0,0
49032,Calzadilla de Tera,2026-03-01,0,0
06027,Calzadilla de los Barros,2026-03-01,1,1.4705882352941175
39015,Camaleño,2026-03-01,0,0
25062,Camarasa,2026-03-01,0,0
45031,Camarena,2026-03-01,7,1.446280991735537
44054,Camarena de la Sierra,2026-03-01,1,7.194244604316547
45032,Camarenilla,2026-03-01,1,1.6339869281045751
39016,Camargo,2026-03-01,13,0.4254344340085741
44055,Camarillas,2026-03-01,1,10
15016,Camariñas,2026-03-01,6,1.1841326228537594
43903,Camarles,2026-03-01,9,2.5721634752786513
28032,Camarma de Esteruelas,2026-03-01,36,4.315511867657636
41021,Camas,2026-03-01,73,2.500770785516084
44053,Camañas,2026-03-01,0,0
23018,Cambil,2026-03-01,2,0.7541478129713424
15017,Cambre,2026-03-01,18,0.7266561705219813
43038,Cambrils,2026-03-01,109,2.940541707132837
10041,Caminomorisco,2026-03-01,1,0.9090909090909091
44056,Caminreal,2026-03-01,0,0
41022,"Campana, La",2026-03-01,13,2.5390625
06028,Campanario,2026-03-01,6,1.276595744680851
07012,Campanet,2026-03-01,6,2.101576182136603
47030,Campaspero,2026-03-01,1,0.9852216748768472
17037,Campelles,2026-03-01,1,6.134969325153374
03050,"Campello, el",2026-03-01,96,3.041150568631799
16042,Campillo de Altobuey,2026-03-01,1,0.7639419404125286
09065,Campillo de Aranda,2026-03-01,1,5.747126436781609
23019,Campillo de Arenas,2026-03-01,4,2.336448598130841
06029,Campillo de Llerena,2026-03-01,2,1.5082956259426847
19060,Campillo de Ranas,2026-03-01,1,6.622516556291391
45033,"Campillo de la Jara, El",2026-03-01,1,3.067484662576687
21018,"Campillo, El",2026-03-01,2,0.9955201592832255
47031,"Campillo, El",2026-03-01,2,9.75609756097561
29032,Campillos,2026-03-01,12,1.403016485443704
08039,Campins,2026-03-01,0,0
17038,Campllong,2026-03-01,6,11.235955056179774
22074,Campo,2026-03-01,1,2.0161290322580645
10043,Campo Lugar,2026-03-01,1,1.2674271229404308
28033,Campo Real,2026-03-01,24,3.445800430725054
13028,Campo de Criptana,2026-03-01,40,3.10486687883257
37077,"Campo de Peñaranda, El",2026-03-01,1,4.149377593360996
40039,Campo de San Pedro,2026-03-01,0,0
24033,Campo de Villavidel,2026-03-01,0,0
24034,Camponaraya,2026-03-01,15,3.6900369003690034
47032,Camporredondo,2026-03-01,1,6.993006993006993
46080,Camporrobles,2026-03-01,1,0.8481764206955047
07013,Campos,2026-03-01,35,2.797761790567546
17039,Camprodon,2026-03-01,4,1.5625
45034,Camuñas,2026-03-01,4,2.3014959723820483
47033,Canalejas de Peñafiel,2026-03-01,2,7.782101167315175
16045,Canalejas del Arroyo,2026-03-01,1,6.5359477124183005
05046,Canales,2026-03-01,0,0
26038,Canales de la Sierra,2026-03-01,0,0
46081,Canals,2026-03-01,19,1.3763129300977905
22077,Candasnos,2026-03-01,3,6.315789473684211
38011,Candelaria,2026-03-01,68,2.3255813953488373
37078,Candelario,2026-03-01,1,1.201923076923077
05047,Candeleda,2026-03-01,6,1.2002400480096018
42049,Candilichera,2026-03-01,1,10.101010101010102
23020,Canena,2026-03-01,4,2.3391812865497075
17040,Canet d'Adri,2026-03-01,3,4.0431266846361185
46082,Canet d'En Berenguer,2026-03-01,18,2.1775949673360757
08040,Canet de Mar,2026-03-01,39,2.5673095912053188
12036,Canet lo Roig,2026-03-01,0,0
22078,Canfranc,2026-03-01,2,3.1645569620253164
09067,Canicosa de la Sierra,2026-03-01,2,4.878048780487805
18039,Caniles,2026-03-01,12,3.0620056136769582
29033,Canillas de Aceituno,2026-03-01,8,4.479283314669653
29034,Canillas de Albaida,2026-03-01,4,4.878048780487805
43907,"Canonja, La",2026-03-01,6,1.0011680293675955
08041,Canovelles,2026-03-01,44,2.522212668386357
37080,Cantagallo,2026-03-01,3,10.638297872340425
37081,Cantalapiedra,2026-03-01,2,2.2650056625141564
40040,Cantalejo,2026-03-01,10,2.7662517289073305
17041,Cantallops,2026-03-01,3,8.174386920980925
37082,Cantalpino,2026-03-01,4,4.981320049813201
37083,Cantaracillo,2026-03-01,0,0
44059,Cantavieja,2026-03-01,1,1.375515818431912
41023,Cantillana,2026-03-01,34,3.1575037147102525
40041,Cantimpalos,2026-03-01,3,1.9646365422396854
04031,Cantoria,2026-03-01,15,4.153973968429798
08043,Canyelles,2026-03-01,22,4.004368401892974
31065,Caparroso,2026-03-01,7,2.403020940611054
07014,Capdepera,2026-03-01,77,5.7903444126936385
22079,Capdesaso,2026-03-01,1,5.208333333333333
15018,"Capela, A",2026-03-01,3,2.577319587628866
22080,Capella,2026-03-01,4,11.1731843575419
08044,Capellades,2026-03-01,11,1.9649874955341196
34045,Capillas,2026-03-01,2,29.41176470588235
17042,Capmany,2026-03-01,2,2.9542097488921715
43040,Capçanes,2026-03-01,1,2.242152466367713
28035,Carabaña,2026-03-01,11,4.4534412955465585
30015,Caravaca de la Cruz,2026-03-01,55,2.0963561518524165
09070,Carazo,2026-03-01,0,0
49036,Carbajales de Alba,2026-03-01,1,2.136752136752137
37085,Carbajosa de la Sagrada,2026-03-01,22,2.825947334617855
32018,Carballeda de Avia,2026-03-01,2,1.7064846416382253
32019,"Carballiño, O",2026-03-01,28,1.9665683382497543
15019,Carballo,2026-03-01,46,1.4332450537466894
04032,Carboneras,2026-03-01,22,2.601702932828761
16055,Carboneras de Guadazaón,2026-03-01,5,6.25
40043,Carbonero el Mayor,2026-03-01,6,2.438033319788704
23021,Carboneros,2026-03-01,1,1.6025641025641024
10047,Carcaboso,2026-03-01,2,1.8552875695732838
14015,Carcabuey,2026-03-01,6,2.5839793281653747
46083,Carcaixent,2026-03-01,39,1.7813913122916
31067,Carcastillo,2026-03-01,2,0.8295313148071339
09072,Carcedo de Burgos,2026-03-01,2,3.8910505836575875
08046,Cardedeu,2026-03-01,62,3.254593175853018
14016,Cardeña,2026-03-01,2,1.4398848092152627
09073,Cardeñadijo,2026-03-01,3,2.074688796680498
09074,Cardeñajimeno,2026-03-01,4,3.372681281618887
34046,Cardeñosa de Volpejera,2026-03-01,0,0
09075,Cardeñuela Riopico,2026-03-01,1,9.433962264150942
45035,Cardiel de los Montes,2026-03-01,0,0
08047,Cardona,2026-03-01,10,2.2026431718061676
50072,Carenas,2026-03-01,1,5.88235294117647
50073,Cariñena,2026-03-01,6,1.6662038322688142
15901,Cariño,2026-03-01,3,0.8216926869350862
46085,Carlet,2026-03-01,28,1.663399275233173
14017,"Carlota, La",2026-03-01,20,1.3774104683195594
08048,Carme,2026-03-01,2,2.3255813953488373
45036,Carmena,2026-03-01,2,2.509410288582183
41024,Carmona,2026-03-01,52,1.7100762957116549
06031,Carmonita,2026-03-01,0,0
15020,Carnota,2026-03-01,2,0.5295207836907598
23024,"Carolina, La",2026-03-01,18,1.2251565477811055
47035,Carpio,2026-03-01,3,3.246753246753247
45037,"Carpio de Tajo, El",2026-03-01,3,1.540041067761807
14018,"Carpio, El",2026-03-01,14,3.2399907428835917
24038,Carracedelo,2026-03-01,2,0.5837711617046117
15021,Carral,2026-03-01,15,2.1942656524283204
45038,Carranque,2026-03-01,12,2.201430930104568
37087,Carrascal de Barregas,2026-03-01,2,1.375515818431912
42053,Carrascosa de Abajo,2026-03-01,1,55.55555555555555
29036,Carratraca,2026-03-01,2,2.5
05051,"Carrera, La",2026-03-01,1,6.451612903225806
09076,Carrias,2026-03-01,0,0
45039,Carriches,2026-03-01,1,3.7735849056603774
13032,Carrizosa,2026-03-01,5,4.562043795620437
30016,Cartagena,2026-03-01,262,1.188747731397459
29037,Cartajima,2026-03-01,1,4.25531914893617
21021,Cartaya,2026-03-01,48,2.2182171079994455
39018,Cartes,2026-03-01,4,0.6818956699624957
24041,Carucedo,2026-03-01,0,0
19070,Casa de Uceda,2026-03-01,3,23.25581395348837
29039,Casabermeja,2026-03-01,10,2.3889154323936936
26042,Casalarreina,2026-03-01,5,4.582951420714941
45040,"Casar de Escalona, El",2026-03-01,0,0
10050,Casar de Palomero,2026-03-01,0,0
19071,"Casar, El",2026-03-01,46,3.303648376903189
29040,Casarabonela,2026-03-01,8,2.8338646829613885
42055,Casarejos,2026-03-01,1,6.896551724137931
29041,Casares,2026-03-01,39,4.341050756901158
10051,Casares de las Hurdes,2026-03-01,0,0
41026,Casariche,2026-03-01,2,0.37821482602118006
45041,Casarrubios del Monte,2026-03-01,17,2.2672712723392903
28036,Casarrubuelos,2026-03-01,46,10.557723204039476
06033,Casas de Don Pedro,2026-03-01,2,1.4534883720930232
16061,Casas de Fernando Alonso,2026-03-01,1,0.9216589861751152
16063,Casas de Guijarro,2026-03-01,0,0
16064,Casas de Haro,2026-03-01,3,3.6809815950920246
10057,Casas de Miravete,2026-03-01,1,9.433962264150942
02023,Casas de Ves,2026-03-01,1,1.8867924528301887
16065,Casas de los Pinos,2026-03-01,3,7.957559681697613
10054,Casas del Castañar,2026-03-01,3,5.181347150259067
37090,"Casas del Conde, Las",2026-03-01,0,0
10055,Casas del Monte,2026-03-01,3,3.926701570680628
49039,Casaseca de las Chanas,2026-03-01,2,5.361930294906166
16066,Casasimarro,2026-03-01,11,3.44180225281602
10058,Casatejada,2026-03-01,20,14.388489208633095
05054,Casavieja,2026-03-01,3,2.1881838074398248
31068,Cascante,2026-03-01,9,2.1321961620469083
05055,Casillas,2026-03-01,0,0
10059,Casillas de Coria,2026-03-01,0,0
37091,Casillas de Flores,2026-03-01,1,5.9171597633136095
46089,Casinos,2026-03-01,8,2.545338848234171
50074,Caspe,2026-03-01,14,1.3455069678039404
08049,Casserres,2026-03-01,4,2.4024024024024024
03053,Castalla,2026-03-01,30,2.521008403361345
10060,Castañar de Ibor,2026-03-01,0,0
26043,Castañares de Rioja,2026-03-01,0,0
39019,Castañeda,2026-03-01,3,0.9124087591240876
22085,Castelflorite,2026-03-01,1,9.803921568627452
03054,Castell de Castells,2026-03-01,1,2.2624434389140275
03075,"Castell de Guadalest, el",2026-03-01,5,17.857142857142858
08057,Castell de l'Areny,2026-03-01,0,0
17048,Castell-Platja d'Aro,2026-03-01,21,1.6292962991698348
09079,Castellanos de Castro,2026-03-01,0,0
37092,Castellanos de Moriscos,2026-03-01,8,2.5412960609911055
23025,Castellar,2026-03-01,3,0.9535918626827717
13033,Castellar de Santiago,2026-03-01,1,0.5844535359438924
11013,Castellar de la Frontera,2026-03-01,4,1.335113484646195
19076,Castellar de la Muela,2026-03-01,0,0
25064,Castellar de la Ribera,2026-03-01,0,0
08052,Castellar de n'Hug,2026-03-01,1,6.024096385542169
08050,Castellar del Riu,2026-03-01,4,26.490066225165563
08053,Castellbell i el Vilar,2026-03-01,15,3.6031707902954597
08054,Castellbisbal,2026-03-01,52,3.9822331137999694
08055,Castellcir,2026-03-01,1,1.2468827930174564
25067,Castelldans,2026-03-01,3,3.141361256544503
08056,Castelldefels,2026-03-01,231,3.314726857897229
08058,Castellet i la Gornal,2026-03-01,11,3.9668229354489717
17046,Castellfollit de la Roca,2026-03-01,2,2.0833333333333335
08059,Castellfollit del Boix,2026-03-01,1,2.1321961620469083
08062,Castellnou de Bages,2026-03-01,7,4.7586675730795385
25068,Castellnou de Seana,2026-03-01,3,4.092769440654843
12039,Castellnovo,2026-03-01,2,2.1953896816684964
44071,Castellote,2026-03-01,2,3.003003003003003
08064,Castellterçol,2026-03-01,6,2.1881838074398248
43042,Castellvell del Camp,2026-03-01,16,5.331556147950684
46090,Castelló de Rugat,2026-03-01,6,2.5641025641025643
46092,Castielfabib,2026-03-01,39,138.29787234042553
22086,Castiello de Jaca,2026-03-01,1,3.571428571428571
22087,Castigaleu,2026-03-01,1,12.5
34048,Castil de Vela,2026-03-01,0,0
06035,Castilblanco,2026-03-01,1,1.2135922330097086
19078,Castilforte,2026-03-01,0,0
50078,Castiliscar,2026-03-01,0,0
22088,Castillazuelo,2026-03-01,1,5.952380952380952
41029,Castilleja de la Cuesta,2026-03-01,31,1.8162643543473167
41030,Castilleja del Campo,2026-03-01,1,1.6286644951140066
45043,Castillo de Bayuela,2026-03-01,3,3.3259423503325944
16072,Castillo de Garcimuñoz,2026-03-01,0,0
12041,Castillo de Villamalefa,2026-03-01,1,8.849557522123893
22089,Castillonroy,2026-03-01,1,2.949852507374631
42057,Castilruiz,2026-03-01,0,0
32021,Castrelo do Val,2026-03-01,1,1.0559662090813093
18046,Castril,2026-03-01,3,1.550387596899225
34050,Castrillo de Don Juan,2026-03-01,1,5.434782608695652
47038,Castrillo de Duero,2026-03-01,0,0
34051,Castrillo de Onielo,2026-03-01,0,0
09085,Castrillo de la Vega,2026-03-01,3,4.784688995215311
09086,Castrillo del Val,2026-03-01,3,3.500583430571762
47039,Castrillo-Tejeriego,2026-03-01,1,6.369426751592357
47041,Castrodeza,2026-03-01,0,0
49041,Castrogonzalo,2026-03-01,5,11.547344110854503
09091,Castrojeriz,2026-03-01,2,2.5252525252525255
34053,Castromocho,2026-03-01,0,0
47043,Castromonte,2026-03-01,0,0
47045,Castronuño,2026-03-01,0,0
33017,Castropol,2026-03-01,8,2.4992189940643548
47046,Castroponce,2026-03-01,1,7.751937984496124
27011,Castroverde,2026-03-01,0,0
49043,Castroverde de Campos,2026-03-01,0,0
47047,Castroverde de Cerrato,2026-03-01,1,5.208333333333333
06036,Castuera,2026-03-01,8,1.4670823399963322
46093,Catadau,2026-03-01,6,1.9730351857941466
46094,Catarroja,2026-03-01,59,1.9273487521233503
43043,"Catllar, El",2026-03-01,24,4.455169853350659
03055,Catral,2026-03-01,36,3.730956575810965
12042,Catí,2026-03-01,3,4.054054054054054
02025,Caudete,2026-03-01,17,1.6219826352447284
46095,Caudete de las Fuentes,2026-03-01,3,4.087193460490463
12043,Caudiel,2026-03-01,1,1.358695652173913
09063,Cavia,2026-03-01,2,7.936507936507936
09093,Cayuela,2026-03-01,2,10.81081081081081
45045,Cazalegas,2026-03-01,17,7.6542098153984695
23027,Cazalilla,2026-03-01,1,1.3175230566534915
41032,Cazalla de la Sierra,2026-03-01,4,0.8626266982963123
23028,Cazorla,2026-03-01,14,2.0251699696224503
03052,Cañada,2026-03-01,3,2.4610336341263332
41901,Cañada Rosal,2026-03-01,2,0.5747126436781609
44062,Cañada Vellida,2026-03-01,0,0
16046,Cañada del Hoyo,2026-03-01,0,0
16048,Cañamares,2026-03-01,3,6.550218340611353
10044,Cañamero,2026-03-01,0,0
10045,Cañaveral,2026-03-01,1,0.999000999000999
16050,Cañaveras,2026-03-01,0,0
16051,Cañaveruelas,2026-03-01,1,8.928571428571429
16052,Cañete,2026-03-01,0,0
14014,Cañete de las Torres,2026-03-01,2,0.7238508867173362
29035,Cañete la Real,2026-03-01,8,5.072923272035511
49034,Cañizal,2026-03-01,3,7.334963325183374
19066,Cañizar,2026-03-01,0,0
16053,Cañizares,2026-03-01,0,0
49035,Cañizo,2026-03-01,0,0
24051,Cea,2026-03-01,0,0
45046,Cebolla,2026-03-01,9,2.735562310030395
05057,Cebreros,2026-03-01,1,0.2996703626011388
15022,Cedeira,2026-03-01,6,0.9128251939753537
10062,Cedillo,2026-03-01,0,0
40052,Cedillo de la Torre,2026-03-01,0,0
45047,Cedillo del Condado,2026-03-01,16,3.4647033347769596
44074,Cedrillas,2026-03-01,3,4.573170731707317
15023,Cee,2026-03-01,10,1.2934937265554263
47048,Ceinos de Campos,2026-03-01,1,5.813953488372093
44075,Celadas,2026-03-01,1,2.985074626865672
32024,Celanova,2026-03-01,3,0.5267778753292361
44076,Cella,2026-03-01,6,2.2271714922048997
17189,"Cellera de Ter, La",2026-03-01,6,2.951303492375799
18047,Cenes de la Vega,2026-03-01,27,3.257328990228013
26046,Cenicero,2026-03-01,1,0.45955882352941174
28037,Cenicientos,2026-03-01,4,1.8630647414997672
02026,Cenizate,2026-03-01,2,1.7137960582690661
32025,Cenlle,2026-03-01,1,0.9372071227741331
08067,Centelles,2026-03-01,29,3.6895674300254453
19082,Centenera,2026-03-01,3,18.867924528301884
37098,Cepeda,2026-03-01,0,0
15024,Cerceda,2026-03-01,15,2.9336984158028554
28038,Cercedilla,2026-03-01,12,1.5420200462606013
08268,Cercs,2026-03-01,2,1.6181229773462784
46096,Cerdà,2026-03-01,1,2.6954177897574128
37099,Cereceda de la Sierra,2026-03-01,0,0
49046,Cerecinos de Campos,2026-03-01,0,0
49047,Cerecinos del Carrizal,2026-03-01,1,8.928571428571429
10063,Cerezo,2026-03-01,1,6.756756756756757
40053,Cerezo de Abajo,2026-03-01,0,0
40054,Cerezo de Arriba,2026-03-01,1,8.403361344537815
37101,Cerralbo,2026-03-01,1,9.25925925925926
45048,"Cerralbos, Los",2026-03-01,3,6.5359477124183005
37102,"Cerro, El",2026-03-01,1,2.7472527472527473
34055,Cervatos de la Cueza,2026-03-01,2,8.264462809917356
25072,Cervera,2026-03-01,12,1.2461059190031154
34056,Cervera de Pisuerga,2026-03-01,4,1.757469244288225
45049,Cervera de los Montes,2026-03-01,1,1.9569471624266144
16073,Cervera del Llano,2026-03-01,1,4.524886877828055
12044,Cervera del Maestre,2026-03-01,2,3.1695721077654517
27013,Cervo,2026-03-01,4,0.9685230024213075
37103,Cespedosa de Tormes,2026-03-01,1,2.100840336134454
50081,Cetina,2026-03-01,1,1.8656716417910448
51001,Ceuta,2026-03-01,233,2.788181937846279
22094,Chalamera,2026-03-01,0,0
18059,Chauchina,2026-03-01,41,7.0362107430925
40065,Chañe,2026-03-01,2,2.6109660574412534
06042,Cheles,2026-03-01,4,3.404255319148936
46107,Chella,2026-03-01,3,1.215066828675577
46106,Chelva,2026-03-01,1,0.5711022272986864
46108,Chera,2026-03-01,1,1.9723865877712032
04036,Chercos,2026-03-01,0,0
46109,Cheste,2026-03-01,21,2.30794592812397
23029,Chiclana de Segura,2026-03-01,2,2.3014959723820483
11015,Chiclana de la Frontera,2026-03-01,267,2.9341626647032317
19105,Chiloeches,2026-03-01,13,3.160709944079747
18061,Chimeneas,2026-03-01,2,1.5822784810126582
22096,Chimillas,2026-03-01,2,4.914004914004914
11016,Chipiona,2026-03-01,51,2.540093634824186
50092,Chiprana,2026-03-01,0,0
04037,Chirivel,2026-03-01,4,2.4464831804281344
46111,Chiva,2026-03-01,46,2.5383511753669574
50093,Chodes,2026-03-01,0,0
24065,Chozas de Abajo,2026-03-01,1,0.3675119441381845
45056,Chozas de Canales,2026-03-01,8,1.5885623510722795
21030,Chucena,2026-03-01,3,1.287001287001287
45057,Chueca,2026-03-01,0,0
46112,Chulilla,2026-03-01,4,5.617977528089887
18062,Churriana de la Vega,2026-03-01,63,3.7253858435337945
12056,Chóvar,2026-03-01,1,3.1446540880503147
42061,Cidones,2026-03-01,1,3.1948881789137378
28040,Ciempozuelos,2026-03-01,54,2.0568294355145884
16074,"Cierva, La",2026-03-01,2,52.63157894736842
39021,Cieza,2026-03-01,68,129.03225806451613
30019,Cieza,2026-03-01,68,1.9180864267178157
19086,Cifuentes,2026-03-01,4,2.314814814814815
47050,Cigales,2026-03-01,13,2.3826979472140764
47051,Ciguñuela,2026-03-01,3,8.287292817679557
26049,Cihuri,2026-03-01,0,0
18048,Cijuela,2026-03-01,11,2.8660760812923396
10064,Cilleros,2026-03-01,0,0
09103,Cilleruelo de Abajo,2026-03-01,1,4.739336492890995
24054,Cimanes de la Vega,2026-03-01,1,2.2522522522522523
24055,Cimanes del Tejar,2026-03-01,0,0
12046,Cirat,2026-03-01,0,0
42064,Ciria,2026-03-01,1,14.705882352941176
19088,Ciruelas,2026-03-01,1,7.299270072992701
45050,Ciruelos,2026-03-01,0,0
09105,Ciruelos de Cervera,2026-03-01,0,0
26050,Cirueña,2026-03-01,1,5.181347150259067
34059,Cisneros,2026-03-01,2,4.694835680751174
17051,Cistella,2026-03-01,3,10.526315789473683
24056,Cistierna,2026-03-01,3,1.0507880910683014
13034,Ciudad Real,2026-03-01,183,2.4051414827762954
37107,Ciudad Rodrigo,2026-03-01,21,1.7898235745333673
07015,Ciutadella de Menorca,2026-03-01,61,1.8643601577065314
25074,Ciutadilla,2026-03-01,1,5.376344086021506
25075,Clariana de Cardener,2026-03-01,0,0
26051,Clavijo,2026-03-01,0,0
33018,Coaña,2026-03-01,0,0
45051,Cobeja,2026-03-01,3,1.1041589988958411
19090,Cobeta,2026-03-01,1,9.900990099009901
28041,Cobeña,2026-03-01,31,4.049640757674722
45052,Cobisa,2026-03-01,14,3.068829460762823
34060,Cobos de Cerrato,2026-03-01,1,7.751937984496124
49050,Cobreros,2026-03-01,5,9.208103130755065
40057,Coca,2026-03-01,4,2.3391812865497075
03056,Cocentaina,2026-03-01,42,3.6566254570781824
50086,Codos,2026-03-01,0,0
06037,"Codosera, La",2026-03-01,2,1.0111223458038423
46097,Cofrentes,2026-03-01,5,4.492362982929021
47054,Cogeces del Monte,2026-03-01,0,0
19091,Cogollor,2026-03-01,0,0
09108,Cogollos,2026-03-01,0,0
18049,Cogollos de Guadix,2026-03-01,1,1.6260162601626016
19092,Cogolludo,2026-03-01,1,1.7152658662092624
25076,"Cogul, El",2026-03-01,0,0
17054,Colera,2026-03-01,2,4.08997955010225
05061,"Colilla, La",2026-03-01,0,0
39023,Colindres,2026-03-01,23,2.6834675067086686
28046,Collado Mediano,2026-03-01,3387,437.0886566008517
28047,Collado Villalba,2026-03-01,156,2.2956030372594034
05062,Collado de Contreras,2026-03-01,1,6.7114093959731544
08070,Collsuspina,2026-03-01,0,0
29043,Colmenar,2026-03-01,12,3.292181069958848
28045,Colmenar Viejo,2026-03-01,209,3.5632693422443484
28043,Colmenar de Oreja,2026-03-01,14,1.516628750947893
28042,Colmenar del Arroyo,2026-03-01,36,17.53531417437896
28044,Colmenarejo,2026-03-01,26,2.665299846232701
18051,Colomera,2026-03-01,3,2.329192546583851
17055,Colomers,2026-03-01,1,4.854368932038835
33019,Colunga,2026-03-01,5,1.5782828282828283
29044,Comares,2026-03-01,1,0.7434944237918215
39024,Comillas,2026-03-01,3,1.448575567358764
19095,Condemios de Abajo,2026-03-01,0,0
03057,Confrides,2026-03-01,2,6.825938566552901
34062,Congosto de Valdavia,2026-03-01,0,0
19097,Congostrina,2026-03-01,0,0
11014,Conil de la Frontera,2026-03-01,46,1.9061036754651308
14020,Conquista,2026-03-01,1,2.717391304347826
10066,Conquista de la Sierra,2026-03-01,0,0
07016,Consell,2026-03-01,17,3.764393268379097
41033,Constantina,2026-03-01,5,0.8710801393728222
45053,Consuegra,2026-03-01,10,1.0197838058331634
49052,Coomonte,2026-03-01,1,5.555555555555555
08071,Copons,2026-03-01,3,8.522727272727272
46098,Corbera,2026-03-01,13,3.9549741405536962
43048,Corbera d'Ebre,2026-03-01,1,0.9765625
08072,Corbera de Llobregat,2026-03-01,73,4.549987534280728
25078,Corbins,2026-03-01,8,5.369127516778523
37110,Cordovilla,2026-03-01,52,495.23809523809524
19099,Corduente,2026-03-01,0,0
31077,Corella,2026-03-01,22,2.5188916876574305
26053,Corera,2026-03-01,0,0
49053,Coreses,2026-03-01,6,5.671077504725898
10067,Coria,2026-03-01,22,1.8327224258580475
41035,Coripe,2026-03-01,4,3.281378178835111
15029,Coristanco,2026-03-01,2,0.35038542396636296
26054,Cornago,2026-03-01,2,6.666666666666667
43049,Cornudella de Montsant,2026-03-01,6,5.9171597633136095
06039,"Coronada, La",2026-03-01,2,0.9363295880149812
41036,"Coronil, El",2026-03-01,3,0.6448839208942391
28048,Corpa,2026-03-01,5,5.9880239520958085
45054,Corral de Almaguer,2026-03-01,9,1.6853932584269664
13035,Corral de Calatrava,2026-03-01,3,2.581755593803787
39025,"Corrales de Buelna, Los",2026-03-01,21,1.917808219178082
49054,Corrales del Vino,2026-03-01,3,3.2119914346895073
41037,"Corrales, Los",2026-03-01,9,2.243829468960359
06040,Corte de Peleas,2026-03-01,1,0.851063829787234
21025,Cortegana,2026-03-01,2,0.4332755632582322
31078,Cortes,2026-03-01,4,1.2642225031605563
18053,Cortes de Baza,2026-03-01,0,0
46099,Cortes de Pallás,2026-03-01,0,0
29046,Cortes de la Frontera,2026-03-01,3,0.9823182711198427
18054,Cortes y Graena,2026-03-01,0,0
09112,Coruña del Conde,2026-03-01,1,10.526315789473683
28049,Coslada,2026-03-01,346,4.305356809556399
07017,Costitx,2026-03-01,7,4.329004329004329
12049,Costur,2026-03-01,1,1.9607843137254901
50088,Cosuenda,2026-03-01,1,2.9154518950437316
49055,Cotanes del Monte,2026-03-01,2,25
42069,Covaleda,2026-03-01,0,0
09113,Covarrubias,2026-03-01,0,0
12050,"Coves de Vinromà, les",2026-03-01,6,3.189792663476874
03058,Cox,2026-03-01,20,2.5926886180969664
43050,Creixell,2026-03-01,14,3.298774740810556
05065,Crespos,2026-03-01,1,2.1321961620469083
44086,Cretas,2026-03-01,1,1.7921146953405018
03059,Crevillent,2026-03-01,66,2.1373056994818653
06041,Cristina,2026-03-01,0,0
10068,Cuacos de Yuste,2026-03-01,4,4.944375772558714
24061,Cuadros,2026-03-01,0,0
32028,Cualedro,2026-03-01,1,0.6535947712418301
50089,Cuarte de Huerva,2026-03-01,61,3.966189856957087
28050,Cubas de la Sagra,2026-03-01,23,3.186919772758764
08074,Cubelles,2026-03-01,60,3.399818676337262
25079,Cubells,2026-03-01,0,0
34066,Cubillas de Cerrato,2026-03-01,0,0
47057,Cubillas de Santa Marta,2026-03-01,0,0
40062,Cubillo,2026-03-01,0,0
24064,Cubillos del Sil,2026-03-01,6,3.4305317324185247
09115,Cubo de Bureba,2026-03-01,0,0
33021,Cudillero,2026-03-01,4,0.8169934640522876
49059,Cuelgamures,2026-03-01,1,12.82051282051282
16078,Cuenca,2026-03-01,103,1.9158869812689496
47058,Cuenca de Campos,2026-03-01,0,0
45055,Cuerva,2026-03-01,1,0.7942811755361397
44092,"Cuervo, El",2026-03-01,25,287.35632183908046
16079,Cueva del Hierro,2026-03-01,1,37.03703703703704
29047,Cuevas Bajas,2026-03-01,8,5.956813104988831
44094,Cuevas Labradas,2026-03-01,0,0
29049,Cuevas de San Marcos,2026-03-01,6,1.646542261251372
04035,Cuevas del Almanzora,2026-03-01,43,2.7858762552640104
29048,Cuevas del Becerro,2026-03-01,4,2.472187886279357
18912,Cuevas del Campo,2026-03-01,2,1.0863661053775122
12051,Culla,2026-03-01,1,1.9880715705765406
46105,Cullera,2026-03-01,54,2.1932496649201902
15031,Culleredo,2026-03-01,15,0.4802766393442623
10069,"Cumbre, La",2026-03-01,2,2.4479804161566707
21029,Cumbres Mayores,2026-03-01,3,1.756440281030445
21027,Cumbres de Enmedio,2026-03-01,1,18.18181818181818
43051,Cunit,2026-03-01,52,3.1894013738959766
15032,Curtis,2026-03-01,5,1.1811953697141506
10037,Cáceres,2026-03-01,376,3.8924201329220063
11012,Cádiz,2026-03-01,267,2.4245616265448633
14021,Córdoba,2026-03-01,872,2.69003791349307
28053,Daganzo de Arriba,2026-03-01,259,24.07510689719279
13039,Daimiel,2026-03-01,29,1.6346316442139677
46113,Daimús,2026-03-01,22,6.099251455503188
17060,Darnius,2026-03-01,1,1.7825311942959001
50094,Daroca,2026-03-01,5,2.631578947368421
18063,Darro,2026-03-01,3,1.763668430335097
17061,Das,2026-03-01,1,3.8314176245210727
03061,Daya Nueva,2026-03-01,13,6.9075451647183845
03062,Daya Vieja,2026-03-01,8,11.204481792717086
20029,Deba,2026-03-01,3,0.5582433941198363
33022,Degaña,2026-03-01,0,0
18065,Dehesas Viejas,2026-03-01,1,1.574803149606299
18064,Dehesas de Guadix,2026-03-01,1,2.617801047120419
18066,Deifontes,2026-03-01,5,1.9230769230769231
07018,Deià,2026-03-01,3,3.9840637450199203
10070,Deleitosa,2026-03-01,1,1.4577259475218658
43901,Deltebre,2026-03-01,30,2.484677820109326
48901,Derio,2026-03-01,20,2.744990392533626
42076,Deza,2026-03-01,0,0
31080,Dicastillo,2026-03-01,1,1.7825311942959001
18067,Diezma,2026-03-01,0,0
48026,Dima,2026-03-01,1,0.6548788474132285
15033,Dodro,2026-03-01,1,0.38402457757296465
03064,Dolores,2026-03-01,23,2.7594481103779245
46114,Domeño,2026-03-01,1,1.3850415512465375
06044,Don Benito,2026-03-01,103,2.7098845010392276
31081,Donamaria,2026-03-01,1,2.247191011235955
46115,Dos Aguas,2026-03-01,0,0
41038,Dos Hermanas,2026-03-01,300,2.105809929595755
14023,Dos Torres,2026-03-01,9,3.8119440914866582
08075,Dosrius,2026-03-01,30,4.756619628983669
37116,Doñinos de Ledesma,2026-03-01,0,0
37117,Doñinos de Salamanca,2026-03-01,8,3.5087719298245617
19107,Driebes,2026-03-01,2,6.006006006006006
34069,Dueñas,2026-03-01,5,1.9201228878648233
48027,Durango,2026-03-01,41,1.3584705609489414
42078,Duruelo de la Sierra,2026-03-01,1,0.9652509652509653
03063,Dénia,2026-03-01,196,4.12041708711739
48028,Ea,2026-03-01,1,1.2165450121654502
20030,Eibar,2026-03-01,39,1.4200407806583164
07026,Eivissa,2026-03-01,295,5.400161089551146
50095,Ejea de los Caballeros,2026-03-01,19,1.1034322550670772
04902,"Ejido, El",2026-03-01,146,1.6111767107717094
48031,Elantxobe,2026-03-01,3,9.375
02030,Elche de la Sierra,2026-03-01,11,3.050471436494731
01022,Elciego,2026-03-01,3,3.092783505154639
03066,Elda,2026-03-01,103,1.8540519134535767
20031,Elduain,2026-03-01,1,4.016064257028112
20033,Elgeta,2026-03-01,4,3.53045013239188
20032,Elgoibar,2026-03-01,25,2.1351097446408747
31087,Elgorriaga,2026-03-01,0,0
46116,"Eliana, l'",2026-03-01,63,3.157578187650361
10072,Eljas,2026-03-01,1,1.2106537530266344
48032,Elorrio,2026-03-01,17,2.3268546400219
46117,Emperador,2026-03-01,3,4.237288135593221
37120,Encina de San Silvestre,2026-03-01,1,9.09090909090909
37119,"Encina, La",2026-03-01,5,53.191489361702125
14024,Encinas Reales,2026-03-01,2,0.9025270758122744
37121,Encinas de Abajo,2026-03-01,3,4.878048780487805
47060,Encinas de Esgueva,2026-03-01,0,0
21031,Encinasola,2026-03-01,3,2.3828435266084194
24067,Encinedo,2026-03-01,0,0
46118,Enguera,2026-03-01,14,2.8536485935589075
04041,Enix,2026-03-01,0,0
39028,Entrambasaguas,2026-03-01,5,0.8785802143735723
26059,Entrena,2026-03-01,7,4.224502112251057
48902,Erandio,2026-03-01,137,5.5418470126613
31090,Eratsun,2026-03-01,1,6.493506493506494
50100,Erla,2026-03-01,1,2.688172043010753
48034,Ermua,2026-03-01,24,1.5424164524421595
20067,Errenteria,2026-03-01,25,0.6354693576675733
48079,Errigoiti,2026-03-01,2,4.024144869215292
31092,Erro,2026-03-01,0,0
45060,Erustes,2026-03-01,0,0
21032,Escacena del Campo,2026-03-01,2,0.8602150537634409
17062,"Escala, L'",2026-03-01,42,3.9469974626444886
39029,Escalante,2026-03-01,0,0
45061,Escalona,2026-03-01,8,2.007024586051179
40073,Escalona del Prado,2026-03-01,1,2.109704641350211
45062,Escalonilla,2026-03-01,6,3.8885288399222295
40074,Escarabajosa de Cabezas,2026-03-01,1,3.676470588235294
23031,Escañuela,2026-03-01,1,1.1086474501108647
19112,Escopete,2026-03-01,0,0
07019,Escorca,2026-03-01,1063,5341.708542713568
28054,"Escorial, El",2026-03-01,48,2.7710426047800487
44097,Escorihuela,2026-03-01,0,0
44099,Escucha,2026-03-01,0,0
10073,Escurial,2026-03-01,2,2.34192037470726
37125,Escurial de la Sierra,2026-03-01,0,0
32031,Esgos,2026-03-01,1,0.9049773755656109
20034,Eskoriatza,2026-03-01,3,0.7103954534690978
31094,Eslava,2026-03-01,0,0
12057,Eslida,2026-03-01,2,2.4479804161566707
06046,Esparragalejo,2026-03-01,0,0
06048,Esparragosa de Lares,2026-03-01,1,1.1918951132300357
06047,Esparragosa de la Serena,2026-03-01,4,4.385964912280701
08076,Esparreguera,2026-03-01,83,3.666239674897301
41040,Espartinas,2026-03-01,43,2.5944250030167733
37127,Espeja,2026-03-01,0,0
42080,Espeja de San Marcelino,2026-03-01,1,6.172839506172839
14025,Espejo,2026-03-01,7,2.2026431718061676
23032,Espeluy,2026-03-01,3,5.016722408026756
11017,Espera,2026-03-01,9,2.398081534772182
14026,Espiel,2026-03-01,1,0.4304778303917348
40076,"Espinar, El",2026-03-01,16,1.536983669548511
17063,Espinelves,2026-03-01,0,0
34070,Espinosa de Cerrato,2026-03-01,0,0
19113,Espinosa de Henares,2026-03-01,0,0
34071,Espinosa de Villagonzalo,2026-03-01,1,6.097560975609756
09124,Espinosa de los Monteros,2026-03-01,2,1.2307692307692308
45063,Espinoso del Rey,2026-03-01,1,2.3640661938534278
40077,Espirdo,2026-03-01,1,0.6165228113440198
08077,Esplugues de Llobregat,2026-03-01,101,2.0857426069717495
17064,Espolla,2026-03-01,4,10.025062656641603
07020,Esporles,2026-03-01,12,2.2552151851155795
25082,Espot,2026-03-01,1,2.6525198938992043
31096,Espronceda,2026-03-01,1,9.803921568627452
08078,"Espunyola, L'",2026-03-01,1,3.8461538461538463
08254,"Esquirol, L'",2026-03-01,7,3.0395136778115504
45064,Esquivias,2026-03-01,13,2.2245037645448327
22102,Estada,2026-03-01,1,4.651162790697675
22103,Estadilla,2026-03-01,7,8.641975308641975
08079,"Estany, L'",2026-03-01,3,7.672634271099745
07021,Estellencs,2026-03-01,2,5.347593582887701
41041,Estepa,2026-03-01,15,1.2060786363270883
29051,Estepona,2026-03-01,243,3.0530323018355885
44100,Estercuel,2026-03-01,1,4.975124378109452
46120,Estivella,2026-03-01,1,0.5824111822947001
26060,Estollo,2026-03-01,1,11.235955056179774
28055,Estremera,2026-03-01,5,3.4129692832764507
31099,Etayo,2026-03-01,1,13.888888888888888
31082,Etxalar,2026-03-01,2,2.4906600249066004
31085,Etxauri,2026-03-01,1,1.483679525222552
48029,Etxebarri,2026-03-01,26,2.1603656003323644
48030,Etxebarria,2026-03-01,2,2.5348542458808616
26061,Ezcaray,2026-03-01,2,0.9722897423432182
20035,Ezkio-Itsaso,2026-03-01,1,1.644736842105263
50102,Fabara,2026-03-01,1,0.9416195856873822
24070,Fabero,2026-03-01,4,1.0050251256281408
31104,Falces,2026-03-01,5,2.0981955518254303
43055,Falset,2026-03-01,10,3.457814661134163
22107,Fanlo,2026-03-01,0,0
12059,Fanzara,2026-03-01,3,10.135135135135135
49064,Fariza,2026-03-01,0,0
50104,Farlete,2026-03-01,0,0
25089,Farrera,2026-03-01,2,16.666666666666668
38012,Fasnia,2026-03-01,6,1.9029495718363465
43056,"Fatarella, La",2026-03-01,3,3.5671819262782405
46122,Faura,2026-03-01,10,2.6560424966799467
46123,Favara,2026-03-01,12,4.3383947939262475
50106,"Fayos, Los",2026-03-01,1,7.462686567164179
07022,Felanitx,2026-03-01,42,2.185792349726776
04043,Felix,2026-03-01,2,2.5906735751295336
15035,Fene,2026-03-01,16,1.2839030653185683
06049,Feria,2026-03-01,5,4.743833017077798
49065,Fermoselle,2026-03-01,0,0
18074,Ferreira,2026-03-01,2,6.7114093959731544
07023,Ferreries,2026-03-01,12,2.3103581055063533
15036,Ferrol,2026-03-01,115,1.771874951851224
43058,"Figuera, La",2026-03-01,0,0
17066,Figueres,2026-03-01,138,2.7847283880862053
43059,Figuerola del Camp,2026-03-01,33,96.20991253644314
12060,Figueroles,2026-03-01,4,7.604562737642586
50107,Figueruelas,2026-03-01,10,7.633587786259541
04044,Fines,2026-03-01,5,2.092050209205021
03069,Finestrat,2026-03-01,5333,534.36873747495
22109,Fiscal,2026-03-01,1,2.73972602739726
15037,Fisterra,2026-03-01,8,1.7057569296375266
31105,Fitero,2026-03-01,4,1.6906170752324599
04045,Fiñana,2026-03-01,1,0.5022601707684581
43060,Flix,2026-03-01,9,2.6929982046678638
08082,Fogars de la Selva,2026-03-01,3,1.7595307917888563
46126,Foios,2026-03-01,28,3.5056967572304996
24071,Folgoso de la Ribera,2026-03-01,5,5.1440329218107
08083,Folgueroles,2026-03-01,8,3.5366931918656053
47062,Fombellida,2026-03-01,0,0
47063,Fompedraza,2026-03-01,2,17.391304347826086
26062,Foncea,2026-03-01,0,0
25093,Fondarella,2026-03-01,1,1.2077294685990339
18076,Fonelas,2026-03-01,2,2.0768431983385254
08084,Fonollosa,2026-03-01,10,6.365372374283896
46127,"Font d'En Carròs, la",2026-03-01,9,2.2205773501110286
46128,"Font de la Figuera, la",2026-03-01,3,1.4785608674223756
19117,Fontanar,2026-03-01,5,1.8889308651303363
13041,Fontanarejo,2026-03-01,0,0
46124,Fontanars dels Alforins,2026-03-01,2,2.1390374331550803
17070,Fontanilles,2026-03-01,3,17.647058823529413
17071,Fontcoberta,2026-03-01,6,4.048582995951417
31106,Fontellas,2026-03-01,6,5.730659025787966
09127,Fontioso,2026-03-01,0,0
05074,Fontiveros,2026-03-01,1,1.3947001394700138
22110,Fonz,2026-03-01,4,4.514672686230248
26063,Fonzaleche,2026-03-01,1,7.092198581560283
25094,Foradada,2026-03-01,0,0
12061,Forcall,2026-03-01,0,0
37130,Forfoleda,2026-03-01,0,0
03070,Formentera del Segura,2026-03-01,15,3.083247687564234
44103,Formiche Alto,2026-03-01,0,0
07025,Fornalutx,2026-03-01,1,1.3531799729364007
17073,Fornells de la Selva,2026-03-01,59,20.974049057945255
18077,Fornes,2026-03-01,1,1.890359168241966
46125,Fortaleny,2026-03-01,4,3.887269193391642
30020,Fortuna,2026-03-01,35,3.026896134221223
48906,Forua,2026-03-01,1,1.0775862068965516
15038,Frades,2026-03-01,4,1.863932898415657
37131,Frades de la Sierra,2026-03-01,2,12.269938650306749
22112,Fraga,2026-03-01,45,2.9220779220779223
23033,Frailes,2026-03-01,3,1.9206145966709347
33023,"Franco, El",2026-03-01,0,0
50110,"Frasno, El",2026-03-01,1,2.7027027027027026
06050,Fregenal de la Sierra,2026-03-01,4,0.8488964346349746
43062,Freginals,2026-03-01,0,0
18078,Freila,2026-03-01,0,0
16084,Fresneda de la Sierra,2026-03-01,1,23.809523809523807
44108,"Fresneda, La",2026-03-01,0,0
28056,Fresnedillas de la Oliva,2026-03-01,7,3.6939313984168862
10075,Fresnedoso de Ibor,2026-03-01,0,0
09131,Fresnillo de las Dueñas,2026-03-01,1,1.4245014245014245
40079,Fresno de Cantespino,2026-03-01,0,0
09133,Fresno de Rodilla,2026-03-01,1,20.408163265306122
28057,Fresno de Torote,2026-03-01,14,5.473025801407349
40080,Fresno de la Fuente,2026-03-01,1,12.5
49075,Fresno de la Polvorosa,2026-03-01,1,8.547008547008549
24073,Fresno de la Vega,2026-03-01,0,0
47065,Fresno el Viejo,2026-03-01,2,2.4242424242424243
05076,"Fresno, El",2026-03-01,2,3.4305317324185247
49078,Friera de Valverde,2026-03-01,0,0
29053,Frigiliana,2026-03-01,15,4.336513443191674
38013,Frontera,2026-03-01,6,1.2908777969018934
48035,Fruiz,2026-03-01,2,3.3840947546531304
40081,Frumales,2026-03-01,1,8.264462809917356
13042,Fuencaliente,2026-03-01,5,4.970178926441352
50114,Fuendetodos,2026-03-01,1,7.6923076923076925
29054,Fuengirola,2026-03-01,236,2.7811494632145846
28058,Fuenlabrada,2026-03-01,473,2.4919131360173643
13043,Fuenllana,2026-03-01,0,0
26064,Fuenmayor,2026-03-01,5,1.529051987767584
47066,Fuensaldaña,2026-03-01,27,12.593283582089553
45066,Fuensalida,2026-03-01,25,1.97441162533565
02032,Fuensanta,2026-03-01,1,3.401360544217687
23034,Fuensanta de Martos,2026-03-01,3,0.9845749917952085
14901,Fuente Carreteros,2026-03-01,0,0
49079,Fuente Encalada,2026-03-01,2,21.505376344086024
14029,Fuente Obejuna,2026-03-01,4,0.9261403102570039
14030,Fuente Palmera,2026-03-01,12,1.2082158679017316
18079,Fuente Vaqueros,2026-03-01,9,1.8971332209106238
06052,Fuente de Cantos,2026-03-01,5,1.0907504363001745
16086,Fuente de Pedro Naharro,2026-03-01,2,1.5360983102918586
40082,Fuente de Santa Cruz,2026-03-01,0,0
06053,Fuente del Arco,2026-03-01,1,1.5384615384615385
06054,Fuente del Maestre,2026-03-01,15,2.2890279261406987
13044,Fuente el Fresno,2026-03-01,18,5.982053838484546
28059,Fuente el Saz de Jarama,2026-03-01,21,2.8279019660651765
14028,Fuente la Lancha,2026-03-01,0,0
02034,Fuentealbilla,2026-03-01,4,2.2246941045606228
09135,Fuentebureba,2026-03-01,1,16.949152542372882
37136,Fuenteguinaldo,2026-03-01,1,1.574803149606299
21033,Fuenteheridos,2026-03-01,0,0
49080,Fuentelapeña,2026-03-01,1,1.7035775127768313
16087,Fuentelespino de Haro,2026-03-01,1,4.366812227074235
16088,Fuentelespino de Moya,2026-03-01,1,9.70873786407767
37137,Fuenteliante,2026-03-01,1,11.627906976744185
09139,Fuentemolinos,2026-03-01,1,11.235955056179774
09140,Fuentenebro,2026-03-01,1,7.352941176470588
19124,Fuentenovilla,2026-03-01,4,6.2015503875969
40086,Fuentepelayo,2026-03-01,1,1.3106159895150722
40088,Fuenterrebollo,2026-03-01,0,0
46129,Fuenterrobles,2026-03-01,1,1.4749262536873156
16089,Fuentes,2026-03-01,0,0
50115,Fuentes de Ebro,2026-03-01,11,2.35344458707745
50116,Fuentes de Jiloca,2026-03-01,1,4.926108374384237
34076,Fuentes de Nava,2026-03-01,2,3.4364261168384878
37140,Fuentes de Oñoro,2026-03-01,0,0
49082,Fuentes de Ropel,2026-03-01,1,2.7027027027027026
34077,Fuentes de Valdepero,2026-03-01,1,2.0242914979757085
44114,Fuentespalda,2026-03-01,1,3.2679738562091503
09141,Fuentespina,2026-03-01,1,1.199040767386091
40092,Fuentidueña,2026-03-01,1,7.936507936507936
28060,Fuentidueña de Tajo,2026-03-01,9,3.800675675675676
23035,Fuerte del Rey,2026-03-01,4,2.949852507374631
25096,"Fuliola, La",2026-03-01,2,1.5661707126076743
31107,Funes,2026-03-01,6,2.320185614849188
31108,Fustiñana,2026-03-01,2,0.8240626287597858
18905,"Gabias, Las",2026-03-01,33,1.3887135462694105
20038,Gabiria,2026-03-01,0,0
03072,Gaianes,2026-03-01,4,6.825938566552901
12065,Gaibiel,2026-03-01,0,0
20037,Gaintza,2026-03-01,0,0
19125,Gajanejos,2026-03-01,1,18.867924528301884
37141,Gajates,2026-03-01,0,0
28061,Galapagar,2026-03-01,78,2.1192772721097675
31109,Galar,2026-03-01,0,0
21034,Galaroza,2026-03-01,4,2.917578409919767
48036,Galdakao,2026-03-01,57,2.3014495094278677
48037,Galdames,2026-03-01,1,1.2048192771084338
49085,Galende,2026-03-01,1,0.9794319294809011
18082,Galera,2026-03-01,0,0
43063,"Galera, La",2026-03-01,3,4.1039671682626535
26066,Galilea,2026-03-01,1,2.403846153846154
37142,Galindo y Perahuy,2026-03-01,2,2.7739251040221915
37143,Galinduste,2026-03-01,0,0
10076,Galisteo,2026-03-01,0,0
04048,"Gallardos, Los",2026-03-01,8,2.5731746542296556
09144,"Gallega, La",2026-03-01,6,176.47058823529412
05079,Gallegos de Altamiros,2026-03-01,0,0
47069,Gallegos de Hornija,2026-03-01,1,9.615384615384617
49086,Gallegos del Pan,2026-03-01,0,0
08087,Gallifa,2026-03-01,2,11.695906432748536
50117,Gallocanta,2026-03-01,1,7.8125
50118,Gallur,2026-03-01,2,0.7552870090634441
44115,Galve,2026-03-01,0,0
48038,Gamiz-Fika,2026-03-01,5,3.5335689045936394
49088,Gamones,2026-03-01,0,0
43064,Gandesa,2026-03-01,8,2.5388765471278956
46131,Gandia,2026-03-01,241,2.906801432896308
16093,Garaballa,2026-03-01,0,0
38015,Garachico,2026-03-01,3,0.6071645415907712
06056,Garbayuela,2026-03-01,0,0
43065,Garcia,2026-03-01,2,3.6036036036036037
10077,Garciaz,2026-03-01,0,0
37147,Garcibuey,2026-03-01,1,5.376344086021506
37149,Garcirrey,2026-03-01,0,0
31113,Garde,2026-03-01,0,0
28062,Garganta de los Montes,2026-03-01,1,2.2624434389140275
10079,Garganta la Olla,2026-03-01,0,0
10078,"Garganta, La",2026-03-01,0,0
43066,"Garidells, Els",2026-03-01,0,0
31115,Garralda,2026-03-01,0,0
42094,Garray,2026-03-01,2,2.5220680958385877
08088,"Garriga, La",2026-03-01,59,3.3935350281835963
17077,Garriguella,2026-03-01,4,4.044489383215369
41043,"Garrobo, El",2026-03-01,7,8.728179551122194
06058,"Garrovilla, La",2026-03-01,4,1.7308524448290783
04049,Garrucha,2026-03-01,12,1.1087498845052204
28064,Gascones,2026-03-01,2,8
11018,"Gastor, El",2026-03-01,4,2.3710729104919976
10084,Gata,2026-03-01,1,0.7457121551081282
03071,Gata de Gorgos,2026-03-01,30,4.409171075837742
48040,Gatika,2026-03-01,3,1.8359853121175032
48041,Gautegiz Arteaga,2026-03-01,0,0
46130,Gavarda,2026-03-01,3,2.923976608187134
05082,Gavilanes,2026-03-01,0,0
20907,Gaztelu,2026-03-01,0,0
37150,Gejuelo del Barro,2026-03-01,0,0
12067,Geldo,2026-03-01,1,1.5015015015015014
08091,Gelida,2026-03-01,26,3.173828125
50119,Gelsa,2026-03-01,1,1.002004008016032
41044,Gelves,2026-03-01,38,3.5991665088084868
05083,Gemuño,2026-03-01,1,6.802721088435374
29057,Genalguacil,2026-03-01,0,0
17078,Ger,2026-03-01,0,0
41045,Gerena,2026-03-01,4,0.502008032128514
47071,Geria,2026-03-01,1,2.0366598778004072
45069,Gerindote,2026-03-01,3,1.052262364082778
48046,Gernika-Lumo,2026-03-01,38,2.2246941045606228
46133,Gestalgar,2026-03-01,6,10.186757215619695
28065,Getafe,2026-03-01,453,2.3156194409798188
20039,Getaria,2026-03-01,5,1.7205781142463867
48044,Getxo,2026-03-01,131,1.7244329774770624
33024,Gijón,2026-03-01,430,1.5852008596949778
41046,Gilena,2026-03-01,4,1.094391244870041
46134,Gilet,2026-03-01,14,3.4938857000249564
41047,Gines,2026-03-01,30,2.1961932650073206
43067,Ginestar,2026-03-01,5,6.257822277847309
02035,"Gineta, La",2026-03-01,6,2.2624434389140275
17079,Girona,2026-03-01,384,3.544004725339634
08092,Gironella,2026-03-01,14,2.7548209366391188
08093,Gisclareny,2026-03-01,1,35.714285714285715
48047,Gizaburuaga,2026-03-01,1,5.1020408163265305
18083,Gobernador,2026-03-01,0,0
43068,Godall,2026-03-01,4,6.666666666666667
46135,Godella,2026-03-01,52,3.835939805252287
46136,Godelleta,2026-03-01,13,3.0162412993039442
31117,Goizueta,2026-03-01,2,2.932551319648094
42095,Golmayo,2026-03-01,4,1.2911555842479019
37151,Golpejas,2026-03-01,0,0
37152,Gomecello,2026-03-01,4,9.685230024213075
18085,Gor,2026-03-01,1,1.287001287001287
18086,Gorafe,2026-03-01,1,2.73224043715847
24077,Gordaliza del Pino,2026-03-01,1,4.149377593360996
48042,Gordexola,2026-03-01,5,2.893518518518518
10085,"Gordo, El",2026-03-01,1,2.688172043010753
24078,Gordoncillo,2026-03-01,1,3.246753246753247
03073,Gorga,2026-03-01,1,3.472222222222222
48043,Gorliz,2026-03-01,12,1.9877422560874605
24079,Gradefes,2026-03-01,1,1.128668171557562
33026,Grado,2026-03-01,19,1.967688483844242
22115,"Grado, El",2026-03-01,0,0
16095,Graja de Campalbo,2026-03-01,0,0
16096,Graja de Iniesta,2026-03-01,5,14.577259475218659
40097,Grajera,2026-03-01,2,7.905138339920948
18087,Granada,2026-03-01,609,2.588251294125647
08094,"Granada, La",2026-03-01,7,3.068829460762823
25101,"Granadella, La",2026-03-01,3,3.9946737683089215
33027,Grandas de Salime,2026-03-01,2,2.607561929595828
08095,Granera,2026-03-01,0,0
25102,"Granja d'Escarp, La",2026-03-01,6,6.036217303822937
49091,Granja de Moreruela,2026-03-01,1,4.3478260869565215
03074,Granja de Rocamora,2026-03-01,11,4.048582995951417
06059,Granja de Torrehermosa,2026-03-01,2,1.0454783063251436
46137,"Granja de la Costera, la",2026-03-01,0,0
14032,"Granjuela, La",2026-03-01,2,4.830917874396135
08096,Granollers,2026-03-01,208,3.1939560523931636
25103,Granyanella,2026-03-01,0,0
43069,Gratallops,2026-03-01,2,8.81057268722467
22117,Graus,2026-03-01,4,1.1761246692149367
11019,Grazalema,2026-03-01,3,1.509813789632612
09148,Grijalba,2026-03-01,2,17.094017094017097
34079,Grijota,2026-03-01,10,3.5236081747709656
50122,Grisel,2026-03-01,1,9.900990099009901
18088,Guadahortuna,2026-03-01,4,2.176278563656148
19130,Guadalajara,2026-03-01,246,2.6509192008448457
44120,Guadalaviar,2026-03-01,2,8.333333333333334
41048,Guadalcanal,2026-03-01,3,1.1773940345368916
28067,Guadalix de la Sierra,2026-03-01,20,2.8530670470756063
10087,Guadalupe,2026-03-01,37,21.511627906976745
45070,Guadamur,2026-03-01,3,1.6666666666666667
28068,Guadarrama,2026-03-01,34,1.937874038187518
46139,Guadassuar,2026-03-01,9,1.4955134596211366
46138,Guadasséquies,2026-03-01,5,10.460251046025103
18089,Guadix,2026-03-01,34,1.8011336547120835
08097,Gualba,2026-03-01,7,3.993154592127781
18093,Gualchos,2026-03-01,6,1.1496455259628282
17081,Gualta,2026-03-01,2,4.576659038901602
38018,"Guancha, La",2026-03-01,13,2.2911526260133948
46140,Guardamar de la Safor,2026-03-01,0,0
03076,Guardamar del Segura,2026-03-01,72,3.8832856911709186
45071,"Guardia, La",2026-03-01,2,0.9074410163339383
34080,Guardo,2026-03-01,11,2
06060,Guareña,2026-03-01,14,2.10178651854076
49093,Guarrate,2026-03-01,2,6.349206349206349
32034,"Gudiña, A",2026-03-01,2,1.670843776106934
43070,"Guiamets, Els",2026-03-01,2,7.905138339920948
14902,"Guijarrosa, La",2026-03-01,4,2.9090909090909087
10088,Guijo de Coria,2026-03-01,0,0
10089,Guijo de Galisteo,2026-03-01,1,0.6825938566552902
10090,Guijo de Granadilla,2026-03-01,1,2.008032128514056
14034,"Guijo, El",2026-03-01,1,2.932551319648094
37156,Guijuelo,2026-03-01,17,3.1004924311508297
41049,Guillena,2026-03-01,28,1.964774401796365
17082,Guils de Cerdanya,2026-03-01,1,1.7889087656529516
05089,Guisando,2026-03-01,1,2.1598272138228944
25110,Guissona,2026-03-01,15,1.9442644199611148
25111,Guixers,2026-03-01,2,16
08100,Gurb,2026-03-01,20,7.304601899196494
48045,Güeñes,2026-03-01,5,0.7336757153338225
06061,"Haba, La",2026-03-01,4,3.3783783783783785
26071,Haro,2026-03-01,27,2.221673660824488
39031,Hazas de Cesto,2026-03-01,1,0.5117707267144319
13047,Herencia,2026-03-01,10,1.155001155001155
45072,"Herencias, Las",2026-03-01,2,2.4390243902439024
10092,Herguijuela,2026-03-01,1,3.745318352059925
38021,Hermigua,2026-03-01,5,2.535496957403651
49094,Hermisende,2026-03-01,0,0
20040,Hernani,2026-03-01,38,1.864756109529885
05092,Hernansancho,2026-03-01,1,7.142857142857142
20041,Hernialde,2026-03-01,1,3.067484662576687
41050,Herrera,2026-03-01,22,3.341433778857837
34083,Herrera de Pisuerga,2026-03-01,5,2.669514148424987
34084,Herrera de Valdecañas,2026-03-01,1,6.666666666666667
50124,Herrera de los Navarros,2026-03-01,0,0
06063,Herrera del Duque,2026-03-01,2,0.5901445854234287
02038,"Herrera, La",2026-03-01,3,9.49367088607595
05094,Herreros de Suso,2026-03-01,0,0
10095,Herreruela,2026-03-01,3,9.146341463414634
16098,"Herrumblar, El",2026-03-01,3,3.694581280788177
23041,Higuera de Calatrava,2026-03-01,2,3.389830508474576
06066,Higuera de Vargas,2026-03-01,6,3.276897870016384
06064,Higuera de la Serena,2026-03-01,2,2.2701475595913734
21038,Higuera de la Sierra,2026-03-01,3,2.331002331002331
05095,Higuera de las Dueñas,2026-03-01,2,8.064516129032258
06067,Higuera la Real,2026-03-01,10,4.5662100456621
02039,Higueruela,2026-03-01,10,8.756567425569177
46141,Higueruelas,2026-03-01,1,1.7605633802816902
05096,"Hija de Dios, La",2026-03-01,0,0
49095,"Hiniesta, La",2026-03-01,0,0
10098,Hinojal,2026-03-01,2,5.115089514066496
21039,Hinojales,2026-03-01,1,3.1847133757961785
23042,Hinojares,2026-03-01,0,0
21040,Hinojos,2026-03-01,6,1.4524328249818446
45074,Hinojosa de San Vicente,2026-03-01,0,0
14035,Hinojosa del Duque,2026-03-01,7,1.0714832389407625
06068,Hinojosa del Valle,2026-03-01,1,2.0964360587002098
16099,"Hinojosa, La",2026-03-01,1,5.46448087431694
16100,"Hinojosos, Los",2026-03-01,3,4.291845493562231
28069,"Hiruela, La",2026-03-01,723,8215.909090909092
19138,Hita,2026-03-01,1,2.985074626865672
16101,"Hito, El",2026-03-01,0,0
10099,Holguera,2026-03-01,1,1.7035775127768313
20036,Hondarribia,2026-03-01,31,1.848759541984733
16102,Honrubia,2026-03-01,5,3.287310979618672
45075,Hontanar,2026-03-01,1,7.142857142857142
40101,Hontanares de Eresma,2026-03-01,4,2.3837902264600714
09160,Hontangas,2026-03-01,0,0
19142,Hontoba,2026-03-01,1,2.109704641350211
09164,Hontoria de Valdearados,2026-03-01,0,0
09162,Hontoria de la Cantera,2026-03-01,1,5.813953488372093
09163,Hontoria del Pinar,2026-03-01,0,0
05097,"Horcajada, La",2026-03-01,0,0
37162,Horcajo Medianero,2026-03-01,0,0
16106,Horcajo de Santiago,2026-03-01,5,1.2600806451612903
05099,Horcajo de las Torres,2026-03-01,1,2.352941176470588
13049,Horcajo de los Montes,2026-03-01,1,1.25
28071,Horcajuelo de la Sierra,2026-03-01,0,0
19143,Horche,2026-03-01,13,4.180064308681672
09166,"Hormazas, Las",2026-03-01,0,0
45076,Hormigos,2026-03-01,1,0.9633911368015414
26075,Hormilla,2026-03-01,3,6.8181818181818175
26076,Hormilleja,2026-03-01,0,0
06069,Hornachos,2026-03-01,4,1.1827321111768185
14036,Hornachuelos,2026-03-01,2,0.45724737082761774
34087,Hornillos de Cerrato,2026-03-01,1,5.813953488372093
09168,"Horra, La",2026-03-01,1,3.389830508474576
43071,Horta de Sant Joan,2026-03-01,3,2.5951557093425603
17083,Hostalric,2026-03-01,8,1.7921146953405018
09170,Hoyales de Roa,2026-03-01,0,0
28072,Hoyo de Manzanares,2026-03-01,24,2.5742786656655583
05102,"Hoyo de Pinares, El",2026-03-01,1,0.4576659038901602
05101,Hoyocasero,2026-03-01,1,3.389830508474576
10100,Hoyos,2026-03-01,1,1.176470588235294
05105,Hoyos del Espino,2026-03-01,0,0
45077,Huecas,2026-03-01,10,11.123470522803116
23044,Huelma,2026-03-01,5,0.9117432530999271
21041,Huelva,2026-03-01,364,2.531751220665767
37164,Huerta,2026-03-01,11,38.59649122807018
09173,Huerta de Arriba,2026-03-01,1,8.264462809917356
09174,Huerta de Rey,2026-03-01,3,3.374578177727784
23045,Huesa,2026-03-01,4,1.6604400166044002
22125,Huesca,2026-03-01,136,2.4712445260116658
16112,Huete,2026-03-01,4,2.206287920573635
19150,Hueva,2026-03-01,0,0
09175,Humada,2026-03-01,1,8.849557522123893
28073,Humanes de Madrid,2026-03-01,78,3.795805148669035
29059,Humilladero,2026-03-01,13,3.8404726735598227
34088,Husillos,2026-03-01,1,2.4213075060532687
18101,Huétor Vega,2026-03-01,1,0.08145975887911372
18099,Huétor de Santillán,2026-03-01,0,0
10102,Ibahernando,2026-03-01,0,0
20042,Ibarra,2026-03-01,6,1.463771651622347
48048,Ibarrangelu,2026-03-01,0,0
50125,Ibdes,2026-03-01,0,0
09177,Ibeas de Juarros,2026-03-01,3,1.9946808510638296
03079,Ibi,2026-03-01,52,2.1085070148406455
23046,Ibros,2026-03-01,6,2.158273381294964
20043,Idiazabal,2026-03-01,6,2.7039206849932405
31259,Igantzi,2026-03-01,2,3.4602076124567476
26080,Igea,2026-03-01,1,1.5552099533437014
09179,Iglesiarrubia,2026-03-01,1,22.22222222222222
09180,Iglesias,2026-03-01,1,7.462686567164179
44126,"Iglesuela del Cid, La",2026-03-01,0,0
45079,"Iglesuela, La",2026-03-01,2,4.464285714285714
48094,Igorre,2026-03-01,8,1.8458698661744346
08102,Igualada,2026-03-01,93,2.1908643313152254
29060,Igualeja,2026-03-01,0,0
20044,Ikaztegieta,2026-03-01,1,2.008032128514056
22128,Ilche,2026-03-01,1,5.347593582887701
19152,Illana,2026-03-01,2,2.0768431983385254
45081,Illescas,2026-03-01,103,3.1054964271715866
50126,Illueca,2026-03-01,5,1.8011527377521612
07027,Inca,2026-03-01,98,2.716487415456259
35011,Ingenio,2026-03-01,36,1.0960238689642576
16113,Iniesta,2026-03-01,22,4.851157662624035
31127,Irañeta,2026-03-01,2,11.627906976744185
15039,Irixoa,2026-03-01,0,0
23047,"Iruela, La",2026-03-01,1,0.5488474204171241
37165,Iruelos,2026-03-01,0,0
20045,Irun,2026-03-01,158,2.4789368812463715
20046,Irura,2026-03-01,7,3.721424774056353
01027,Iruraiz-Gauna,2026-03-01,0,0
31904,Irurtzun,2026-03-01,1,0.4351610095735422
21042,Isla Cristina,2026-03-01,36,1.6653559698385532
41902,Isla Mayor,2026-03-01,8,1.3888888888888888
48049,Ispaster,2026-03-01,1,1.3869625520110958
34089,Itero de la Vega,2026-03-01,1,6.802721088435374
20047,Itsasondo,2026-03-01,3,4.3604651162790695
40104,Ituero y Lama,2026-03-01,1,2.032520325203252
31130,Iturmendi,2026-03-01,1,2.331002331002331
48910,Iurreta,2026-03-01,48,12.32349165596919
25113,Ivars d'Urgell,2026-03-01,2,1.2515644555694618
25112,Ivars de Noguera,2026-03-01,1,3.1446540880503147
25114,Ivorra,2026-03-01,1,9.900990099009901
18105,Iznalloz,2026-03-01,4,0.768344218209758
29062,Iznate,2026-03-01,3,3.1545741324921135
23048,Iznatoraf,2026-03-01,1,1.1441647597254005
48050,Izurtza,2026-03-01,0,0
23049,Jabalquinto,2026-03-01,4,2.058672156459084
21043,Jabugo,2026-03-01,1,0.4574565416285453
22130,Jaca,2026-03-01,20,1.4273479874393378
03080,Jacarilla,2026-03-01,9,4.128440366972478
19156,Jadraque,2026-03-01,3,1.963350785340314
17085,Jafre,2026-03-01,3,7.8125
46142,Jalance,2026-03-01,1,1.2254901960784315
49096,Jambrina,2026-03-01,1,6.7114093959731544
23051,Jamilena,2026-03-01,8,2.411817907747965
12070,"Jana, la",2026-03-01,0,0
46144,Jarafuel,2026-03-01,3,3.8167938931297707
10103,Jaraicejo,2026-03-01,1,2.3923444976076556
09183,Jaramillo de la Fuente,2026-03-01,1,22.22222222222222
50130,Jarque,2026-03-01,1,2.6666666666666665
22131,Jasa,2026-03-01,0,0
31134,Jaurrieta,2026-03-01,1,5.58659217877095
18107,Jayena,2026-03-01,2,2.0100502512562817
23050,Jaén,2026-03-01,339,3.0235731677949325
11020,Jerez de la Frontera,2026-03-01,878,4.083246134170445
06070,Jerez de los Caballeros,2026-03-01,15,1.647627416520211
18108,Jerez del Marquesado,2026-03-01,2,2.0942408376963355
10107,Jerte,2026-03-01,8,6.672226855713094
18109,Jete,2026-03-01,4,4.004004004004004
23052,Jimena,2026-03-01,3,2.450980392156863
11021,Jimena de la Frontera,2026-03-01,13,1.9033674963396778
24086,Joarilla de las Matas,2026-03-01,0,0
17086,"Jonquera, La",2026-03-01,7,2.0527859237536656
08103,Jorba,2026-03-01,4,4.7114252061248525
44130,Jorcas,2026-03-01,0,0
02041,Jorquera,2026-03-01,1,2.793296089385475
50132,"Joyosa, La",2026-03-01,1,0.8695652173913044
40106,Juarros de Voltoya,2026-03-01,2,10.695187165775401
29064,Jubrique,2026-03-01,2,3.372681281618887
30022,Jumilla,2026-03-01,57,2.0777137858132244
18111,Jun,2026-03-01,15,3.6214389183969096
25119,Juneda,2026-03-01,11,3.122338915696849
18112,Juviles,2026-03-01,1,6.666666666666667
48907,Kortezubi,2026-03-01,2,4.4543429844097995
01019,Kripan,2026-03-01,1,5.714285714285714
01020,Kuartango,2026-03-01,0,0
40107,Labajos,2026-03-01,1,9.5238095238095255
13050,"Labores, Las",2026-03-01,2,3.629764065335753
22133,Labuerda,2026-03-01,0,0
10108,Ladrillar,2026-03-01,0,0
45082,Lagartera,2026-03-01,2,1.529051987767584
01031,Laguardia,2026-03-01,5,3.4059945504087192
24087,Laguna Dalga,2026-03-01,0,0
26082,Laguna de Cameros,2026-03-01,0,0
40108,Laguna de Contreras,2026-03-01,1,9.09090909090909
47076,Laguna de Duero,2026-03-01,27,1.1739640853950173
24088,Laguna de Negrillos,2026-03-01,3,2.835538752362949
16116,Lagunaseca,2026-03-01,0,0
37168,Lagunilla,2026-03-01,0,0
23040,Lahiguera,2026-03-01,0,0
31138,Lakuntza,2026-03-01,2,1.4970059880239521
22135,Laluenga,2026-03-01,1,4.975124378109452
22136,Lalueza,2026-03-01,3,3.5377358490566038
22137,Lanaja,2026-03-01,1,0.8764241893076249
16117,Landete,2026-03-01,2,1.644736842105263
05109,Langa,2026-03-01,0,0
42103,Langa de Duero,2026-03-01,1,1.4388489208633093
47077,Langayo,2026-03-01,1,4.065040650406504
18117,Lanteira,2026-03-01,4,7.5046904315197
31140,Lantz,2026-03-01,0,0
06071,"Lapa, La",2026-03-01,1,3.3557046979865772
01033,Lapuebla de Labarca,2026-03-01,3,3.35195530726257
15041,"Laracha, A",2026-03-01,3,0.2548203516520853
26084,Lardero,2026-03-01,47,3.884297520661157
39035,Laredo,2026-03-01,14,1.3114754098360655
48052,Larrabetzu,2026-03-01,5,2.454590083456063
31142,Larraga,2026-03-01,5,2.314814814814815
31143,Larraona,2026-03-01,0,0
20048,Larraul,2026-03-01,0,0
37169,Larrodrigo,2026-03-01,1,5.649717514124294
23054,Larva,2026-03-01,2,4.535147392290249
20902,Lasarte-Oria,2026-03-01,28,1.442332457631484
22144,Laspuña,2026-03-01,1,3.5842293906810037
40112,"Lastrilla, La",2026-03-01,6,1.2578616352201257
48053,Laukiz,2026-03-01,3,2.4174053182917006
15040,Laxe,2026-03-01,4,1.3884068031933356
45083,Layos,2026-03-01,7,7.502679528403001
20049,Lazkao,2026-03-01,7,1.1522633744855968
20050,Leaburu,2026-03-01,0,0
41053,Lebrija,2026-03-01,72,2.5930060863615085
50137,Leciñena,2026-03-01,3,2.7598896044158234
19159,Ledanca,2026-03-01,1,9.900990099009901
16118,Ledaña,2026-03-01,4,2.5252525252525255
37170,Ledesma,2026-03-01,2,1.3458950201884252
37171,Ledrada,2026-03-01,2,4.1928721174004195
16119,Leganiel,2026-03-01,1,4.424778761061947
28074,Leganés,2026-03-01,424,2.1638614720382146
31147,Legarda,2026-03-01,0,0
31148,Legaria,2026-03-01,1,8.771929824561402
20051,Legazpi,2026-03-01,18,2.150537634408602
20052,Legorreta,2026-03-01,4,2.7472527472527473
01058,Legutio,2026-03-01,3,1.4326647564469914
48054,Leioa,2026-03-01,84,2.568179038767274
32040,Leiro,2026-03-01,1,0.6600660066006601
31149,Leitza,2026-03-01,2,0.6611570247933884
26087,Leiva,2026-03-01,2,8.73362445414847
48057,Lekeitio,2026-03-01,9,1.2482662968099862
31908,Lekunberri,2026-03-01,2,1.1448196908986834
48055,Lemoa,2026-03-01,12,3.323179174743838
48056,Lemoiz,2026-03-01,4,2.969561989606533
21044,Lepe,2026-03-01,67,2.2431283270280225
09194,Lerma,2026-03-01,4,1.5105740181268883
25121,Les,2026-03-01,6,5.7034220532319395
31153,Lesaka,2026-03-01,15,5.524861878453039
02042,Letur,2026-03-01,2,2.2026431718061676
50139,Letux,2026-03-01,1,2.8328611898017
48081,Lezama,2026-03-01,4,1.646090534979424
20053,Lezo,2026-03-01,18,2.9065073470046827
02043,Lezuza,2026-03-01,1,0.7733952049497294
24089,León,2026-03-01,268,2.159705377505218
30023,Librilla,2026-03-01,66,11.197828299966067
39036,Liendo,2026-03-01,1,0.8210180623973727
45084,Lillo,2026-03-01,11,4.339250493096647
39038,Limpias,2026-03-01,5,2.501250625312656
23055,Linares,2026-03-01,98,1.759773025193485
44137,Linares de Mora,2026-03-01,0,0
21045,Linares de la Sierra,2026-03-01,2,7.194244604316547
25122,Linyola,2026-03-01,8,2.903811252268602
20054,Lizartza,2026-03-01,1,1.4771048744460857
08104,"Llacuna, La",2026-03-01,3,3.1217481789802286
25123,Lladorre,2026-03-01,1,4.065040650406504
25124,Lladurs,2026-03-01,2,10.752688172043012
08105,"Llagosta, La",2026-03-01,29,2.1880187113324276
17089,Llagostera,2026-03-01,25,2.609875769913352
24092,Llamas de la Ribera,2026-03-01,0,0
17090,Llambilles,2026-03-01,7,9.562841530054644
17091,Llanars,2026-03-01,2,3.8684719535783367
46154,Llanera de Ranes,2026-03-01,1,0.945179584120983
33036,Llanes,2026-03-01,7,0.5174070515189593
47079,Llano de Olmedo,2026-03-01,0,0
13904,Llanos del Caudillo,2026-03-01,3,4.53857791225416
25125,Llardecans,2026-03-01,2,4.504504504504505
25120,Lleida,2026-03-01,548,3.7185568199553503
06073,Llera,2026-03-01,0,0
06074,Llerena,2026-03-01,11,1.9424333392194948
17093,Llers,2026-03-01,25,19.71608832807571
25129,Llobera,2026-03-01,0,0
46153,Llocnou de Sant Jeroni,2026-03-01,1,1.6891891891891893
46156,Llombai,2026-03-01,6,2.1528525296017222
17095,Lloret de Mar,2026-03-01,158,3.7669273316803356
07028,Lloret de Vistalegre,2026-03-01,4,2.3571007660577488
46157,"Llosa de Ranes, la",2026-03-01,5,1.3273161667109106
12074,"Llosa, la",2026-03-01,1,0.9689922480620154
07029,Lloseta,2026-03-01,14,2.1344717182497335
07030,Llubí,2026-03-01,2,0.7692307692307693
07031,Llucmajor,2026-03-01,90,2.2249690976514214
46150,Llutxent,2026-03-01,12,5.201560468140443
46147,Llíria,2026-03-01,55,2.1473470503260064
22149,Loarre,2026-03-01,2,5.602240896358543
18121,Lobras,2026-03-01,0,0
31157,Lodosa,2026-03-01,9,1.8211250505868068
28075,Loeches,2026-03-01,31,3.3258234095054178
26089,Logroño,2026-03-01,386,2.5448144461072912
48903,Loiu,2026-03-01,8,3.4144259496372174
18122,Loja,2026-03-01,44,2.1029489079003967
34096,Lomas,2026-03-01,0,0
45085,Lominchar,2026-03-01,6,2.0100502512562817
47078,Lomoviejo,2026-03-01,0,0
50143,Longares,2026-03-01,3,3.7267080745341614
23056,Lopera,2026-03-01,6,1.7152658662092624
22150,Loporzano,2026-03-01,0,0
41054,Lora de Estepa,2026-03-01,1,1.124859392575928
19160,Loranca de Tajuña,2026-03-01,5,3.037667071688943
30024,Lorca,2026-03-01,177,1.7948951963737032
46148,Loriguilla,2026-03-01,12,5.4945054945054945
46149,Losa del Obispo,2026-03-01,1,1.8867924528301887
40113,"Losa, La",2026-03-01,1,1.8484288354898337
10110,Losar de la Vera,2026-03-01,4,1.4265335235378032
22151,Loscorrales,2026-03-01,2,20.408163265306122
44138,Loscos,2026-03-01,0,0
15042,Lousame,2026-03-01,4,1.3071895424836601
04060,Lucainena de las Torres,2026-03-01,2,2.758620689655172
14038,Lucena,2026-03-01,88,2.02718267680258
21046,Lucena del Puerto,2026-03-01,6,1.7482517482517483
50147,Luceni,2026-03-01,2,1.996007984031936
13051,Luciana,2026-03-01,2,5.714285714285714
24090,Lucillo,2026-03-01,1,2.793296089385475
49101,Luelmo,2026-03-01,0,0
27028,Lugo,2026-03-01,234,2.3383397787570823
41056,"Luisiana, La",2026-03-01,8,1.7316017316017316
31159,Lumbier,2026-03-01,4,2.973977695167286
37173,Lumbrales,2026-03-01,4,2.6578073089700998
50150,Lumpiaque,2026-03-01,1,1.124859392575928
50151,Luna,2026-03-01,0,0
14039,Luque,2026-03-01,5,1.783166904422254
04062,Macael,2026-03-01,14,2.5594149908592323
46158,Macastre,2026-03-01,3,2.025658338960162
32043,Maceda,2026-03-01,5,1.7409470752089136
29066,Macharaviaya,2026-03-01,287,549.8084291187739
37174,Macotera,2026-03-01,2,1.9821605550049552
28078,Madarcos,2026-03-01,1,14.492753623188406
49102,"Maderal, El",2026-03-01,0,0
40115,Maderuelo,2026-03-01,1,9.900990099009901
28079,Madrid,2026-03-01,8340,2.398276691539921
49103,Madridanos,2026-03-01,0,0
45087,Madridejos,2026-03-01,14,1.3899920571882447
10111,Madrigal de la Vera,2026-03-01,1,0.651890482398957
10112,Madrigalejo,2026-03-01,7,4.100761570005858
09197,Madrigalejo del Monte,2026-03-01,1,6.211180124223602
02045,Madrigueras,2026-03-01,7,1.4989293361884368
37176,Madroñal,2026-03-01,2,15.625
10113,Madroñera,2026-03-01,2,0.8481764206955047
41057,"Madroño, El",2026-03-01,0,0
50152,Maella,2026-03-01,2,0.9332711152589828
05115,Maello,2026-03-01,4,5.532503457814661
06075,Magacela,2026-03-01,0,0
34098,Magaz de Pisuerga,2026-03-01,4,3.755868544600939
06076,Maguilla,2026-03-01,0,0
49104,Mahide,2026-03-01,1,3.3444816053511706
02046,Mahora,2026-03-01,2,1.3531799729364007
25133,Maials,2026-03-01,1,1.0582010582010584
50154,Mainar,2026-03-01,1,6.172839506172839
41058,Mairena del Alcor,2026-03-01,49,2.0119898168678656
41059,Mairena del Aljarafe,2026-03-01,118,2.456695536309127
28080,Majadahonda,2026-03-01,3958,53.731910618772226
10114,Majadas,2026-03-01,4,3.1446540880503147
19167,Malaguilla,2026-03-01,0,0
18126,"Malahá, La",2026-03-01,3,1.5552099533437014
50155,Malanquilla,2026-03-01,1,14.084507042253522
06077,Malcocinado,2026-03-01,1,2.849002849002849
08110,Malgrat de Mar,2026-03-01,67,3.413143148242486
08111,Malla,2026-03-01,1,3.4965034965034967
48058,Mallabia,2026-03-01,7,6.334841628959276
10116,Malpartida de Plasencia,2026-03-01,14,3.001715265866209
06078,Malpartida de la Serena,2026-03-01,0,0
15043,Malpica de Bergantiños,2026-03-01,2,0.3811701924909472
45089,Malpica de Tajo,2026-03-01,5,2.983293556085919
50159,Maluenda,2026-03-01,2,2.232142857142857
49107,Malva,2026-03-01,1,10.869565217391305
05117,Mamblas,2026-03-01,0,0
07033,Manacor,2026-03-01,92,1.8670725520040587
37179,Mancera de Abajo,2026-03-01,0,0
23058,Mancha Real,2026-03-01,21,1.8294276504922031
06079,Manchita,2026-03-01,0,0
07034,Mancor de la Vall,2026-03-01,6,3.5481963335304556
19168,Mandayona,2026-03-01,0,0
29068,Manilva,2026-03-01,62,3.436045222788739
46159,Manises,2026-03-01,53,1.6184688673771643
08112,Manlleu,2026-03-01,60,2.8141269171239625
34099,Manquillos,2026-03-01,1,16.129032258064516
08113,Manresa,2026-03-01,213,2.639666881475239
24095,Mansilla Mayor,2026-03-01,0,0
24094,Mansilla de las Mulas,2026-03-01,6,3.5231943628890194
46160,Manuel,2026-03-01,4,1.5661707126076743
49110,Manzanal de Arriba,2026-03-01,0,0
13053,Manzanares,2026-03-01,45,2.5425165263574216
28082,Manzanares el Real,2026-03-01,28,2.895553257497415
32044,Manzaneda,2026-03-01,2,2.607561929595828
45090,Manzaneque,2026-03-01,1,2.403846153846154
44143,Manzanera,2026-03-01,0,0
21047,Manzanilla,2026-03-01,5,2.2644927536231885
37180,"Manzano, El",2026-03-01,0,0
45091,Maqueda,2026-03-01,4,7.326007326007326
18127,Maracena,2026-03-01,46,2.056141605578402
40118,Marazuela,2026-03-01,2,34.48275862068965
29069,Marbella,2026-03-01,641,3.9943169780281407
10117,Marchagaz,2026-03-01,2,8.658008658008658
18128,Marchal,2026-03-01,0,0
19171,Marchamalo,2026-03-01,16,1.8409849269359109
41060,Marchena,2026-03-01,34,1.7511330861145447
31163,Marcilla,2026-03-01,7,2.3858214042263124
08242,Marganell,2026-03-01,1,3.215434083601286
07035,Maria de la Salut,2026-03-01,13,5.291005291005291
16122,Mariana,2026-03-01,0,0
41061,Marinaleda,2026-03-01,2,0.7757951900698216
46161,Marines,2026-03-01,7,3.540718259989884
21048,"Marines, Los",2026-03-01,0,0
45092,Marjaliza,2026-03-01,6,22.900763358778626
48060,Markina-Xemein,2026-03-01,6,1.1773940345368916
23059,Marmolejo,2026-03-01,10,1.5556938394523958
50902,Marracos,2026-03-01,1,12.195121951219512
45093,Marrupe,2026-03-01,0,0
37181,Martiago,2026-03-01,0,0
08114,Martorell,2026-03-01,340,11.72858670530201
08115,Martorelles,2026-03-01,16,3.2083416883898135
23060,Martos,2026-03-01,37,1.5138496788183788
48061,Maruri-Jatabe,2026-03-01,3,2.657218777679362
47081,Marzales,2026-03-01,0,0
43077,Mas de Barberans,2026-03-01,1,1.8691588785046729
44145,Mas de las Matas,2026-03-01,1,0.8156606851549756
17100,Masarac,2026-03-01,3,10.309278350515465
45094,Mascaraque,2026-03-01,1,2.2522522522522523
43078,Masdenverge,2026-03-01,1,0.8733624454148472
19172,Masegoso de Tajuña,2026-03-01,1,11.904761904761903
32045,Maside,2026-03-01,3,1.0861694424330195
08116,"Masies de Roda, Les",2026-03-01,4,5.277044854881266
43079,Masllorenç,2026-03-01,0,0
08118,"Masnou, El",2026-03-01,85,3.4375379140211106
43081,Maspujols,2026-03-01,1,1.0905125408942202
08119,Masquefa,2026-03-01,26,2.571456829195925
43082,"Masroig, El",2026-03-01,1,2.0964360587002098
46163,Massalfassar,2026-03-01,6,2.207505518763797
46164,Massamagrell,2026-03-01,39,2.2204509223411524
46165,Massanassa,2026-03-01,48,4.513823584728231
17101,Massanes,2026-03-01,10,11.350737797956867
25132,Massoteres,2026-03-01,2,8.849557522123893
37184,Masueco,2026-03-01,0,0
12075,"Mata de Morella, la",2026-03-01,1,5.025125628140704
44146,"Mata de los Olmos, La",2026-03-01,1,3.8314176245210727
45095,"Mata, La",2026-03-01,1,1.095290251916758
40123,Matabuena,2026-03-01,3,14.492753623188406
08120,Matadepera,2026-03-01,33,3.364600326264274
42110,Matalebreras,2026-03-01,2,24.096385542168676
38025,"Matanza de Acentejo, La",2026-03-01,17,1.8648530057042563
47082,Matapozuelos,2026-03-01,4,4.102564102564102
19173,Matarrubia,2026-03-01,1,10
08121,Mataró,2026-03-01,413,3.1437923422394762
12076,Matet,2026-03-01,0,0
47083,Matilla de los Caños,2026-03-01,1,8.547008547008549
40125,"Matilla, La",2026-03-01,0,0
26095,Matute,2026-03-01,0,0
47084,Mayorga,2026-03-01,2,1.4705882352941175
45096,Mazarambroz,2026-03-01,5,3.930817610062893
15045,Mazaricos,2026-03-01,8,2.1447721179624666
34102,Mazariegos,2026-03-01,1,4.9504950495049505
39041,Mazcuerras,2026-03-01,1,0.48426150121065376
19176,Mazuecos,2026-03-01,0,0
09206,Mazuela,2026-03-01,2,36.36363636363636
17102,Maçanet de Cabrenys,2026-03-01,0,0
17103,Maçanet de la Selva,2026-03-01,21,2.6038437693738374
48059,Mañaria,2026-03-01,1,1.8484288354898337
31161,Mañeru,2026-03-01,0,0
09208,Mecerreyes,2026-03-01,0,0
28083,Meco,2026-03-01,53,3.316853370048188
05123,Mediana de Voltoya,2026-03-01,0,0
09209,Medina de Pomar,2026-03-01,8,1.2993340912782199
47086,Medina de Rioseco,2026-03-01,4,0.8671146759158899
06081,Medina de las Torres,2026-03-01,2,1.7196904557179709
47085,Medina del Campo,2026-03-01,23,1.1364759363573476
42113,Medinaceli,2026-03-01,0,0
08122,Mediona,2026-03-01,8,3.003003003003003
26096,Medrano,2026-03-01,0,0
47087,Megeces,2026-03-01,1,2.3696682464454977
45097,Mejorada,2026-03-01,1,0.7168458781362007
28084,Mejorada del Campo,2026-03-01,78,3.122998078155029
47088,Melgar de Abajo,2026-03-01,0,0
47089,Melgar de Arriba,2026-03-01,1,6.134969325153374
09211,Melgar de Fernamental,2026-03-01,3,1.9933554817275745
49116,Melgar de Tera,2026-03-01,0,0
34104,Melgar de Yuso,2026-03-01,1,3.663003663003663
46166,Meliana,2026-03-01,17,1.539018649284809
15046,Melide,2026-03-01,19,2.423469387755102
52001,Melilla,2026-03-01,267,3.066603879770751
13054,Membrilla,2026-03-01,14,2.413793103448276
19179,Membrillera,2026-03-01,1,10.526315789473683
45098,Menasalbas,2026-03-01,7,2.80561122244489
20901,Mendaro,2026-03-01,2,0.9881422924901185
48062,Mendata,2026-03-01,1,2.617801047120419
31165,Mendavia,2026-03-01,2,0.556947925368978
31166,Mendaza,2026-03-01,0,0
48063,Mendexa,2026-03-01,1,2.347417840375587
34106,Meneses de Campos,2026-03-01,1,9.174311926605505
06082,Mengabril,2026-03-01,0,0
50165,Mequinenza,2026-03-01,3,1.3398838767306833
32047,"Merca, A",2026-03-01,1,0.5060728744939271
07037,"Mercadal, Es",2026-03-01,11,1.7035775127768313
16124,"Mesas, Las",2026-03-01,0,0
45100,Mesegar de Tajo,2026-03-01,1,4.926108374384237
50166,Mesones de Isuela,2026-03-01,0,0
13055,Mestanza,2026-03-01,2,3.1446540880503147
50167,Mezalocha,2026-03-01,1,5.076142131979695
32048,"Mezquita, A",2026-03-01,2,2.0181634712411705
48064,Meñaka,2026-03-01,5,6.345177664974619
10121,Miajadas,2026-03-01,22,2.3421697008410516
49117,Micereces de Tera,2026-03-01,2,4.9504950495049505
39044,Miengo,2026-03-01,2,0.37929072634174094
33037,Mieres,2026-03-01,35,0.962384513858337
17105,Mieres,2026-03-01,35,95.10869565217392
37190,Mieza,2026-03-01,1,5.88235294117647
45101,Miguel Esteban,2026-03-01,5,1.055297593921486
13056,Miguelturra,2026-03-01,26,1.6362492133417244
05127,Mijares,2026-03-01,4,5.58659217877095
29070,Mijas,2026-03-01,222,2.3536895674300253
31169,Milagro,2026-03-01,7,1.8776824034334765
09218,Milagros,2026-03-01,2,4.914004914004914
37191,"Milano, El",2026-03-01,1,11.363636363636363
19184,Millana,2026-03-01,0,0
46167,Millares,2026-03-01,0,0
21049,Minas de Riotinto,2026-03-01,12,3.2423669278573355
02048,Minaya,2026-03-01,2,1.4184397163120568
16125,Minglanilla,2026-03-01,16,6.63075010360547
16126,Mira,2026-03-01,6,6.423982869379015
10123,Mirabel,2026-03-01,1,1.6129032258064515
28085,Miraflores de la Sierra,2026-03-01,19,2.590320381731425
25135,Miralcamp,2026-03-01,3,2.207505518763797
46168,Miramar,2026-03-01,4,1.272264631043257
31171,Miranda de Arga,2026-03-01,3,3.3259423503325944
09219,Miranda de Ebro,2026-03-01,60,1.6385831717508261
37193,Miranda del Castañar,2026-03-01,1,2.770083102493075
06084,Mirandilla,2026-03-01,0,0
09220,Miraveche,2026-03-01,1,10.752688172043012
43084,Miravet,2026-03-01,2,2.8530670470756063
46169,Mislata,2026-03-01,84,1.7871199710656767
15048,Miño,2026-03-01,11,1.5479876160990713
42115,Miño de Medinaceli,2026-03-01,0,0
29071,Moclinejo,2026-03-01,3,2.441008950366151
15049,Moeche,2026-03-01,1,0.8312551953449709
37194,Mogarraz,2026-03-01,0,0
21050,Moguer,2026-03-01,57,2.373615391021904
10124,Mohedas de Granadilla,2026-03-01,3,3.6363636363636362
47090,Mojados,2026-03-01,6,1.7421602787456445
04903,"Mojonera, La",2026-03-01,35,4.027617951668585
49119,Molacillos,2026-03-01,1,4.524886877828055
43085,"Molar, El",2026-03-01,22,73.08970099667775
28086,"Molar, El",2026-03-01,22,2.206619859578736
41063,"Molares, Los",2026-03-01,5,1.3627691469065142
30027,Molina de Segura,2026-03-01,116,1.4831862933128757
24100,Molinaseca,2026-03-01,3,3.464203233256351
02049,Molinicos,2026-03-01,1,1.3227513227513228
44151,Molinos,2026-03-01,2,8.583690987124463
28087,"Molinos, Los",2026-03-01,12,2.4645717806531118
08123,Molins de Rei,2026-03-01,88,3.224506247480855
39046,Molledo,2026-03-01,1,0.6680026720106881
25137,Mollerussa,2026-03-01,40,2.4975024975024973
17106,Mollet de Peralada,2026-03-01,2,9.900990099009901
29072,Mollina,2026-03-01,15,2.687208885704049
18134,Monachil,2026-03-01,13,1.4983863531581374
19191,Monasterio,2026-03-01,0,0
09224,Monasterio de Rodilla,2026-03-01,0,0
46171,Moncada,2026-03-01,49,2.2020492539996406
12077,Moncofa,2026-03-01,18,2.1569802276812466
29073,Monda,2026-03-01,8,2.6367831245880025
36031,Mondariz-Balneario,2026-03-01,1,1.3513513513513513
50170,Monegrillo,2026-03-01,2,5.291005291005291
06085,Monesterio,2026-03-01,4,0.9416195856873822
50171,Moneva,2026-03-01,1,9.345794392523365
49122,Monfarracinos,2026-03-01,2,1.998001998001998
03088,Monforte del Cid,2026-03-01,33,3.5211267605633805
08128,Monistrol de Calders,2026-03-01,3,3.926701570680628
08127,Monistrol de Montserrat,2026-03-01,7,2.1651716671821837
37198,Monleras,2026-03-01,1,4.149377593360996
50172,Monreal de Ariza,2026-03-01,2,11.428571428571429
44153,Monreal del Campo,2026-03-01,2,0.7751937984496124
10125,Monroy,2026-03-01,1,1.1001100110011
43091,Mont-ral,2026-03-01,1,5.681818181818182
17110,Mont-ras,2026-03-01,5,2.9585798816568047
43092,Mont-roig del Camp,2026-03-01,19,1.2967512967512969
16129,Montalbanejo,2026-03-01,0,0
16130,Montalbo,2026-03-01,2,2.793296089385475
02050,Montalvos,2026-03-01,0,0
49123,Montamarta,2026-03-01,1,1.8214936247723132
12079,Montanejos,2026-03-01,2,3.0721966205837172
46173,Montaverner,2026-03-01,2,1.2172854534388313
43086,Montblanc,2026-03-01,16,2.1141649048625792
08125,Montcada i Reixac,2026-03-01,163,4.35293489291246
08130,Montclar,2026-03-01,2,15.037593984962406
31173,Monteagudo,2026-03-01,23,21.256931608133087
44156,Monteagudo del Castillo,2026-03-01,0,0
02051,Montealegre del Castillo,2026-03-01,1,0.4880429477794046
29903,Montecorto,2026-03-01,54,91.52542372881356
32049,Montederramo,2026-03-01,1,1.5174506828528074
10127,Montehermoso,2026-03-01,15,2.6925148088314486
29074,Montejaque,2026-03-01,1124,1188.1606765327695
37200,Montejo,2026-03-01,0,0
28088,Montejo de la Sierra,2026-03-01,2,4.901960784313726
41064,Montellano,2026-03-01,16,2.2743425728500357
14041,Montemayor,2026-03-01,4,1.0272213662044172
47093,Montemayor de Pililla,2026-03-01,4,4.761904761904763
32050,Monterrei,2026-03-01,0,0
40131,Monterrubio,2026-03-01,3,58.8235294117647
37202,Monterrubio de Armuña,2026-03-01,3,2.2641509433962264
06087,Monterrubio de la Serena,2026-03-01,2,0.9289363678588017
37203,Monterrubio de la Sierra,2026-03-01,1,6.666666666666667
46174,Montesa,2026-03-01,1,0.8880994671403197
03903,"Montesinos, Los",2026-03-01,24,4.167390171904844
08131,Montesquiu,2026-03-01,0,0
25138,Montgai,2026-03-01,4,6.2208398133748055
08126,Montgat,2026-03-01,37,2.882742500973899
13057,Montiel,2026-03-01,4,3.4364261168384878
06088,Montijo,2026-03-01,21,1.3820335636722605
14042,Montilla,2026-03-01,34,1.5320836337418888
18137,Montillana,2026-03-01,2,1.8957345971563981
08132,Montmajor,2026-03-01,4,8.492569002123142
08133,Montmaneu,2026-03-01,1,5.4945054945054945
43090,"Montmell, El",2026-03-01,4,2.056555269922879
25142,Montoliu de Lleida,2026-03-01,6,12.219959266802444
25141,Montoliu de Segarra,2026-03-01,3,16.483516483516485
09227,Montorio,2026-03-01,2,14.184397163120567
14043,Montoro,2026-03-01,12,1.3315579227696406
08137,Montseny,2026-03-01,1,2.5839793281653747
14044,Monturque,2026-03-01,1,0.5189413596263622
45106,Mora,2026-03-01,26,2.555533713387065
44158,Mora de Rubielos,2026-03-01,8,4.5584045584045585
09228,Moradillo de Roa,2026-03-01,1,6.024096385542169
13058,Moral de Calatrava,2026-03-01,14,2.7047913446676968
40132,Moral de Hornuez,2026-03-01,1,27.027027027027028
47094,Moral de la Reina,2026-03-01,1,7.633587786259541
18138,Moraleda de Zafayona,2026-03-01,12,3.7267080745341614
10128,Moraleja,2026-03-01,11,1.675296984465428
28089,Moraleja de Enmedio,2026-03-01,19,3.3652143110166493
49126,Moraleja de Sayago,2026-03-01,0,0
49125,Moraleja del Vino,2026-03-01,12,6.655574043261232
47096,Morales de Campos,2026-03-01,0,0
49129,Morales de Toro,2026-03-01,1,1.0799136069114472
49130,Morales de Valverde,2026-03-01,1,6.41025641025641
49127,Morales del Vino,2026-03-01,7,2.3011176857330704
49131,Moralina,2026-03-01,0,0
28090,Moralzarzal,2026-03-01,7230,491.00169779286927
37204,Morasverdes,2026-03-01,1,4.291845493562231
50176,Morata de Jiloca,2026-03-01,0,0
28091,Morata de Tajuña,2026-03-01,17,2.025256135334763
30028,Moratalla,2026-03-01,13,1.7298735861610113
10129,Morcillo,2026-03-01,1,2.6455026455026456
43095,"Morell, El",2026-03-01,14,3.6735764891104696
12080,Morella,2026-03-01,2,0.7993605115907274
43096,"Morera de Montsant, La",2026-03-01,3,19.48051948051948
06089,"Morera, La",2026-03-01,3,4.279600570613409
48066,Morga,2026-03-01,0,0
14045,Moriles,2026-03-01,5,1.3653741125068268
37207,Moriscos,2026-03-01,1,1.7241379310344827
36033,Mos,2026-03-01,0,0
44160,Mosqueruela,2026-03-01,0,0
16133,Mota del Cuervo,2026-03-01,11,1.8118926041838248
16134,Motilla del Palancar,2026-03-01,12,1.8504240555127216
02052,Motilleja,2026-03-01,2,2.941176470588235
18140,Motril,2026-03-01,161,2.6761968085106385
35013,Moya,2026-03-01,2,0.24993751562109476
16135,Moya,2026-03-01,2,15.037593984962406
40134,Mozoncillo,2026-03-01,1,1.0940919037199124
50180,Mozota,2026-03-01,0,0
47098,Mucientes,2026-03-01,2,2.886002886002886
47099,"Mudarra, La",2026-03-01,0,0
19196,Muduex,2026-03-01,0,0
50181,Muel,2026-03-01,4,2.574002574002574
50182,"Muela, La",2026-03-01,30,4.4609665427509295
49135,Muelas del Pan,2026-03-01,1,1.6920473773265652
15051,Mugardos,2026-03-01,6,1.154068090017311
30029,Mula,2026-03-01,44,2.4463471589013674
48068,Mundaka,2026-03-01,5,2.75178866263071
02053,Munera,2026-03-01,4,1.1911852293031568
48069,Mungia,2026-03-01,34,1.8748276812792941
44161,Muniesa,2026-03-01,3,5.172413793103448
26098,Munilla,2026-03-01,0,0
08129,Muntanyola,2026-03-01,2,2.857142857142857
08139,Mura,2026-03-01,1,4.273504273504274
31176,Murchante,2026-03-01,11,2.5900635742877323
30030,Murcia,2026-03-01,654,1.3692578580536021
31177,Murieta,2026-03-01,1,2.7548209366391188
31179,Murillo el Fruto,2026-03-01,1,1.4684287812041115
03091,Murla,2026-03-01,0,0
07039,Muro,2026-03-01,21,2.5023832221163014
26100,Muro de Aguas,2026-03-01,0,0
03092,Muro de Alcoy,2026-03-01,22,2.3501762632197414
15053,Muros,2026-03-01,8,0.9790723289683025
18141,Murtas,2026-03-01,0,0
48908,Murueta,2026-03-01,1,3.215434083601286
46177,Museros,2026-03-01,14,2.0242914979757085
48071,Muskiz,2026-03-01,20,2.678093197643278
20057,Mutiloa,2026-03-01,1,3.8461538461538463
20056,Mutriku,2026-03-01,6,1.146350783339702
03090,Mutxamel,2026-03-01,80,2.788525218724947
48067,Muxika,2026-03-01,1,0.6447453255963894
05135,Muñana,2026-03-01,3,6.024096385542169
05136,Muñico,2026-03-01,2,25.31645569620253
05138,Muñogalindo,2026-03-01,0,0
05140,Muñomer del Peco,2026-03-01,0,0
40135,Muñopedro,2026-03-01,0,0
05142,Muñosancho,2026-03-01,0,0
05143,Muñotello,2026-03-01,1,20
29067,Málaga,2026-03-01,1568,2.625704779017136
28092,Móstoles,2026-03-01,452,2.1092616184383064
48909,Nabarniz,2026-03-01,1,3.802281368821293
04065,Nacimiento,2026-03-01,1,2.061855670103093
26103,Nalda,2026-03-01,6,4.562737642585551
45107,Nambroca,2026-03-01,28,5.256241787122208
42128,Narros,2026-03-01,0,0
33040,Nava,2026-03-01,3,0.5706676811869887
45108,"Nava de Ricomalillo, La",2026-03-01,1,1.9157088122605364
09229,Nava de Roa,2026-03-01,2,9.852216748768473
06090,"Nava de Santiago, La",2026-03-01,2,2.1881838074398248
47101,Nava del Rey,2026-03-01,3,1.5560165975103732
37212,Navacarros,2026-03-01,0,0
05151,Navacepedilla de Corneja,2026-03-01,0,0
28093,Navacerrada,2026-03-01,2435,729.4787297783104
10130,Navaconcejo,2026-03-01,10,4.904364884747425
45109,Navahermosa,2026-03-01,10,2.7662517289073305
05156,Navahondilla,2026-03-01,0,0
12081,Navajas,2026-03-01,7,7.55939524838013
22160,Naval,2026-03-01,1,3.5842293906810037
05157,Navalacruz,2026-03-01,1,5.154639175257732
28094,Navalafuente,2026-03-01,4,2.3228803716608595
28095,Navalagamella,2026-03-01,6,1.8927444794952681
28096,Navalcarnero,2026-03-01,95,2.8484048932597745
42129,Navaleno,2026-03-01,0,0
40141,Navalmanzano,2026-03-01,4,3.8204393505253105
05158,Navalmoral,2026-03-01,0,0
10131,Navalmoral de la Mata,2026-03-01,24,1.3875238480661387
45112,"Navalmorales, Los",2026-03-01,1,0.47214353163361666
05160,Navalosa,2026-03-01,0,0
05161,Navalperal de Pinares,2026-03-01,2,2.3696682464454977
45113,"Navalucillos, Los",2026-03-01,6,3.1746031746031744
05163,Navaluenga,2026-03-01,3,1.4018691588785046
06091,Navalvillar de Pela,2026-03-01,11,2.559329920893439
45114,Navamorcuende,2026-03-01,0,0
08140,Navarcles,2026-03-01,19,3.026923689660666
01041,Navaridas,2026-03-01,0,0
05165,Navarredonda de Gredos,2026-03-01,2,4.357298474945535
26105,Navarrete,2026-03-01,4,1.304631441617743
05167,Navarrevisca,2026-03-01,0,0
02054,Navas de Jorquera,2026-03-01,1,1.9455252918287937
40145,Navas de Oro,2026-03-01,4,3.0721966205837172
40146,Navas de San Antonio,2026-03-01,1,2.5974025974025974
23063,Navas de San Juan,2026-03-01,9,2.06280082512033
10133,Navas del Madroño,2026-03-01,1,0.7974481658692185
28099,Navas del Rey,2026-03-01,183,53.44626168224299
17111,Navata,2026-03-01,5,3.324468085106383
10134,Navezuelas,2026-03-01,1,1.4970059880239521
33041,Navia,2026-03-01,5,0.6219679064560268
09231,Nebreda,2026-03-01,1,20
15055,Neda,2026-03-01,3,0.6098800569221386
19198,Negredo,2026-03-01,3,250
15056,Negreira,2026-03-01,8,1.1489300588826654
05171,Neila de San Miguel,2026-03-01,1,15.151515151515152
29075,Nerja,2026-03-01,71,3.2182032453993292
02055,Nerpio,2026-03-01,1,0.8779631255487269
21052,Nerva,2026-03-01,7,1.376327172630751
26106,Nestares,2026-03-01,2,23.52941176470588
36034,"Neves, As",2026-03-01,1,0.27359781121751026
21053,Niebla,2026-03-01,23,5.351326198231735
40148,Nieva,2026-03-01,1,3.875968992248062
05172,Niharra,2026-03-01,1,5.208333333333333
23064,Noalejo,2026-03-01,3,1.7391304347826089
45115,Noblejas,2026-03-01,7,1.7526289434151228
45116,Noez,2026-03-01,4,3.72093023255814
06092,Nogales,2026-03-01,2,3.1595576619273302
44165,Nogueruelas,2026-03-01,0,0
15057,Noia,2026-03-01,22,1.559398922597108
39047,Noja,2026-03-01,8,3.0097817908201656
45117,Nombela,2026-03-01,1,1.1001100110011
50189,Nonaspe,2026-03-01,3,2.985074626865672
33042,Noreña,2026-03-01,15,2.925687536571094
22162,Novales,2026-03-01,1,6.451612903225806
50190,Novallas,2026-03-01,0,0
03093,Novelda,2026-03-01,61,2.2921990079663312
42132,Noviercas,2026-03-01,1,6.493506493506494
50191,Novillas,2026-03-01,0,0
03094,"Nucia, la",2026-03-01,100,5.173573387138497
22163,Nueno,2026-03-01,1,1.7452006980802792
14046,Nueva Carteya,2026-03-01,16,3.051106025934401
50193,Nuez de Ebro,2026-03-01,0,0
12082,Nules,2026-03-01,18,1.2515644555694618
43098,Nulles,2026-03-01,4,7.194244604316547
45119,Numancia de la Sagra,2026-03-01,21,3.665561179961599
10135,Nuñomoral,2026-03-01,0,0
31183,Obanos,2026-03-01,3,3.257328990228013
14047,Obejo,2026-03-01,0,0
45121,Ocaña,2026-03-01,30,1.8704408005486626
04067,Ohanes,2026-03-01,2,3.6166365280289328
20063,Oiartzun,2026-03-01,167,15.953381734810854
44169,Ojos Negros,2026-03-01,2,6.230529595015576
05173,Ojos-Albos,2026-03-01,1,10.989010989010989
01042,Okondo,2026-03-01,4,3.389830508474576
20058,Olaberria,2026-03-01,19,20.23429179978701
44171,Olba,2026-03-01,0,0
15058,Oleiros,2026-03-01,1,0.025806451612903226
08146,Olesa de Bonesvalls,2026-03-01,9,4.217432052483599
08147,Olesa de Montserrat,2026-03-01,63,2.52
25149,Oliana,2026-03-01,10,5.350454788657036
25151,Olius,2026-03-01,2,2.0222446916076846
46181,Oliva,2026-03-01,85,3.169276659209545
10136,Oliva de Plasencia,2026-03-01,2,6.802721088435374
06093,Oliva de la Frontera,2026-03-01,11,2.2435243728329595
35014,"Oliva, La",2026-03-01,48,1.6072863648540048
19200,"Olivar, El",2026-03-01,0,0
41067,Olivares,2026-03-01,17,1.7830920914621355
47103,Olivares de Duero,2026-03-01,1,3.058103975535168
08148,Olivella,2026-03-01,18,4.024144869215292
06095,Olivenza,2026-03-01,14,1.1889596602972399
26111,Ollauri,2026-03-01,1,3.105590062111801
46183,"Olleria, l'",2026-03-01,23,2.576164874551971
28101,Olmeda de las Fuentes,2026-03-01,3,6.912442396313365
09235,Olmedillo de Roa,2026-03-01,2,10.638297872340425
47104,Olmedo,2026-03-01,7,1.9305019305019306
44173,"Olmos, Los",2026-03-01,1,8.849557522123893
46182,Olocau,2026-03-01,12,4.7374654559810505
12083,Olocau del Rey,2026-03-01,2,14.184397163120567
40149,Olombrada,2026-03-01,2,4.081632653061225
08149,Olost,2026-03-01,6,4.983388704318936
17114,Olot,2026-03-01,92,2.3281708674967105
08144,Olvan,2026-03-01,2,2.1598272138228944
11024,Olvera,2026-03-01,16,2.041337075784639
25153,"Omellons, Els",2026-03-01,0,0
25154,"Omells de na Gaia, Els",2026-03-01,0,0
42135,Oncala,2026-03-01,0,0
12084,Onda,2026-03-01,59,2.2436019317792906
03095,Ondara,2026-03-01,18,2.328891189028335
48073,Ondarroa,2026-03-01,13,1.606524962926347
03096,Onil,2026-03-01,13,1.5960712093308778
46184,Ontinyent,2026-03-01,91,2.469671886449372
22165,Ontiñena,2026-03-01,1,2.008032128514056
02056,Ontur,2026-03-01,4,2.1141649048625792
24105,Onzonilla,2026-03-01,2,1.0183299389002036
31196,Orbara,2026-03-01,1,35.714285714285715
05174,Orbita,2026-03-01,1,13.888888888888888
18146,Orce,2026-03-01,2,1.7969451931716083
23065,Orcera,2026-03-01,2,1.1682242990654206
15059,Ordes,2026-03-01,9,0.6939090208172706
17115,Ordis,2026-03-01,1,2.4330900243309004
20076,Ordizia,2026-03-01,32,2.965159377316531
19204,Orea,2026-03-01,1,5.181347150259067
06096,Orellana de la Sierra,2026-03-01,0,0
06097,Orellana la Vieja,2026-03-01,12,4.647560030983733
20905,Orendain,2026-03-01,1,4.065040650406504
50196,Orera,2026-03-01,1,9.70873786407767
45124,Orgaz,2026-03-01,4,1.5082956259426847
04070,Oria,2026-03-01,3,1.364256480218281
03099,Orihuela,2026-03-01,142,1.684879981964665
44174,Orihuela del Tremedal,2026-03-01,0,0
20061,Orio,2026-03-01,13,2.101179893324713
31906,Orkoien,2026-03-01,51,12.448132780082986
20062,Ormaiztegi,2026-03-01,4,3.098373353989156
45125,Oropesa,2026-03-01,3,1.1618900077459333
38026,"Orotava, La",2026-03-01,79,1.8514612482129884
48075,Orozko,2026-03-01,6,2.25140712945591
44175,Orrios,2026-03-01,0,0
26112,Ortigosa de Cameros,2026-03-01,0,0
40901,Ortigosa del Monte,2026-03-01,2,3.284072249589491
15061,Ortigueira,2026-03-01,4,0.7374631268436578
48083,Ortuella,2026-03-01,16,1.830454181443771
28102,Orusco de Tajuña,2026-03-01,5,3.257328990228013
03098,Orxeta,2026-03-01,4,4.282655246252677
25156,Os de Balaguer,2026-03-01,1,0.9140767824497258
16145,Osa de la Vega,2026-03-01,1,2.2222222222222223
50198,Oseja,2026-03-01,0,0
05175,"Oso, El",2026-03-01,1,8
17116,Osor,2026-03-01,1,2.331002331002331
02057,Ossa de Montiel,2026-03-01,4,1.7889087656529516
22167,Osso de Cinca,2026-03-01,2,3.0120481927710845
41068,Osuna,2026-03-01,22,1.2650948821161587
31200,Oteiza,2026-03-01,4,4.123711340206186
45126,Otero,2026-03-01,1,2.242152466367713
49139,Otero de Bodas,2026-03-01,1,6.024096385542169
40152,Otero de Herreros,2026-03-01,4,4.056795131845842
46185,Otos,2026-03-01,1,2.2624434389140275
48072,Otxandio,2026-03-01,2,1.5128593040847202
32054,Ourense,2026-03-01,194,1.8369646526337717
27039,Outeiro de Rei,2026-03-01,0,0
15062,Outes,2026-03-01,5,0.8343066911396629
33044,Oviedo,2026-03-01,476,2.1290299495473577
09238,Oña,2026-03-01,2,2.1344717182497335
20059,Oñati,2026-03-01,13,1.128668171557562
15064,Paderne,2026-03-01,2,0.8130081300813008
32055,Paderne de Allariz,2026-03-01,0,0
05176,Padiernos,2026-03-01,0,0
09243,Padilla de Arriba,2026-03-01,1,11.363636363636363
18150,Padul,2026-03-01,25,2.583712277800744
04071,Padules,2026-03-01,1,2.2988505747126435
46186,Paiporta,2026-03-01,54,1.9123844601055353
05177,Pajares de Adaja,2026-03-01,0,0
24107,Pajares de los Oteros,2026-03-01,0,0
05178,Palacios de Goda,2026-03-01,3,7.5
09247,Palacios de Riopisuerga,2026-03-01,2,105.26315789473684
49143,Palacios de Sanabria,2026-03-01,0,0
09246,Palacios de la Sierra,2026-03-01,1,1.5105740181268883
24108,Palacios de la Valduerna,2026-03-01,1,2.890173410404624
24109,Palacios del Sil,2026-03-01,3,3.484320557491289
08155,Palafolls,2026-03-01,44,4.388589666866149
17117,Palafrugell,2026-03-01,70,2.8506271379703536
12087,Palanques,2026-03-01,1,29.41176470588235
25158,"Palau d'Anglesola, El",2026-03-01,9,4.044943820224719
17121,Palau-sator,2026-03-01,3,9.375
17120,Palau-saverdera,2026-03-01,8,5.2493438320209975
40155,Palazuelos de Eresma,2026-03-01,12,1.9627085377821392
34120,Palencia,2026-03-01,141,1.8224353423205675
37229,Palencia de Negrilla,2026-03-01,1,7.092198581560283
14048,Palenciana,2026-03-01,2,1.3986013986013985
34121,Palenzuela,2026-03-01,1,4.694835680751174
43100,"Pallaresos, Els",2026-03-01,21,4.164187983343248
43099,"Palma d'Ebre, La",2026-03-01,3,9.06344410876133
21054,"Palma del Condado, La",2026-03-01,23,2.118253822066679
41904,"Palmar de Troya, El",2026-03-01,2,0.8707009142359599
46188,Palmera,2026-03-01,1,0.970873786407767
17123,Palol de Revardit,2026-03-01,2,4.319654427645789
46189,"Palomar, el",2026-03-01,4,6.6115702479338845
16148,Palomares del Campo,2026-03-01,0,0
06098,Palomas,2026-03-01,1,1.5432098765432098
45127,Palomeque,2026-03-01,5,4.042037186742118
10137,Palomero,2026-03-01,0,0
21055,Palos de la Frontera,2026-03-01,28,2.1070057942659344
17124,Pals,2026-03-01,11,4.310344827586206
18151,Pampaneira,2026-03-01,1,3.205128205128205
09251,Pancorbo,2026-03-01,0,0
50200,Paniza,2026-03-01,1,1.7543859649122808
22170,Panticosa,2026-03-01,1,1.088139281828074
45128,Pantoja,2026-03-01,11,3.0378348522507594
08158,"Papiol, El",2026-03-01,22,4.995458673932788
28104,Paracuellos de Jarama,2026-03-01,73,2.640240153350935
50201,Paracuellos de Jiloca,2026-03-01,2,3.2679738562091503
37230,Parada de Arriba,2026-03-01,1,3.787878787878788
32057,Parada de Sil,2026-03-01,2,4.008016032064128
41071,Paradas,2026-03-01,10,1.4779781259237363
37232,Paradinas de San Juan,2026-03-01,0,0
29077,Parauta,2026-03-01,1,3.7037037037037037
03100,Parcent,2026-03-01,2,1.9065776930409915
17125,Pardines,2026-03-01,0,0
34123,Paredes de Nava,2026-03-01,4,2.0736132711249353
19211,Pareja,2026-03-01,0,0
28106,Parla,2026-03-01,269,1.949105874851462
06099,"Parra, La",2026-03-01,2,1.5408320493066257
47110,"Parrilla, La",2026-03-01,0,0
04072,Partaloa,2026-03-01,1,1.2091898428053203
20064,Pasaia,2026-03-01,21,1.2985406876082117
38027,"Paso, El",2026-03-01,19,2.2916415390182125
19212,Pastrana,2026-03-01,4,4.08997955010225
50203,Pastriz,2026-03-01,7,5.299015897047691
46190,Paterna,2026-03-01,201,2.651540135874942
11025,Paterna de Rivera,2026-03-01,18,3.2455824017309776
21056,Paterna del Campo,2026-03-01,4,1.1802891708468575
28107,Patones,2026-03-01,2459,3978.9644012944987
17128,Pau,2026-03-01,0,0
21057,Paymogo,2026-03-01,0,0
36037,Pazos de Borbén,2026-03-01,2,0.6561679790026247
23066,Peal de Becerro,2026-03-01,10,1.890359168241966
04074,Pechina,2026-03-01,7,1.5190972222222223
16153,"Pedernoso, El",2026-03-01,2,1.7905102954341987
27045,Pedrafita do Cebreiro,2026-03-01,1,1.1507479861910241
47111,"Pedraja de Portillo, La",2026-03-01,6,5.037783375314861
47112,Pedrajas de San Esteban,2026-03-01,3,0.8736167734420501
46191,Pedralba,2026-03-01,13,4.007398273736128
40156,Pedraza,2026-03-01,0,0
37235,Pedraza de Alba,2026-03-01,1,4.608294930875576
34125,Pedraza de Campos,2026-03-01,0,0
19213,"Pedregal, El",2026-03-01,1,16.666666666666668
03101,Pedreguer,2026-03-01,27,3.053262467488409
41072,Pedrera,2026-03-01,7,1.3730874852883483
28108,Pedrezuela,2026-03-01,21,3.179890975166566
14050,Pedro Abad,2026-03-01,9,3.2177332856632104
13061,Pedro Muñoz,2026-03-01,16,2.0760347735824576
14051,Pedroche,2026-03-01,3,2.0847810979847115
50204,Pedrola,2026-03-01,20,5.204267499349466
09256,Pedrosa de Duero,2026-03-01,2,4.319654427645789
34126,Pedrosa de la Vega,2026-03-01,1,3.558718861209964
47113,Pedrosa del Rey,2026-03-01,1,6.7114093959731544
37236,Pedrosillo de Alba,2026-03-01,0,0
37237,Pedrosillo de los Aires,2026-03-01,0,0
37238,Pedrosillo el Ralo,2026-03-01,0,0
37239,"Pedroso de la Armuña, El",2026-03-01,0,0
41073,"Pedroso, El",2026-03-01,1,0.485201358563804
16154,"Pedroñeras, Las",2026-03-01,14,2.1439509954058193
23067,Pegalajar,2026-03-01,4,1.4124293785310735
03102,Pego,2026-03-01,33,3.040914117213417
05184,Peguerinos,2026-03-01,0,0
37240,Pelabravo,2026-03-01,4,2.805049088359046
37242,Pelayos,2026-03-01,1,13.888888888888888
28109,Pelayos de la Presa,2026-03-01,7,2.1929824561403506
49147,Peleagonzalo,2026-03-01,1,3.5087719298245617
49148,Peleas de Abajo,2026-03-01,0,0
18153,Peligros,2026-03-01,47,4.015378043571124
39048,Penagos,2026-03-01,2,0.8853474988933157
25164,Penelles,2026-03-01,2,4.640371229698376
03103,Penàguila,2026-03-01,1,3.278688524590164
45132,Pepino,2026-03-01,16,4.67699503069278
17130,"Pera, La",2026-03-01,0,0
08160,Perafita,2026-03-01,2,4.618937644341801
43103,Perafort,2026-03-01,5,3.695491500369549
09262,Peral de Arlanza,2026-03-01,1,5.9171597633136095
16155,"Peral, El",2026-03-01,18,26.587887740029544
17132,Peralada,2026-03-01,5,2.3957834211787254
10140,Peraleda de la Mata,2026-03-01,3,2.0761245674740487
06101,Peraleda del Zaucejo,2026-03-01,1,2.1459227467811157
44181,Peralejos,2026-03-01,0,0
19216,Peralejos de las Truchas,2026-03-01,0,0
28110,Perales de Tajuña,2026-03-01,8,2.4562480810561866
10142,Perales del Puerto,2026-03-01,1,1.1402508551881414
22174,Peralta de Alcofea,2026-03-01,1,1.7452006980802792
22176,Peraltilla,2026-03-01,0,0
25165,Peramola,2026-03-01,0,0
50206,Perdiguera,2026-03-01,0,0
32058,"Pereiro de Aguiar, O",2026-03-01,6,0.8841732979664013
49152,Pereruela,2026-03-01,1,2
37250,Pereña de la Ribera,2026-03-01,2,6.666666666666667
29079,Periana,2026-03-01,12,3.5190615835777126
49153,Perilla de Castro,2026-03-01,1,6.666666666666667
22178,Pertusa,2026-03-01,0,0
39050,Pesaguero,2026-03-01,0,0
10143,Pescueza,2026-03-01,0,0
10144,"Pesga, La",2026-03-01,2,2.109704641350211
39051,Pesquera,2026-03-01,0,0
47116,Pesquera de Duero,2026-03-01,4,9.925558312655086
07041,Petra,2026-03-01,5,1.5313935681470139
03104,Petrer,2026-03-01,68,1.9979432936682826
18154,"Peza, La",2026-03-01,0,0
28111,Pezuela de las Torres,2026-03-01,4,3.9880358923230306
47114,Peñafiel,2026-03-01,12,2.324230098779779
41074,Peñaflor,2026-03-01,2,0.5514199062586159
47115,Peñaflor de Hornija,2026-03-01,1,2.865329512893983
22172,Peñalba,2026-03-01,30,43.79562043795621
06100,Peñalsordo,2026-03-01,3,3.717472118959108
19215,Peñalver,2026-03-01,0,0
37245,Peñaparda,2026-03-01,1,3.3670033670033668
37246,Peñaranda de Bracamonte,2026-03-01,5,0.8111615833874107
37247,Peñarandilla,2026-03-01,3,17.543859649122805
44179,Peñarroya de Tastavins,2026-03-01,2,4.25531914893617
14052,Peñarroya-Pueblonuevo,2026-03-01,19,1.8532969176746001
22173,"Peñas de Riglos, Las",2026-03-01,0,0
02060,Peñas de San Pedro,2026-03-01,2,1.3395847287340923
02059,Peñascosa,2026-03-01,0,0
49149,Peñausende,2026-03-01,0,0
46193,Picanya,2026-03-01,33,2.7733422976720736
46194,Picassent,2026-03-01,69,2.9796605777950513
16158,"Picazo, El",2026-03-01,0,0
13063,Piedrabuena,2026-03-01,2,0.46307015512850197
05187,Piedralaves,2026-03-01,11,4.99092558983666
31204,Piedramillera,2026-03-01,0,0
10145,Piedras Albas,2026-03-01,0,0
50207,Piedratajada,2026-03-01,0,0
08161,Piera,2026-03-01,51,2.8517110266159698
03902,Pilar de la Horadada,2026-03-01,86,3.5305225994498954
41075,Pilas,2026-03-01,22,1.543751315697144
46195,Piles,2026-03-01,6,1.8738288569643973
43105,"Piles, Les",2026-03-01,2,8.771929824561402
50208,Pina de Ebro,2026-03-01,9,3.6261079774375506
12090,Pina de Montalgrao,2026-03-01,0,0
18910,"Pinar, El",2026-03-01,0,0
16159,Pinarejo,2026-03-01,0,0
08163,Pineda de Mar,2026-03-01,61,2.028532473146886
09266,Pineda de la Sierra,2026-03-01,0,0
46196,Pinet,2026-03-01,0,0
09270,Pinilla Trasmonte,2026-03-01,1,6.451612903225806
49156,Pinilla de Toro,2026-03-01,0,0
09268,Pinilla de los Barruecos,2026-03-01,0,0
28112,Pinilla del Valle,2026-03-01,1,5
37253,"Pino de Tormes, El",2026-03-01,0,0
15066,"Pino, O",2026-03-01,5,1.0897994768962511
10146,Pinofranqueado,2026-03-01,6,3.361344537815126
18157,Pinos Genil,2026-03-01,5,3.050640634533252
18158,Pinos Puente,2026-03-01,12,1.2229922543823888
50209,Pinseque,2026-03-01,14,3.0454644333260825
28113,Pinto,2026-03-01,201,3.551738761662426
10147,Piornal,2026-03-01,1,0.6949270326615705
19220,Pioz,2026-03-01,7,1.282521069989007
43107,Pira,2026-03-01,0,0
37254,Pitiegua,2026-03-01,0,0
31205,Pitillas,2026-03-01,0,0
29080,Pizarra,2026-03-01,18,1.7336030049118751
34130,Piña de Campos,2026-03-01,0,0
47117,Piña de Esgueva,2026-03-01,1,3.1746031746031744
47119,Piñel de Arriba,2026-03-01,0,0
49158,"Piñero, El",2026-03-01,0,0
43108,"Pla de Santa Maria, El",2026-03-01,5,2.0729684908789388
22182,Plan,2026-03-01,1,3.6496350364963503
03106,Planes,2026-03-01,1,1.4184397163120568
17133,"Planes d'Hostoles, Les",2026-03-01,6,3.4344590726960504
17134,Planoles,2026-03-01,1,3.1948881789137378
10148,Plasencia,2026-03-01,69,1.7153937947494033
10149,Plasenzuela,2026-03-01,1,1.876172607879925
48077,Plentzia,2026-03-01,12,2.719238613188307
30032,Pliego,2026-03-01,10,2.461841457410143
25168,"Poal, El",2026-03-01,2,3.0864197530864197
46203,"Pobla Llarga, la",2026-03-01,11,2.357984994640943
12094,"Pobla Tornesa, la",2026-03-01,3,2.245508982035928
08165,"Pobla de Claramunt, La",2026-03-01,13,5.531914893617022
46199,"Pobla de Farnals, la",2026-03-01,16,1.697072549851506
08166,"Pobla de Lillet, La",2026-03-01,0,0
43109,"Pobla de Mafumet, La",2026-03-01,16,3.821351803200382
25171,"Pobla de Segur, La",2026-03-01,2,0.6291286568103177
46202,"Pobla de Vallbona, la",2026-03-01,85,3.060085682399107
46200,"Pobla del Duc, la",2026-03-01,7,2.867677181482999
49159,Pobladura del Valle,2026-03-01,5,18.656716417910445
13064,Poblete,2026-03-01,16,5.324459234608985
03901,"Poblets, els",2026-03-01,17,6.139400505597688
44185,"Pobo, El",2026-03-01,1,10.309278350515465
43112,Poboleda,2026-03-01,2,5.797101449275362
32063,"Pobra de Trives, A",2026-03-01,2,1.0389610389610389
15067,"Pobra do Caramiñal, A",2026-03-01,2,0.21925016443762335
39054,Polanco,2026-03-01,5,0.7945336087716511
22184,Poleñino,2026-03-01,0,0
46197,Polinyà de Xúquer,2026-03-01,6,2.3273855702094646
07042,Pollença,2026-03-01,29,1.6291219594404809
47121,Pollos,2026-03-01,0,0
03107,Polop,2026-03-01,27,4.580929759077028
18162,Polopos,2026-03-01,1,0.5817335660267597
24115,Ponferrada,2026-03-01,81,1.283432627709469
43113,"Pont d'Armentera, El",2026-03-01,2,3.9447731755424065
25030,"Pont de Bar, El",2026-03-01,0,0
17135,Pont de Molins,2026-03-01,16,27.303754266211605
25173,"Pont de Suert, El",2026-03-01,3,1.2371134020618555
36042,Ponteareas,2026-03-01,1,0.043092303714556586
15068,Ponteceso,2026-03-01,3,0.5703422053231939
15069,Pontedeume,2026-03-01,19,2.557889068389876
32064,Pontedeva,2026-03-01,0,0
36038,Pontevedra,2026-03-01,110,1.319910246103265
43141,Pontils,2026-03-01,1,8.130081300813009
25172,Ponts,2026-03-01,9,3.4103827207275486
23069,Porcuna,2026-03-01,12,2.0219039595619206
17137,Porqueres,2026-03-01,12,2.4979184013322233
43114,Porrera,2026-03-01,2,4.914004914004914
07043,Porreres,2026-03-01,21,3.5769034236075625
17140,"Port de la Selva, El",2026-03-01,4,3.7914691943127963
17138,Portbou,2026-03-01,1,0.8833922261484098
12091,Portell de Morella,2026-03-01,1,6.451612903225806
25174,"Portella, La",2026-03-01,2,2.73972602739726
44187,"Portellada, La",2026-03-01,1,4
10151,Portezuelo,2026-03-01,3,15.151515151515152
47122,Portillo,2026-03-01,7,2.9215358931552586
49162,Porto,2026-03-01,0,0
15071,Porto do Son,2026-03-01,3,0.3311623799536373
48078,Portugalete,2026-03-01,71,1.5825606276747504
13065,Porzuna,2026-03-01,4,1.1315417256011315
14053,Posadas,2026-03-01,12,1.6485781013875533
39055,Potes,2026-03-01,3,2.276176024279211
46198,Potries,2026-03-01,3,2.626970227670753
37256,Poveda de las Cintas,2026-03-01,0,0
05189,Poyales del Hoyo,2026-03-01,1,2.004008016032064
09272,Poza de la Sal,2026-03-01,1,3.5971223021582737
47123,Pozal de Gallinas,2026-03-01,1,1.7953321364452424
47124,Pozaldez,2026-03-01,3,5.870841487279844
05190,Pozanco,2026-03-01,0,0
02901,Pozo Cañada,2026-03-01,10,3.6900369003690034
19224,Pozo de Almoguera,2026-03-01,0,0
19225,Pozo de Guadalajara,2026-03-01,6,3.4305317324185247
02064,Pozo-Lorente,2026-03-01,1,2.5380710659898473
14054,Pozoblanco,2026-03-01,33,1.9505851755526658
02063,Pozohondo,2026-03-01,4,2.5957170668397143
02065,Pozuelo,2026-03-01,0,0
28115,Pozuelo de Alarcón,2026-03-01,382,4.269396696246954
13066,Pozuelo de Calatrava,2026-03-01,6,1.4666340747983377
47125,Pozuelo de la Orden,2026-03-01,0,0
28116,Pozuelo del Rey,2026-03-01,0,0
16169,"Pozuelo, El",2026-03-01,2,44.44444444444444
43115,Pradell de la Teixeta,2026-03-01,1,5.4945054945054945
43116,Prades,2026-03-01,2,3.105590062111801
50217,Pradilla de Ebro,2026-03-01,1,1.7482517482517483
24118,Prado de la Guzpeña,2026-03-01,1,9.174311926605505
11026,Prado del Rey,2026-03-01,13,2.2655977692575813
09274,Pradoluengo,2026-03-01,1,0.9182736455463728
19227,Prados Redondos,2026-03-01,1,21.73913043478261
43117,Prat de Comte,2026-03-01,0,0
08169,"Prat de Llobregat, El",2026-03-01,197,2.9735400220374033
43118,Pratdip,2026-03-01,6,7.653061224489796
08170,"Prats de Rei, Els",2026-03-01,0,0
33051,Pravia,2026-03-01,16,2.0549704597996405
25177,Preixens,2026-03-01,1,2.506265664160401
09275,Presencio,2026-03-01,1,4.716981132075471
17139,"Preses, Les",2026-03-01,7,3.5971223021582737
24119,Priaranza del Bierzo,2026-03-01,1,1.461988304093567
16170,Priego,2026-03-01,0,0
24120,Prioro,2026-03-01,0,0
33052,Proaza,2026-03-01,1,1.4492753623188406
16171,"Provencio, El",2026-03-01,0,0
25179,Prullans,2026-03-01,1,3.7037037037037037
41076,Pruna,2026-03-01,6,2.4281667341157425
34139,Prádanos de Ojeda,2026-03-01,1,5.555555555555555
06102,Puebla de Alcocer,2026-03-01,1,0.9174311926605505
45135,"Puebla de Almoradiel, La",2026-03-01,6,1.2126111560226356
37258,Puebla de Azaba,2026-03-01,0,0
22187,"Puebla de Castro, La",2026-03-01,4,9.36768149882904
41077,"Puebla de Cazalla, La",2026-03-01,6,0.5536587616499031
13068,Puebla de Don Rodrigo,2026-03-01,5,4.3478260869565215
24121,Puebla de Lillo,2026-03-01,1,1.5625
06107,Puebla de Obando,2026-03-01,1,0.5534034311012728
46201,Puebla de San Miguel,2026-03-01,11,207.54716981132077
49166,Puebla de Sanabria,2026-03-01,3,2.161383285302594
44192,"Puebla de Valverde, La",2026-03-01,1,2.070393374741201
37260,Puebla de Yeltes,2026-03-01,0,0
06103,Puebla de la Calzada,2026-03-01,11,1.8936133585815114
28118,Puebla de la Sierra,2026-03-01,0,0
06105,Puebla del Maestre,2026-03-01,0,0
06106,Puebla del Prior,2026-03-01,0,0
45137,"Pueblanueva, La",2026-03-01,7,3.2618825722273996
49167,Pueblica de Valverde,2026-03-01,1,5.780346820809248
06902,Pueblonuevo del Guadiana,2026-03-01,5,2.5601638504864312
14056,Puente Genil,2026-03-01,62,2.0682523267838677
39056,Puente Viesgo,2026-03-01,2,0.6922810661128419
22188,Puente de Montañana,2026-03-01,2,22.988505747126435
45138,"Puente del Arzobispo, El",2026-03-01,2,1.736111111111111
09277,Puentedura,2026-03-01,1,8.474576271186441
23072,"Puerta de Segura, La",2026-03-01,4,1.8026137899954935
05192,Puerto Castilla,2026-03-01,0,0
30033,Puerto Lumbreras,2026-03-01,30,1.644736842105263
11028,Puerto Real,2026-03-01,122,2.872480693162554
11029,Puerto Serrano,2026-03-01,10,1.4577259475218658
10153,Puerto de Santa Cruz,2026-03-01,1,3.7593984962406015
38028,Puerto de la Cruz,2026-03-01,136,4.305296147393079
13071,Puertollano,2026-03-01,55,1.2035274294842337
08175,Puig-reig,2026-03-01,8,1.7551557700745941
43119,Puigpelat,2026-03-01,8,6.530612244897959
07045,Puigpunyent,2026-03-01,2,0.9583133684714902
25182,Puigverd de Lleida,2026-03-01,1,0.7062146892655368
08176,Pujalt,2026-03-01,0,0
45140,Pulgar,2026-03-01,5,3.037667071688943
18165,Pulianas,2026-03-01,14,2.4682651622002822
38029,Puntagorda,2026-03-01,4,1.7079419299743808
38030,Puntallana,2026-03-01,7,2.5053686471009304
04076,Purchena,2026-03-01,0,0
50221,Purujosa,2026-03-01,1,34.48275862068965
18167,Purullena,2026-03-01,3,1.2520868113522536
46205,Puçol,2026-03-01,61,2.813004380908462
17142,Quart,2026-03-01,15,3.604902667627974
46102,Quart de Poblet,2026-03-01,109,4.046178403058763
46101,Quart de les Valls,2026-03-01,1,0.9671179883945842
46103,Quartell,2026-03-01,10,5.54016620498615
46104,Quatretonda,2026-03-01,1,0.45599635202918376
03060,Quatretondeta,2026-03-01,1,7.751937984496124
26120,Quel,2026-03-01,1,0.473260766682442
09279,Quemada,2026-03-01,0,0
19230,Quer,2026-03-01,4,3.676470588235294
17043,Queralbs,2026-03-01,0,0
45141,Quero,2026-03-01,0,0
43120,Querol,2026-03-01,0,0
46206,Quesa,2026-03-01,1,1.4306151645207439
23073,Quesada,2026-03-01,8,1.6329863237395388
22195,Quicena,2026-03-01,2,5.115089514066496
28119,Quijorna,2026-03-01,16,3.986048829098156
42144,Quintana Redonda,2026-03-01,1,2.012072434607646
06109,Quintana de la Serena,2026-03-01,2,0.451773209848656
24123,Quintana del Castillo,2026-03-01,0,0
24124,Quintana del Marco,2026-03-01,0,0
09281,Quintana del Pidio,2026-03-01,0,0
24125,Quintana y Congosto,2026-03-01,1,2.487562189054726
09280,Quintanabureba,2026-03-01,1,34.48275862068965
09287,Quintanaortuño,2026-03-01,1,3.3670033670033668
45142,Quintanar de la Orden,2026-03-01,19,1.6782969702323116
09289,Quintanar de la Sierra,2026-03-01,3,2.032520325203252
16175,Quintanar del Rey,2026-03-01,26,3.402250719706883
09301,Quintanilla Vivar,2026-03-01,4,4.424778761061947
34143,Quintanilla de Onsoña,2026-03-01,1,5.952380952380952
09295,Quintanilla del Coco,2026-03-01,0,0
49168,Quintanilla del Monte,2026-03-01,1,10.752688172043012
50222,Quinto,2026-03-01,5,2.6469031233456857
49171,Quiruelas de Vidriales,2026-03-01,0,0
45143,Quismondo,2026-03-01,1,0.5302226935312832
49172,Rabanales,2026-03-01,0,0
03109,Rafal,2026-03-01,12,2.488077959776073
46208,Rafelcofer,2026-03-01,6,4.2313117066290555
46209,Rafelguaraf,2026-03-01,4,1.669449081803005
32067,Rairiz de Veiga,2026-03-01,3,2.6019080659150045
08178,Rajadell,2026-03-01,505,844.4816053511705
39057,Ramales de la Victoria,2026-03-01,6,1.9373587342589602
14057,"Rambla, La",2026-03-01,14,1.880709296077378
26122,"Rasillo de Cameros, El",2026-03-01,0,0
39058,Rasines,2026-03-01,0,0
43121,Rasquera,2026-03-01,4,5.076142131979695
05193,Rasueros,2026-03-01,1,6.622516556291391
41080,"Real de la Jara, El",2026-03-01,3,1.9801980198019802
38031,"Realejos, Los",2026-03-01,42,1.1006000890961976
42151,Rebollar,2026-03-01,0,0
10154,Rebollar,2026-03-01,0,0
45145,Recas,2026-03-01,11,2.0770392749244713
02066,"Recueja, La",2026-03-01,1,4.651162790697675
19232,"Recuenco, El",2026-03-01,0,0
28121,Redueña,2026-03-01,32,111.49825783972125
24127,Regueras de Arriba,2026-03-01,1,3.802281368821293
09309,Regumiel de la Sierra,2026-03-01,2,6.644518272425249
39059,Reinosa,2026-03-01,13,1.5208235844642022
34146,Reinoso de Cerrato,2026-03-01,2,34.48275862068965
03112,Relleu,2026-03-01,24,17.47997086671522
08179,Rellinars,2026-03-01,1,1.0775862068965516
42153,Rello,2026-03-01,0,0
50223,Remolinos,2026-03-01,2,1.9588638589618022
40166,Remondo,2026-03-01,1,3.058103975535168
06111,Rena,2026-03-01,1,1.6474464579901154
43122,Renau,2026-03-01,0,0
47133,Renedo de Esgueva,2026-03-01,15,3.7546933667083855
42154,Renieblas,2026-03-01,0,0
49174,Requejo,2026-03-01,2,18.867924528301884
46213,Requena,2026-03-01,39,1.852731591448931
37267,Retortillo,2026-03-01,0,0
43123,Reus,2026-03-01,354,3.163227922188167
49175,Revellinos,2026-03-01,0,0
34152,Revenga de Campos,2026-03-01,1,7.874015748031496
34154,Revilla de Collazos,2026-03-01,1,13.333333333333334
09314,Revilla del Campo,2026-03-01,1,10.416666666666666
09312,"Revilla y Ahedo, La",2026-03-01,0,0
09315,Revillarruz,2026-03-01,7,10.88646967340591
25183,Rialp,2026-03-01,1,1.5360983102918586
15072,Rianxo,2026-03-01,10,0.9298000929800093
40170,Riaza,2026-03-01,2,0.9385265133740027
24130,Riaño,2026-03-01,0,0
43124,"Riba, La",2026-03-01,1,1.7421602787456445
43125,Riba-roja d'Ebre,2026-03-01,1,0.8873114463176576
46214,Riba-roja de Túria,2026-03-01,277,11.256044536551668
32069,Ribadavia,2026-03-01,8,1.6270083384177345
33056,Ribadesella,2026-03-01,6,1.0659086871558003
31208,Ribaforada,2026-03-01,2,0.541858574911948
26124,Ribafrecha,2026-03-01,2,1.858736059479554
28122,Ribatejada,2026-03-01,2,2.1621621621621623
15073,Ribeira,2026-03-01,12,0.4426410918480265
06113,Ribera del Fresno,2026-03-01,6,1.9029495718363465
34156,Riberos de la Cueza,2026-03-01,1,19.230769230769234
17145,Ribes de Freser,2026-03-01,3,1.6313213703099512
12095,Ribesalbes,2026-03-01,4,3.3500837520938025
50225,Ricla,2026-03-01,13,4.20032310177706
30034,Ricote,2026-03-01,1,0.8312551953449709
24131,Riego de la Vega,2026-03-01,1,1.4285714285714286
45147,Rielves,2026-03-01,3,3.2858707557502735
44195,Rillo,2026-03-01,1,10.638297872340425
41081,"Rinconada, La",2026-03-01,33,0.8098755736618647
25186,Riner,2026-03-01,0,0
05194,Riocabado,2026-03-01,2,15.384615384615385
44196,Riodeva,2026-03-01,0,0
29083,Riogordo,2026-03-01,174,61.440677966101696
04078,Rioja,2026-03-01,2,1.2254901960784315
46215,Riola,2026-03-01,3,1.6492578339747115
10155,Riolobos,2026-03-01,0,0
42158,Rioseco de Soria,2026-03-01,0,0
24133,Rioseco de Tapia,2026-03-01,1,2.450980392156863
17147,Ripoll,2026-03-01,20,1.8497965223825379
08180,Ripollet,2026-03-01,94,2.363412365172353
25913,Riu de Cerdanya,2026-03-01,0,0
17148,Riudarenes,2026-03-01,7,2.7733755942947704
17149,Riudaura,2026-03-01,2,3.802281368821293
43127,Riudecanyes,2026-03-01,5,3.6258158085569256
17150,Riudellots de la Selva,2026-03-01,16,7.5436115040075435
43129,Riudoms,2026-03-01,18,2.59852750108272
17151,Riumors,2026-03-01,1,3.875968992248062
28123,Rivas-Vaciamadrid,2026-03-01,402,3.8937264511879737
09321,Roa,2026-03-01,2,0.8676789587852494
49178,Roales,2026-03-01,4,3.898635477582846
47134,Roales de Campos,2026-03-01,1,6.493506493506494
24134,"Robla, La",2026-03-01,3,0.835421888053467
37269,Robleda,2026-03-01,2,4.424778761061947
19239,Robledillo de Mohernando,2026-03-01,1,4.975124378109452
28124,Robledillo de la Jara,2026-03-01,1,8.403361344537815
02068,Robledo,2026-03-01,0,0
28125,Robledo de Chavela,2026-03-01,6376,1308.165777595404
13901,"Robledo, El",2026-03-01,5,4.62962962962963
10159,Robledollano,2026-03-01,1,3.076923076923077
22197,Robres,2026-03-01,0,0
06115,"Roca de la Sierra, La",2026-03-01,4,2.751031636863824
46216,Rocafort,2026-03-01,34,4.353393085787452
21061,Rociana del Condado,2026-03-01,14,1.7079419299743808
40173,Roda de Eresma,2026-03-01,2,7.6923076923076925
08183,Roda de Ter,2026-03-01,26,3.742084052964882
02069,"Roda, La",2026-03-01,34,2.1529888551165146
26127,Rodezno,2026-03-01,0,0
15074,Rois,2026-03-01,3,0.6888633754305395
03113,Rojales,2026-03-01,71,4.05992680695334
09323,Rojas,2026-03-01,0,0
03114,"Romana, la",2026-03-01,16,5.784526391901663
10160,Romangordo,2026-03-01,1,4.166666666666667
50227,Romanos,2026-03-01,1,7.092198581560283
45149,"Romeral, El",2026-03-01,22,42.06500956022945
29084,Ronda,2026-03-01,77,2.2843241960365495
41083,"Ronquillo, El",2026-03-01,39,26.822558459422286
04079,Roquetas de Mar,2026-03-01,183,1.6628200701473823
43133,Roquetes,2026-03-01,23,2.6725540320706482
21062,Rosal de la Frontera,2026-03-01,1,0.5824111822947001
10901,Rosalejo,2026-03-01,5,3.843197540353574
17152,Roses,2026-03-01,78,3.866171003717472
49181,Rosinos de la Requejada,2026-03-01,0,0
12096,Rossell,2026-03-01,0,0
11030,Rota,2026-03-01,130,4.388926401080351
47137,Roturas,2026-03-01,1,38.46153846153847
43134,"Rourell, El",2026-03-01,4,10.38961038961039
42160,"Royo, El",2026-03-01,1,4.016064257028112
44198,Royuela,2026-03-01,1,4.385964912280701
28127,"Rozas de Madrid, Las",2026-03-01,386,3.876319304270981
28128,Rozas de Puerto Real,2026-03-01,2061,3541.237113402062
09326,Rubena,2026-03-01,0,0
44201,Rubielos de Mora,2026-03-01,0,0
41084,"Rubio, El",2026-03-01,1,0.30339805825242716
18170,Rubite,2026-03-01,1,2.304147465437788
47139,Rueda,2026-03-01,4,3.524229074889868
39066,Ruente,2026-03-01,3,2.7803521779425395
46219,Rugat,2026-03-01,0,0
13902,Ruidera,2026-03-01,1,1.893939393939394
39068,Ruiloba,2026-03-01,0,0
23074,Rus,2026-03-01,5,1.4736221632773356
14058,Rute,2026-03-01,20,2.037489812550937
08187,Sabadell,2026-03-01,676,3.009942606271901
24137,Sabero,2026-03-01,1,0.9823182711198427
23075,Sabiote,2026-03-01,9,2.4019215372297835
19244,Sacecorbo,2026-03-01,0,0
13073,Saceruela,2026-03-01,2,3.8461538461538463
40174,Sacramenia,2026-03-01,2,5.9880239520958085
15075,Sada,2026-03-01,22,1.2593737477817848
31212,Sada,2026-03-01,22,160.5839416058394
16186,Saelices,2026-03-01,1,2.092050209205021
47140,Saelices de Mayorga,2026-03-01,0,0
37272,Saelices el Chico,2026-03-01,1,5.747126436781609
03115,Sagra,2026-03-01,6,13.544018058690744
37303,"Sahugo, El",2026-03-01,1,5.617977528089887
26128,Sajazarra,2026-03-01,1,8.064516129032258
37274,Salamanca,2026-03-01,215,1.4768207826463255
18171,Salar,2026-03-01,4,1.550387596899225
29085,Salares,2026-03-01,1,5.1020408163265305
33059,Salas,2026-03-01,3,0.629458665547629
22202,Salas Bajas,2026-03-01,0,0
09329,Salas de Bureba,2026-03-01,0,0
09330,Salas de los Infantes,2026-03-01,5,2.5329280648429586
36049,Salceda de Caselas,2026-03-01,0,0
34157,Saldaña,2026-03-01,9,3.1601123595505616
09332,Saldaña de Burgos,2026-03-01,1,4.854368932038835
08190,Saldes,2026-03-01,3,9.966777408637872
46221,Salem,2026-03-01,4,9.732360097323602
17154,Sales de Llierca,2026-03-01,0,0
03116,Salinas,2026-03-01,5,2.7442371020856204
08191,Sallent,2026-03-01,15,2.1297742439301435
05197,Salobral,2026-03-01,1,9.00900900900901
02070,Salobre,2026-03-01,0,0
18173,Salobreña,2026-03-01,28,2.2028164581858234
10162,Salorino,2026-03-01,0,0
43905,Salou,2026-03-01,90,2.901541040686053
17155,Salt,2026-03-01,66,1.9073490737797303
41085,Salteras,2026-03-01,42,7.474639615589963
16189,Salvacañete,2026-03-01,0,0
50232,Salvatierra de Esca,2026-03-01,1,5.376344086021506
37277,Salvatierra de Tormes,2026-03-01,0,0
12098,"Salzadella, la",2026-03-01,1,1.483679525222552
01052,Samaniego,2026-03-01,1,3.4246575342465753
40176,Samboal,2026-03-01,1,2.1786492374727673
49184,Samir de los Caños,2026-03-01,1,6.329113924050633
44205,Samper de Calanda,2026-03-01,4,5.457025920873124
44206,San Agustín,2026-03-01,0,0
24142,San Andrés del Rabanedo,2026-03-01,40,1.3335111348179758
46903,San Antonio de Benagéber,2026-03-01,43,3.8551192397346243
26129,San Asensio,2026-03-01,5,4.553734061930784
13074,San Carlos del Valle,2026-03-01,2,1.8957345971563981
16190,San Clemente,2026-03-01,2,0.2971768202080238
42162,San Esteban de Gormaz,2026-03-01,1,0.3360215053763441
22205,San Esteban de Litera,2026-03-01,0,0
37284,San Esteban de la Sierra,2026-03-01,0,0
05207,San Esteban del Valle,2026-03-01,0,0
11031,San Fernando,2026-03-01,266,2.8452240881377686
28130,San Fernando de Henares,2026-03-01,149,3.8172828119796067
03118,San Fulgencio,2026-03-01,43,4.340803553401979
30035,San Javier,2026-03-01,47,1.2917411021025147
41086,San Juan de Aznalfarache,2026-03-01,44,1.8759326369643998
05210,San Juan de la Encinilla,2026-03-01,1,14.492753623188406
05211,San Juan de la Nava,2026-03-01,0,0
38034,San Juan de la Rambla,2026-03-01,11,2.195170624625823
21064,San Juan del Puerto,2026-03-01,21,2.098740755546672
24148,San Justo de la Vega,2026-03-01,9,5.09915014164306
13075,San Lorenzo de Calatrava,2026-03-01,1,5.319148936170213
38035,San Miguel de Abona,2026-03-01,37,1.522195252396429
39070,San Miguel de Aguayo,2026-03-01,0,0
40183,San Miguel de Bernuy,2026-03-01,1,8.333333333333334
03120,San Miguel de Salinas,2026-03-01,44,5.975013579576317
05218,San Miguel de Serrezuela,2026-03-01,0,0
37287,San Miguel de Valero,2026-03-01,1,3.215434083601286
47145,San Miguel del Arroyo,2026-03-01,0,0
47146,San Miguel del Pino,2026-03-01,2,5.420054200542006
37288,San Morales,2026-03-01,1,2.890173410404624
37289,San Muñoz,2026-03-01,1,5.050505050505051
45153,San Pablo de los Montes,2026-03-01,2,1.203369434416366
02071,San Pedro,2026-03-01,2,1.7271157167530224
42165,San Pedro Manrique,2026-03-01,0,0
16193,San Pedro Palmiches,2026-03-01,0,0
37291,San Pedro de Rozados,2026-03-01,1,3.6496350364963503
05220,San Pedro del Arroyo,2026-03-01,2,3.8910505836575875
30036,San Pedro del Pinatar,2026-03-01,83,2.7921684720446747
37290,San Pedro del Valle,2026-03-01,0,0
47149,San Pelayo,2026-03-01,0,0
11033,San Roque,2026-03-01,53,1.5198004186620022
15076,San Sadurniño,2026-03-01,2,0.7301935012778387
26139,San Torcuato,2026-03-01,0,0
49208,San Vicente de la Cabeza,2026-03-01,0,0
40179,Sanchonuño,2026-03-01,0,0
05205,Sanchorreja,2026-03-01,0,0
37282,Sanchotello,2026-03-01,0,0
03117,Sanet y Negrals,2026-03-01,5,6.934812760055479
31219,Sansol,2026-03-01,1,10.989010989010989
17157,Sant Andreu Salou,2026-03-01,1,6.134969325153374
08196,Sant Andreu de la Barca,2026-03-01,81,2.9923528759835976
17183,Sant Aniol de Finestres,2026-03-01,0,0
07046,Sant Antoni de Portmany,2026-03-01,138,4.685112884060431
08198,Sant Antoni de Vilamajor,2026-03-01,18,2.677774471883368
08199,Sant Bartomeu del Grau,2026-03-01,2,2.1482277121374866
08200,Sant Boi de Llobregat,2026-03-01,235,2.7544334657805596
08202,Sant Celoni,2026-03-01,41,2.167477267921336
17158,Sant Climent Sescebes,2026-03-01,0,0
08206,Sant Cugat Sesgarrigues,2026-03-01,5,4.821600771456123
08205,Sant Cugat del Vallès,2026-03-01,332,3.389173021366082
08208,Sant Esteve Sesrovires,2026-03-01,57,7.0266272189349115
08212,Sant Feliu Sasserra,2026-03-01,1,1.5772870662460567
17159,Sant Feliu de Buixalleu,2026-03-01,2,2.2650056625141564
08210,Sant Feliu de Codines,2026-03-01,12,1.7592728338953234
08211,Sant Feliu de Llobregat,2026-03-01,117,2.505997258396162
17161,Sant Feliu de Pallerols,2026-03-01,2,1.2062726176115801
17162,Sant Ferriol,2026-03-01,1,4.032258064516129
25192,Sant Guim de Freixenet,2026-03-01,4,3.2441200324412005
25197,Sant Guim de la Plana,2026-03-01,1,5.208333333333333
17164,Sant Hilari Sacalm,2026-03-01,15,2.470762642068852
08193,Sant Iscle de Vallalta,2026-03-01,11,7.422402159244264
43902,Sant Jaume d'Enveja,2026-03-01,11,2.926310188880021
17165,Sant Jaume de Llierca,2026-03-01,3,3.484320557491289
43137,Sant Jaume dels Domenys,2026-03-01,8,2.8378857750975524
07049,Sant Joan,2026-03-01,7,2.9661016949152543
03119,Sant Joan d'Alacant,2026-03-01,93,3.473778574630211
07050,Sant Joan de Labritja,2026-03-01,9,1.288659793814433
17168,Sant Joan de Mollet,2026-03-01,3,5.597014925373134
12902,Sant Joan de Moró,2026-03-01,9,2.4148108398175476
08218,Sant Joan de Vilatorrada,2026-03-01,21,1.890359168241966
17185,Sant Joan les Fonts,2026-03-01,10,3.1655587211142766
17166,Sant Jordi Desvalls,2026-03-01,1,1.1350737797956867
07048,Sant Josep de sa Talaia,2026-03-01,203,6.611947104423164
08221,Sant Just Desvern,2026-03-01,65,3.0886196246139224
08223,Sant Llorenç Savall,2026-03-01,10,3.85951370127364
08222,Sant Llorenç d'Hortons,2026-03-01,11,4.196871423120946
25193,Sant Llorenç de Morunys,2026-03-01,1,1.0183299389002036
07052,Sant Lluís,2026-03-01,15,2.014233919699208
12100,Sant Mateu,2026-03-01,4,1.990049751243781
08229,Sant Mateu de Bages,2026-03-01,2,3.125
17174,Sant Miquel de Campmajor,2026-03-01,1,3.8910505836575875
17176,Sant Mori,2026-03-01,3,17.964071856287426
17178,Sant Pere Pescador,2026-03-01,9,3.938730853391685
08189,Sant Pere Sallavinera,2026-03-01,1,5.649717514124294
08231,Sant Pere de Ribes,2026-03-01,75,2.2996964400699107
08234,Sant Pere de Vilamajor,2026-03-01,10,1.9727756954034328
08235,Sant Pol de Mar,2026-03-01,22,3.8075458636206303
08239,Sant Quirze Safaja,2026-03-01,0,0
08237,Sant Quirze de Besora,2026-03-01,8,3.6985668053629217
25194,Sant Ramon,2026-03-01,2,4.140786749482402
08262,Sant Vicenç de Castellet,2026-03-01,19,1.868791187174191
08264,Sant Vicenç de Montalt,2026-03-01,35,5.125201347195783
08263,Sant Vicenç dels Horts,2026-03-01,86,2.9902642559109878
06120,Santa Amalia,2026-03-01,4,1.0296010296010296
10165,Santa Ana,2026-03-01,19,62.7062706270627
45155,Santa Ana de Pusa,2026-03-01,0,0
09343,Santa Cecilia,2026-03-01,1,9.25925925925926
34167,Santa Cecilia del Alcor,2026-03-01,0,0
22208,Santa Cilia,2026-03-01,1,4.132231404958678
49197,Santa Clara de Avedillo,2026-03-01,0,0
26134,Santa Coloma,2026-03-01,1,9.5238095238095255
17180,Santa Coloma de Farners,2026-03-01,30,2.1100014066676045
08245,Santa Coloma de Gramenet,2026-03-01,210,1.7038539553752534
43139,Santa Coloma de Queralt,2026-03-01,6,2.1186440677966103
15077,Santa Comba,2026-03-01,7,0.7417611529087634
17181,Santa Cristina d'Aro,2026-03-01,30,5.023442732752847
49201,Santa Croya de Tera,2026-03-01,1,3.937007874015748
39073,Santa Cruz de Bezana,2026-03-01,15,1.0802246867348408
04080,Santa Cruz de Marchena,2026-03-01,0,0
50237,Santa Cruz de Moncayo,2026-03-01,1,8.130081300813009
16194,Santa Cruz de Moya,2026-03-01,1,4.273504273504274
13077,Santa Cruz de Mudela,2026-03-01,8,2.067717756526234
05222,Santa Cruz de Pinares,2026-03-01,1,5.88235294117647
38038,Santa Cruz de Tenerife,2026-03-01,698,3.3002676148237806
38037,Santa Cruz de la Palma,2026-03-01,29,1.8397513163737866
09345,Santa Cruz de la Salceda,2026-03-01,1,6.7114093959731544
10166,Santa Cruz de la Sierra,2026-03-01,0,0
45156,Santa Cruz de la Zarza,2026-03-01,7,1.6497761018147536
18174,Santa Cruz del Comercio,2026-03-01,2,3.8314176245210727
23076,Santa Elena,2026-03-01,1,1.1574074074074074
24154,Santa Elena de Jamuz,2026-03-01,0,0
14061,Santa Eufemia,2026-03-01,3,4.373177842565598
47152,Santa Eufemia del Arroyo,2026-03-01,0,0
44209,Santa Eulalia,2026-03-01,5,4.9800796812749
26136,Santa Eulalia Bajera,2026-03-01,1,8.547008547008549
33062,Santa Eulalia de Oscos,2026-03-01,1,2.3640661938534278
09347,Santa Gadea del Cid,2026-03-01,1,5.4945054945054945
07055,Santa Margalida,2026-03-01,16,1.1317818490485958
08257,Santa Maria de Miralles,2026-03-01,2,13.888888888888888
24159,Santa Marina del Rey,2026-03-01,1,0.5827505827505828
06121,Santa Marta,2026-03-01,4,0.9526077637532746
10168,Santa Marta de Magasca,2026-03-01,1,3.4129692832764507
37294,Santa Marta de Tormes,2026-03-01,46,3.0771289049434745
45158,Santa Olalla,2026-03-01,8,2.1984061555372354
21069,Santa Olalla del Cala,2026-03-01,2,0.9779951100244498
43140,Santa Oliva,2026-03-01,37,9.970358393963892
17184,Santa Pau,2026-03-01,7,4.435994930291509
03121,Santa Pola,2026-03-01,102,2.574327393872091
08261,Santa Susanna,2026-03-01,19,4.69251667078291
31220,Santacara,2026-03-01,1,1.152073732718894
14060,Santaella,2026-03-01,6,1.281777397991882
39075,Santander,2026-03-01,517,2.952902068744931
24160,Santas Martas,2026-03-01,4,5.242463958060289
50239,Santed,2026-03-01,0,0
23077,Santiago de Calatrava,2026-03-01,0,0
15078,Santiago de Compostela,2026-03-01,179,1.7750540449415917
38040,Santiago del Teide,2026-03-01,6,0.4740834386852086
39076,Santillana del Mar,2026-03-01,2,0.4738213693437574
41089,Santiponce,2026-03-01,19,2.19247634433418
15079,Santiso,2026-03-01,1,0.6993006993006993
23079,Santisteban del Puerto,2026-03-01,8,1.7977528089887642
39078,Santiurde de Toranzo,2026-03-01,1,0.5807200929152149
19250,Santiuste,2026-03-01,0,0
37299,Santiz,2026-03-01,0,0
09358,Santo Domingo de Silos,2026-03-01,0,0
45901,Santo Domingo-Caudilla,2026-03-01,7,5.359877488514548
30901,Santomera,2026-03-01,56,3.4158838599487615
28136,Santorcaz,2026-03-01,1,0.9852216748768472
06122,"Santos de Maimona, Los",2026-03-01,16,1.9750648068139736
28137,"Santos de la Humosa, Los",2026-03-01,6,2.0761245674740487
37300,"Santos, Los",2026-03-01,5,8.771929824561402
49207,Santovenia,2026-03-01,1,4.587155963302752
47155,Santovenia de Pisuerga,2026-03-01,14,2.9331657238633984
39079,Santoña,2026-03-01,14,1.2866464479367705
08192,Santpedor,2026-03-01,23,2.971960201576431
48082,Santurtzi,2026-03-01,57,1.22501611863314
49210,Sanzoles,2026-03-01,2,4.385964912280701
09361,Sargentes de la Lora,2026-03-01,0,0
22213,Sariñena,2026-03-01,17,4.127215343529983
39081,Saro,2026-03-01,0,0
43142,Sarral,2026-03-01,2,1.2143290831815423
32078,Sarreaus,2026-03-01,1,0.9363295880149812
27057,Sarria,2026-03-01,2,0.14518002322880372
25201,Sarroca de Bellera,2026-03-01,0,0
25200,Sarroca de Lleida,2026-03-01,2,5.221932114882507
31223,Sartaguda,2026-03-01,3,2.1994134897360706
45159,Sartajada,2026-03-01,0,0
10173,Saucedilla,2026-03-01,0,0
41090,"Saucejo, El",2026-03-01,6,1.430274135876043
37302,Saucelle,2026-03-01,0,0
40192,Sauquillo de Cabezas,2026-03-01,0,0
38041,"Sauzal, El",2026-03-01,11,1.1759675005345307
03123,Sax,2026-03-01,12,1.1583011583011582
29086,Sayalonga,2026-03-01,4,2.4464831804281344
47158,"Seca, La",2026-03-01,1,0.9823182711198427
22214,Secastilla,2026-03-01,2,14.084507042253522
43144,"Secuita, La",2026-03-01,6,3.246753246753247
29087,Sedella,2026-03-01,3,4.901960784313726
46224,Segart,2026-03-01,0,0
12104,Segorbe,2026-03-01,21,2.1398002853067046
40194,Segovia,2026-03-01,90,1.7245013316982505
20070,Segura,2026-03-01,1,0.6697923643670461
10174,Segura de Toro,2026-03-01,1,5.208333333333333
23081,Segura de la Sierra,2026-03-01,0,0
45160,Segurilla,2026-03-01,2,1.389854065323141
22215,Seira,2026-03-01,0,0
39082,Selaya,2026-03-01,2,1.0672358591248667
03124,Sella,2026-03-01,3,4.82315112540193
46225,Sellent,2026-03-01,1,2.5906735751295336
07058,Selva,2026-03-01,12,2.7822861117551585
17188,"Selva de Mar, La",2026-03-01,0,0
43145,"Selva del Camp, La",2026-03-01,25,4.347070074769605
22217,Sena,2026-03-01,2,4.0983606557377055
07047,Sencelles,2026-03-01,8,1.9622271277900416
03125,Senija,2026-03-01,2,2.890173410404624
08267,Sentmenat,2026-03-01,37,3.8832913518052057
46227,Senyera,2026-03-01,1,0.8968609865470852
34175,"Serna, La",2026-03-01,0,0
46228,Serra,2026-03-01,16,4.25531914893617
47159,Serrada,2026-03-01,3,2.6785714285714284
05232,"Serrada, La",2026-03-01,0,0
10175,Serradilla,2026-03-01,0,0
37306,Serradilla del Arroyo,2026-03-01,1,4.184100418410042
05233,Serranillos,2026-03-01,2,8.438818565400844
28140,Serranillos del Valle,2026-03-01,15,3.204443494979705
29904,Serrato,2026-03-01,0,0
22220,Sesa,2026-03-01,3,17.857142857142858
31224,Sesma,2026-03-01,2,1.591089896579157
48084,Sestao,2026-03-01,45,1.5804446317564007
50243,Sestrica,2026-03-01,1,3.076923076923077
11034,Setenil de las Bodegas,2026-03-01,10,3.7921880925293894
25203,"Seu d'Urgell, La",2026-03-01,15,1.1535799430900562
08269,Seva,2026-03-01,11,2.8810895756940806
41091,Sevilla,2026-03-01,1740,2.52644784337185
28141,Sevilla la Nueva,2026-03-01,39,3.970273847093556
45162,Sevilleja de la Jara,2026-03-01,0,0
25205,Sidamon,2026-03-01,3,3.963011889035667
37309,"Sierpe, La",2026-03-01,2,48.78048780487805
10177,Sierra de Fuentes,2026-03-01,4,1.9230769230769231
50244,Sierra de Luna,2026-03-01,0,0
29088,Sierra de Yeguas,2026-03-01,3,0.8774495466510676
04084,Sierro,2026-03-01,1,2.7472527472527473
46229,Siete Aguas,2026-03-01,2,1.5037593984962407
37310,Sieteiglesias de Tormes,2026-03-01,0,0
19257,Sigüenza,2026-03-01,6,1.2249897917517354
23082,Siles,2026-03-01,2,0.9699321047526673
46230,Silla,2026-03-01,41,2.001562194883812
38042,"Silos, Los",2026-03-01,3,0.6298551333193366
17193,Sils,2026-03-01,18,2.5996533795493937
47161,Simancas,2026-03-01,11,1.9812680115273775
46231,Simat de la Valldigna,2026-03-01,10,2.997601918465228
46232,Sinarcas,2026-03-01,2,1.6992353440951573
07060,Sineu,2026-03-01,18,3.9543057996485063
44213,Singra,2026-03-01,1,13.157894736842104
06125,Siruela,2026-03-01,2,1.13314447592068
16198,Sisante,2026-03-01,2,1.2172854534388313
08270,Sitges,2026-03-01,95,2.906087488528602
50247,Sobradiel,2026-03-01,3,2.6833631484794274
24165,Sobrado,2026-03-01,3,10.989010989010989
15080,Sobrado,2026-03-01,3,1.646542261251372
02072,Socovos,2026-03-01,1,0.6045949214026601
26143,Sojuela,2026-03-01,3,4.30416068866571
06126,Solana de los Barros,2026-03-01,10,3.9200313602508823
13080,Solana del Pino,2026-03-01,1,3.003003003003003
13079,"Solana, La",2026-03-01,19,1.2488497436571577
19258,Solanillos del Extremo,2026-03-01,0,0
16199,Solera de Gabaldón,2026-03-01,0,0
43147,Solivella,2026-03-01,1,1.5649452269170578
46233,Sollana,2026-03-01,15,2.941753284957835
05238,Solosancho,2026-03-01,1,1.3315579227696406
25207,Solsona,2026-03-01,18,1.8478595626732368
28143,Somosierra,2026-03-01,0,0
15081,"Somozas, As",2026-03-01,2,1.9138755980861244
07062,Son Servera,2026-03-01,17,1.351029166335532
48904,Sondika,2026-03-01,9,1.9243104554201411
12106,Soneja,2026-03-01,3,1.959503592423253
45163,Sonseca,2026-03-01,15,1.3136001401173483
22223,Sopeira,2026-03-01,1,11.627906976744185
48086,Sopuerta,2026-03-01,3,1.0634526763559022
08272,Sora,2026-03-01,0,0
04086,Sorbas,2026-03-01,2,0.7861635220125787
42173,Soria,2026-03-01,94,2.295986907989546
25208,Soriguera,2026-03-01,0,0
37312,Sorihuela,2026-03-01,1,3.90625
25209,Sort,2026-03-01,6,2.6235242675994757
26144,Sorzano,2026-03-01,0,0
25210,Soses,2026-03-01,10,5.307855626326964
46234,Sot de Chera,2026-03-01,1,2.3255813953488373
12107,Sot de Ferrer,2026-03-01,2,4.0983606557377055
05239,Sotalbo,2026-03-01,1,4.184100418410042
40198,Sotillo,2026-03-01,1,33.333333333333336
05240,Sotillo de la Adrada,2026-03-01,3,0.5945303210463733
09369,Sotillo de la Ribera,2026-03-01,1,2.070393374741201
45164,Sotillo de las Palomas,2026-03-01,0,0
42174,Sotillo del Rincón,2026-03-01,0,0
19260,"Sotillo, El",2026-03-01,0,0
24166,Soto de la Vega,2026-03-01,1,0.6747638326585694
33069,Soto del Barco,2026-03-01,3,0.7861635220125787
28144,Soto del Real,2026-03-01,25,2.64298551643937
40199,Sotosalbos,2026-03-01,0,0
37313,Sotoserrano,2026-03-01,2,3.992015968063872
09372,Sotragero,2026-03-01,2,6.600660066006601
09373,Sotresgudo,2026-03-01,1,2.4154589371980677
36053,Soutomaior,2026-03-01,0,0
39085,Suances,2026-03-01,11,1.2172181033528826
08273,Subirats,2026-03-01,9,2.7380590203833286
25211,Sudanell,2026-03-01,4,4.3478260869565215
46235,Sueca,2026-03-01,60,2.0308692120227456
48076,Sukarrieta,2026-03-01,1,2.7472527472527473
31226,Sunbilla,2026-03-01,9,13.138686131386862
25212,Sunyer,2026-03-01,3,9.67741935483871
17194,Susqueda,2026-03-01,1,9.70873786407767
34178,Tabanera de Cerrato,2026-03-01,0,0
04088,Tabernas,2026-03-01,19,4.721669980119284
04089,Taberno,2026-03-01,0,0
38043,Tacoronte,2026-03-01,36,1.457844010690856
31227,Tafalla,2026-03-01,12,1.1042606055028985
08276,Tagamanent,2026-03-01,1,3.0395136778115504
04090,Tahal,2026-03-01,0,0
08277,Talamanca,2026-03-01,1,4.784688995215311
25215,Talarn,2026-03-01,1,1.7889087656529516
06127,Talarrubias,2026-03-01,15,4.615384615384616
25216,Talavera,2026-03-01,2,7.117437722419928
45165,Talavera de la Reina,2026-03-01,158,1.8717496120265835
06128,Talavera la Real,2026-03-01,17,3.1004924311508297
10180,Talayuela,2026-03-01,15,2.0202020202020203
16202,Talayuelas,2026-03-01,0,0
12109,Tales,2026-03-01,3,3.5885167464114835
37316,Tamames,2026-03-01,3,3.826530612244898
22225,Tamarite de Litera,2026-03-01,15,4.339022273647671
38044,"Tanque, El",2026-03-01,3,1.0695187165775402
33070,Tapia de Casariego,2026-03-01,2,0.5657708628005658
49216,Tapioles,2026-03-01,2,15.625
08278,Taradell,2026-03-01,20,2.9248318221702254
33071,Taramundi,2026-03-01,1,1.834862385321101
50251,Tarazona,2026-03-01,14,1.287711552612215
02073,Tarazona de la Mancha,2026-03-01,9,1.4667535853976532
09377,Tardajos,2026-03-01,2,2.3121387283236996
22226,Tardienta,2026-03-01,3,3.1545741324921135
34181,Tariego de Cerrato,2026-03-01,1,1.976284584980237
11035,Tarifa,2026-03-01,66,3.5432436785311645
43148,Tarragona,2026-03-01,379,2.6455395783889433
25219,Tarroja de Segarra,2026-03-01,0,0
19265,Tartanedo,2026-03-01,0,0
50252,Tauste,2026-03-01,16,2.3487962419260127
46237,Tavernes Blanques,2026-03-01,21,2.145265093472265
46238,Tavernes de la Valldigna,2026-03-01,37,2.0632353761222326
38045,Tazacorte,2026-03-01,7,1.5466195315952276
29089,Teba,2026-03-01,4,1.0851871947911014
38046,Tegueste,2026-03-01,23,1.9977416833145138
42183,Tejado,2026-03-01,0,0
35025,Tejeda,2026-03-01,2,1.1013215859030838
35026,Telde,2026-03-01,185,1.7630297427882553
45166,Tembleque,2026-03-01,4,1.976284584980237
19266,Tendilla,2026-03-01,1,2.7472527472527473
15082,Teo,2026-03-01,15,0.7878978884336589
12110,Teresa,2026-03-01,0,0
46239,Teresa de Cofrentes,2026-03-01,2,3.236245954692557
17196,Terrades,2026-03-01,1,2.967359050445104
37322,Terradillos,2026-03-01,1,0.3014772384684956
09380,Terradillos de Esgueva,2026-03-01,1,17.241379310344826
08279,Terrassa,2026-03-01,746,3.206175110454022
46240,Terrateig,2026-03-01,1,3.484320557491289
13081,Terrinches,2026-03-01,0,0
44216,Teruel,2026-03-01,103,2.8202951726403986
03128,Teulada,2026-03-01,46,3.557067738942159
08282,Tiana,2026-03-01,34,3.6317026276436657
03129,Tibi,2026-03-01,15,8.192244675040962
47163,Tiedra,2026-03-01,0,0
28146,Tielmes,2026-03-01,128,43.53741496598639
05241,"Tiemblo, El",2026-03-01,7,1.5190972222222223
22228,Tierz,2026-03-01,4,4.860267314702308
19268,Tierzo,2026-03-01,0,0
38047,Tijarafe,2026-03-01,4,1.4716703458425313
35029,Tinajo,2026-03-01,69,9.99420625724218
33073,Tineo,2026-03-01,8,0.9190120620333142
26148,Tirgo,2026-03-01,0,0
46241,Titaguas,2026-03-01,1,1.9267822736030829
28147,Titulcia,2026-03-01,6,4.291845493562231
25222,Tiurana,2026-03-01,0,0
43149,Tivenys,2026-03-01,3,3.1512605042016806
43150,Tivissa,2026-03-01,4,2.4140012070006036
05242,Tiñosillos,2026-03-01,1,1.364256480218281
09382,Tobar,2026-03-01,0,0
02074,Tobarra,2026-03-01,11,1.374656335916021
50255,Tobed,2026-03-01,2,10.15228426395939
45167,"Toboso, El",2026-03-01,3,1.7381228273464657
41092,Tocina,2026-03-01,7,0.7399577167019028
39086,"Tojos, Los",2026-03-01,0,0
45168,Toledo,2026-03-01,195,2.239474469991042
20071,Tolosa,2026-03-01,35,1.7394761691764822
29090,Tolox,2026-03-01,6,2.4174053182917006
22229,Tolva,2026-03-01,1,7.6923076923076925
41093,Tomares,2026-03-01,73,2.854126754506001
13082,Tomelloso,2026-03-01,63,1.6942315449778136
08283,Tona,2026-03-01,32,3.758956889463174
37323,Topas,2026-03-01,2,3.8610038610038613
15083,Toques,2026-03-01,0,0
24168,Toral de los Guzmanes,2026-03-01,4,8.247422680412372
24206,Toral de los Vados,2026-03-01,1,0.5717552887364208
47164,Tordehumos,2026-03-01,2,5.449591280653951
08284,Tordera,2026-03-01,66,3.465112616160025
47165,Tordesillas,2026-03-01,19,2.1588455857288946
19272,Tordesilos,2026-03-01,0,0
37324,Tordillos,2026-03-01,1,3.246753246753247
15084,Tordoia,2026-03-01,5,1.585791309863622
24169,Toreno,2026-03-01,1,0.35137034434293746
19274,Torija,2026-03-01,2,1.0712372790573113
10182,Toril,2026-03-01,1,6.5359477124183005
03131,Tormos,2026-03-01,1,3.0395136778115504
25225,Tornabous,2026-03-01,2,2.4154589371980677
10183,Tornavacas,2026-03-01,2,1.9860973187686195
10184,"Torno, El",2026-03-01,1,1.243781094527363
44219,Tornos,2026-03-01,1,5.747126436781609
49219,Toro,2026-03-01,20,2.395496466642712
12115,"Toro, El",2026-03-01,10,38.91050583657588
34182,Torquemada,2026-03-01,2,2.0682523267838677
13083,Torralba de Calatrava,2026-03-01,6,1.9442644199611148
50257,Torralba de Ribota,2026-03-01,1,6.329113924050633
44220,Torralba de los Sisones,2026-03-01,0,0
12116,Torralba del Pinar,2026-03-01,1,17.543859649122805
44223,Torre de Arcas,2026-03-01,0,0
25227,"Torre de Cabdella, La",2026-03-01,0,0
08286,"Torre de Claramunt, La",2026-03-01,8,1.9258545979778525
10187,Torre de Don Miguel,2026-03-01,0,0
47169,Torre de Esgueva,2026-03-01,0,0
43151,"Torre de Fontaubella, La",2026-03-01,2,16.666666666666668
13084,Torre de Juan Abad,2026-03-01,3,3.2327586206896552
06131,Torre de Miguel Sesmero,2026-03-01,4,3.2441200324412005
43152,"Torre de l'Espanyol, La",2026-03-01,0,0
24170,Torre del Bierzo,2026-03-01,0,0
44225,Torre del Compte,2026-03-01,0,0
49220,"Torre del Valle, La",2026-03-01,1,8.196721311475411
44227,Torre los Negros,2026-03-01,1,12.987012987012989
05247,"Torre, La",2026-03-01,1,4.694835680751174
25233,Torre-serona,2026-03-01,2,4.773269689737471
25226,Torrebesses,2026-03-01,89,317.85714285714283
12117,Torreblanca,2026-03-01,9,1.563314226159458
23085,Torreblascopedro,2026-03-01,2,0.8385744234800838
40203,Torrecaballeros,2026-03-01,6,4.008016032064128
14062,Torrecampo,2026-03-01,1,1.0090817356205852
44221,Torrecilla de Alcañiz,2026-03-01,2,4.545454545454545
45170,Torrecilla de la Jara,2026-03-01,0,0
47167,Torrecilla de la Orden,2026-03-01,0,0
09386,Torrecilla del Monte,2026-03-01,1,12.658227848101266
40204,Torrecilla del Pinar,2026-03-01,2,10.526315789473683
26151,Torrecilla en Cameros,2026-03-01,1,2.1231422505307855
19277,Torrecuadrada de Molina,2026-03-01,1,50
23086,Torredelcampo,2026-03-01,0,0
43153,Torredembarra,2026-03-01,54,2.9686641011544803
23087,Torredonjimeno,2026-03-01,33,2.4967844442763107
25228,Torrefarrera,2026-03-01,23,4.646464646464647
09387,Torregalindo,2026-03-01,1,7.751937984496124
49221,Torregamones,2026-03-01,0,0
25230,Torregrossa,2026-03-01,8,3.50109409190372
10189,Torrejoncillo,2026-03-01,2,0.7254261878853826
16211,Torrejoncillo del Rey,2026-03-01,2,5.88235294117647
28151,Torrelaguna,2026-03-01,536,105.59495665878644
25231,Torrelameu,2026-03-01,7,8.578431372549021
39087,Torrelavega,2026-03-01,101,1.954788263528683
08287,Torrelavit,2026-03-01,1,0.6349206349206349
46243,Torrella,2026-03-01,0,0
50261,Torrellas,2026-03-01,1,4.032258064516129
08288,Torrelles de Foix,2026-03-01,5,1.817520901490367
08289,Torrelles de Llobregat,2026-03-01,18,2.9211295034079843
28152,Torrelodones,2026-03-01,87,3.435476228084031
06132,Torremayor,2026-03-01,1,1.0050251256281408
10191,Torremenga,2026-03-01,1,1.6129032258064515
19282,Torremocha del Campo,2026-03-01,1,5.208333333333333
29901,Torremolinos,2026-03-01,256,3.591974182685562
17197,Torrent,2026-03-01,185,1022.0994475138122
46244,Torrent,2026-03-01,185,2.025111381125962
22234,Torrente de Cinca,2026-03-01,2,1.8570102135561746
13085,Torrenueva,2026-03-01,2,0.7584376185058779
18916,Torrenueva Costa,2026-03-01,1,0.3143665513989311
10193,Torreorgaz,2026-03-01,2,1.2165450121654502
23088,Torreperogil,2026-03-01,12,1.6846834199073424
23090,Torres,2026-03-01,9,6.731488406881077
22235,Torres de Alcanadre,2026-03-01,0,0
30038,"Torres de Cotillas, Las",2026-03-01,44,1.9286403085824495
25232,Torres de Segre,2026-03-01,5,2.1786492374727673
28154,Torres de la Alameda,2026-03-01,22,2.8100651424192105
49222,Torres del Carrizal,2026-03-01,2,4.819277108433735
09390,Torresandino,2026-03-01,1,1.7730496453900708
37327,Torresmenudas,2026-03-01,0,0
03133,Torrevieja,2026-03-01,383,3.812083208918085
45172,Torrico,2026-03-01,1,1.4367816091954022
45173,Torrijos,2026-03-01,33,2.3055963110459023
29091,Torrox,2026-03-01,33,1.5141087405368203
42187,Torrubia de Soria,2026-03-01,0,0
43155,Tortosa,2026-03-01,92,2.5373710629378343
19287,Tortuera,2026-03-01,1,6.369426751592357
09392,Tosantos,2026-03-01,1,21.27659574468085
17202,Tossa de Mar,2026-03-01,19,3.019227713332274
30039,Totana,2026-03-01,88,2.5759615947544052
15085,Touro,2026-03-01,0,0
46246,Tous,2026-03-01,3,2.214022140221402
37328,Trabanca,2026-03-01,0,0
49223,Trabazos,2026-03-01,1,1.1890606420927465
16215,Tragacete,2026-03-01,2,7.633587786259541
12121,Traiguera,2026-03-01,2,1.5048908954100828
22239,Tramaced,2026-03-01,0,0
06134,Trasierra,2026-03-01,1,1.697792869269949
47173,Traspinedo,2026-03-01,0,0
15086,Trazo,2026-03-01,3,1.001001001001001
11037,Trebujena,2026-03-01,6,0.85604223141675
25234,Tremp,2026-03-01,10,1.6244314489928524
28903,Tres Cantos,2026-03-01,149,2.7336440024951383
40207,Trescasas,2026-03-01,2,1.7746228926353151
16216,Tresjuncos,2026-03-01,2,7.782101167315175
09394,Trespaderne,2026-03-01,0,0
26155,Treviana,2026-03-01,0,0
26157,Tricio,2026-03-01,1,2.6666666666666665
21070,Trigueros,2026-03-01,18,2.1964612568639414
47174,Trigueros del Valle,2026-03-01,0,0
19290,Trijueque,2026-03-01,3,1.7084282460136675
19291,Trillo,2026-03-01,4,2.8469750889679717
24172,Truchas,2026-03-01,0,0
06135,Trujillanos,2026-03-01,3,2.1291696238466997
10195,Trujillo,2026-03-01,19,2.1939953810623556
31232,Tudela,2026-03-01,94,2.424367472210043
47175,Tudela de Duero,2026-03-01,17,1.9030560841822455
36055,Tui,2026-03-01,0,0
35030,Tuineje,2026-03-01,7,0.41302808590984186
24173,Turcia,2026-03-01,1,1.0245901639344264
45175,Turleque,2026-03-01,1,1.4285714285714286
04093,Turre,2026-03-01,17,3.7929495760821066
04094,Turrillas,2026-03-01,2,7.751937984496124
48088,Ubide,2026-03-01,1,5.780346820809248
11038,Ubrique,2026-03-01,33,1.9850818094321463
31234,Ucar,2026-03-01,2,10.309278350515465
19293,Uceda,2026-03-01,10,2.937720329024677
48065,Ugao-Miraballes,2026-03-01,7,1.66270783847981
45176,Ugena,2026-03-01,23,3.812997347480106
30040,Ulea,2026-03-01,30,32.53796095444685
04095,Uleila del Campo,2026-03-01,2,2.450980392156863
08290,Ullastrell,2026-03-01,9,4.147465437788019
17205,Ullastret,2026-03-01,1,3.968253968253968
43156,Ulldecona,2026-03-01,14,2.0545934840035223
17203,Ultramort,2026-03-01,0,0
41094,Umbrete,2026-03-01,15,1.5819447373971736
50267,Uncastillo,2026-03-01,0,0
45177,Urda,2026-03-01,5,2.039983680130559
31240,Urdiain,2026-03-01,4,6.1443932411674345
48089,Urduliz,2026-03-01,26,4.245591116917048
01054,Urkabustaiz,2026-03-01,0,0
20072,Urnieta,2026-03-01,14,2.2120398167167012
47177,Urones de Castroponce,2026-03-01,0,0
20077,Urretxu,2026-03-01,9,1.3368983957219251
31244,Urroz,2026-03-01,0,0
47178,Urueña,2026-03-01,0,0
40210,Urueñas,2026-03-01,0,0
26160,Uruñuela,2026-03-01,2,1.9821605550049552
06136,Usagre,2026-03-01,3,1.7667844522968197
50271,Used,2026-03-01,2,8
20073,Usurbil,2026-03-01,13,2.0067922198209325
50272,Utebo,2026-03-01,47,2.4562320355369742
46249,Utiel,2026-03-01,20,1.7183606839075523
41095,Utrera,2026-03-01,101,1.924212692183124
44238,Utrillas,2026-03-01,3,0.9762447120078099
49225,Uña de Quintana,2026-03-01,1,8.474576271186441
08291,Vacarisses,2026-03-01,32,4.150453955901427
49226,Vadillo de la Guareña,2026-03-01,1,4.166666666666667
09400,Vadocondes,2026-03-01,0,0
24185,Val de San Lorenzo,2026-03-01,2,4.056795131845842
15088,Val do Dubra,2026-03-01,2,0.542740841248304
44240,Valbona,2026-03-01,0,0
47179,Valbuena de Duero,2026-03-01,0,0
49227,Valcabado,2026-03-01,6,14.457831325301205
28155,Valdaracete,2026-03-01,3,4.518072289156627
10196,Valdastillas,2026-03-01,0,0
44241,Valdealgorfa,2026-03-01,2,3.4364261168384878
19298,Valdearenas,2026-03-01,1,11.363636363636363
19299,Valdeavellano,2026-03-01,1,9.900990099009901
42191,Valdeavellano de Tera,2026-03-01,0,0
28156,Valdeavero,2026-03-01,9,4.7568710359408035
19300,Valdeaveruelo,2026-03-01,5,3.8109756097560976
37330,Valdecarros,2026-03-01,1,3.3783783783783785
24175,Valdefresno,2026-03-01,2,0.8467400508044031
10198,Valdefuentes,2026-03-01,1,0.9267840593141798
02075,Valdeganga,2026-03-01,3,1.5113350125944585
06901,Valdelacalzada,2026-03-01,9,3.2774945375091042
10200,Valdelacasa de Tajo,2026-03-01,2,5.952380952380952
28157,Valdelaguna,2026-03-01,2,1.7857142857142856
21071,Valdelarco,2026-03-01,1,4.149377593360996
44244,Valdelinares,2026-03-01,1,12.195121951219512
37335,Valdelosa,2026-03-01,0,0
44245,Valdeltormo,2026-03-01,2,6.578947368421052
24177,Valdelugueros,2026-03-01,1,2.061855670103093
42194,Valdemaluque,2026-03-01,1,7.194244604316547
28158,Valdemanco,2026-03-01,1,0.8936550491510277
13086,Valdemanco del Esteras,2026-03-01,0,0
28159,Valdemaqueda,2026-03-01,1,1.1481056257175661
37336,Valdemierque,2026-03-01,0,0
28160,Valdemorillo,2026-03-01,40,2.7787426189649183
28161,Valdemoro,2026-03-01,261,3.0321336462278397
10202,Valdeobispo,2026-03-01,0,0
13087,Valdepeñas,2026-03-01,37,1.2052902469216236
24180,Valdepolo,2026-03-01,0,0
40211,Valdeprados,2026-03-01,1,15.873015873015872
24181,Valderas,2026-03-01,6,4.024144869215292
44246,Valderrobres,2026-03-01,5,1.970831690973591
42197,Valderrodilla,2026-03-01,0,0
37337,Valderrodrigo,2026-03-01,1,7.936507936507936
18914,Valderrubio,2026-03-01,5,2.416626389560174
24183,Valderrueda,2026-03-01,0,0
47182,Valdestillas,2026-03-01,5,3.0395136778115504
06138,Valdetorres,2026-03-01,1,0.9049773755656109
28164,Valdetorres de Jarama,2026-03-01,9,1.7277788443079285
40212,Valdevacas de Montejo,2026-03-01,0,0
40213,Valdevacas y Guijar,2026-03-01,0,0
45179,Valdeverdeja,2026-03-01,3,4.983388704318936
24187,Valdevimbre,2026-03-01,2,2.2246941045606228
09405,Valdezate,2026-03-01,2,17.391304347826086
28165,Valdilecha,2026-03-01,11,3.3202535466344703
09406,Valdorros,2026-03-01,1,2.688172043010753
15087,Valdoviño,2026-03-01,2,0.29390154298310067
37338,Valdunciel,2026-03-01,0,0
46250,Valencia,2026-03-01,1887,2.24226969501805
24188,Valencia de Don Juan,2026-03-01,10,1.945903872348706
06140,Valencia del Mombuey,2026-03-01,2,2.840909090909091
06141,Valencia del Ventoso,2026-03-01,5,2.672367717797969
14063,Valenzuela,2026-03-01,0,0
13088,Valenzuela de Calatrava,2026-03-01,2,3.1298904538341157
44247,Valjunquera,2026-03-01,2,5.952380952380952
12124,Vall d'Alba,2026-03-01,7,2.1854511395566654
03134,"Vall d'Alcalà, la",2026-03-01,0,0
12126,"Vall d'Uixó, la",2026-03-01,64,1.9863438857852267
12125,Vall de Almonacid,2026-03-01,0,0
17208,"Vall de Bianya, La",2026-03-01,2,1.4903129657228018
03137,"Vall de Laguar, la",2026-03-01,2,2.1881838074398248
17209,Vall-llobrega,2026-03-01,4,4.434589800443459
46251,Vallada,2026-03-01,0,0
47186,Valladolid,2026-03-01,677,2.243222287755386
09408,Vallarta de Bureba,2026-03-01,0,0
08292,Vallbona d'Anoia,2026-03-01,4,2.8169014084507045
08293,Vallcebre,2026-03-01,1,3.8461538461538463
07063,Valldemossa,2026-03-01,4,1.9474196689386563
38049,Valle Gran Rey,2026-03-01,3,0.6243496357960457
06147,Valle de Matamoros,2026-03-01,0,0
06148,Valle de Santa Ana,2026-03-01,3,2.742230347349177
39101,Valle de Villaverde,2026-03-01,0,0
06146,Valle de la Serena,2026-03-01,3,2.7958993476234855
38050,Vallehermoso,2026-03-01,1,0.339097999321804
09417,Vallejera,2026-03-01,0,0
40219,Vallelado,2026-03-01,3,4.026845637583893
35032,Valleseco,2026-03-01,2,0.5278437582475588
25240,Vallfogona de Balaguer,2026-03-01,8,3.9840637450199203
08294,Vallgorguina,2026-03-01,14,4.277421326000611
12127,Vallibona,2026-03-01,1,15.873015873015872
08295,Vallirana,2026-03-01,61,3.756388940205678
43160,Vallmoll,2026-03-01,11,5.508262393590386
08296,Vallromanes,2026-03-01,12,4.313443565780014
43161,Valls,2026-03-01,60,2.3492560689115116
50275,Valmadrid,2026-03-01,0,0
45180,Valmojado,2026-03-01,14,2.829997978572872
47184,Valoria la Buena,2026-03-01,5,6.7114093959731544
50276,Valpalmas,2026-03-01,0,0
37340,Valsalabroso,2026-03-01,1,8.333333333333334
40214,Valseca,2026-03-01,2,9.615384615384617
14064,Valsequillo,2026-03-01,1,2.840909090909091
42198,Valtajeros,2026-03-01,0,0
40215,Valtiendas,2026-03-01,0,0
31249,Valtierra,2026-03-01,8,3.205128205128205
50277,Valtorres,2026-03-01,1,14.705882352941176
38048,Valverde,2026-03-01,0,0
47185,Valverde de Campos,2026-03-01,0,0
06144,Valverde de Llerena,2026-03-01,0,0
10204,Valverde de la Vera,2026-03-01,0,0
24189,Valverde de la Virgen,2026-03-01,6,0.7553820974442905
21072,Valverde del Camino,2026-03-01,37,2.904466598634116
10205,Valverde del Fresno,2026-03-01,3,1.3888888888888888
40216,Valverde del Majano,2026-03-01,12,10.899182561307901
16238,Vara de Rey,2026-03-01,0,0
08297,Veciana,2026-03-01,1,5.88235294117647
37344,Vecinos,2026-03-01,0,0
15089,Vedra,2026-03-01,3,0.6114961271911944
24196,Vega de Espinareda,2026-03-01,5,2.4975024975024973
24197,Vega de Infanzones,2026-03-01,1,1.187648456057007
39097,Vega de Pas,2026-03-01,0,0
35033,Vega de San Mateo,2026-03-01,8,1.0121457489878543
24198,Vega de Valcarce,2026-03-01,1,1.8018018018018018
47188,Vega de Valdetronco,2026-03-01,1,11.363636363636363
49232,Vega de Villalobos,2026-03-01,0,0
16239,Vega del Codorno,2026-03-01,1,7.092198581560283
24194,Vegacervera,2026-03-01,1,4.032258064516129
33074,Vegadeo,2026-03-01,5,1.2696800406297613
40223,Vegas de Matute,2026-03-01,1,2.680965147453083
24201,Vegas del Condado,2026-03-01,6,5.1194539249146755
10902,Vegaviana,2026-03-01,2,2.3809523809523814
11039,Vejer de la Frontera,2026-03-01,35,2.668293054814363
45181,Velada,2026-03-01,12,4.09556313993174
05254,Velayos,2026-03-01,0,0
22245,Velilla de Cinca,2026-03-01,3,5.859375
50278,Velilla de Ebro,2026-03-01,1,4.830917874396135
28167,Velilla de San Antonio,2026-03-01,53,3.66351005737195
47191,Velliza,2026-03-01,0,0
37347,"Vellés, La",2026-03-01,3,5.291005291005291
43163,"Vendrell, El",2026-03-01,132,3.2042723631508676
49234,Venialbo,2026-03-01,0,0
34023,Venta de Baños,2026-03-01,16,2.508230130114438
46254,Venta del Moro,2026-03-01,2,1.7152658662092624
18185,Ventas de Huelma,2026-03-01,3,4.491017964071856
45183,"Ventas de Retamosa, Las",2026-03-01,4,0.9476427386875148
26163,Ventosa,2026-03-01,1,5.050505050505051
28169,Venturada,2026-03-01,6863,2606.532472464869
04100,Vera,2026-03-01,84,4.159857376318526
50280,Vera de Moncayo,2026-03-01,0,0
03138,"Verger, el",2026-03-01,20,3.5971223021582737
17211,Verges,2026-03-01,0,0
34201,Vertavillo,2026-03-01,1,6.172839506172839
31251,Viana,2026-03-01,13,2.9154518950437316
47193,Viana de Cega,2026-03-01,4,1.7520805957074026
19314,Viana de Jadraque,2026-03-01,0,0
32086,Viana do Bolo,2026-03-01,2,0.736105999263894
04101,Viator,2026-03-01,31,4.827156649018997
08298,Vic,2026-03-01,149,2.9560559468306717
27064,"Vicedo, O",2026-03-01,3,1.9280205655526992
38051,"Victoria de Acentejo, La",2026-03-01,22,2.327549724925942
14065,"Victoria, La",2026-03-01,3,1.2914334911752046
34093,"Vid de Ojeda, La",2026-03-01,0,0
49237,Videmala,2026-03-01,0,0
17213,Vidreres,2026-03-01,45,5.083596927248079
50281,Vierlas,2026-03-01,1,11.363636363636363
36057,Vigo,2026-03-01,662,2.2384905405176934
26165,Viguera,2026-03-01,1,2.638522427440633
36059,Vila de Cruces,2026-03-01,5,1.0070493454179255
43170,Vila-rodona,2026-03-01,6,4.322766570605188
17230,Vila-sacra,2026-03-01,5,5.688282138794084
25252,Vila-sana,2026-03-01,2,2.6525198938992043
43171,Vila-seca,2026-03-01,88,3.642685652785827
43165,Vilabella,2026-03-01,2,2.7359781121751023
17214,Vilabertran,2026-03-01,3,3.118503118503119
17215,Vilablareix,2026-03-01,23,5.638636920813925
08299,Vilada,2026-03-01,1,2.3255813953488373
17217,Viladamat,2026-03-01,3,6.012024048096192
17216,Viladasens,2026-03-01,2,9.75609756097561
08301,Viladecans,2026-03-01,203,3.0058043117744613
08300,Viladecavalls,2026-03-01,42,5.373592630501536
17218,Vilademuls,2026-03-01,4,4.4543429844097995
17220,Viladrau,2026-03-01,3,2.5380710659898473
12128,Vilafamés,2026-03-01,6,3.0596634370219276
17221,Vilafant,2026-03-01,22,3.884180790960452
07065,Vilafranca de Bonany,2026-03-01,12,3.050330452465684
36060,Vilagarcía de Arousa,2026-03-01,37,0.9743252139565504
25244,Vilagrassa,2026-03-01,0,0
27065,Vilalba,2026-03-01,0,0
08306,Vilalba Sasserra,2026-03-01,3,3.7974683544303796
43175,Vilalba dels Arcs,2026-03-01,1,1.6313213703099512
25245,Vilaller,2026-03-01,2,4.024144869215292
17224,Vilallonga de Ter,2026-03-01,4,10.101010101010102
43166,Vilallonga del Camp,2026-03-01,6,2.405773857257418
17225,Vilamacolum,2026-03-01,1,2.493765586034913
17226,Vilamalla,2026-03-01,12,9.983361064891847
17227,Vilamaniscle,2026-03-01,2,10.81081081081081
46256,Vilamarxant,2026-03-01,28,2.42382271468144
17228,Vilanant,2026-03-01,1,2.4691358024691357
12132,Vilanova d'Alcolea,2026-03-01,1,1.663893510815308
43167,Vilanova d'Escornalbou,2026-03-01,3,4.878048780487805
36061,Vilanova de Arousa,2026-03-01,10,0.9821253191907287
25248,Vilanova de Bellpuig,2026-03-01,5,4.351610095735422
08303,Vilanova de Sau,2026-03-01,5,15.384615384615385
25249,Vilanova de l'Aguda,2026-03-01,0,0
25254,Vilanova de la Barca,2026-03-01,37,31.896551724137932
43169,Vilaplana,2026-03-01,1,1.7921146953405018
32089,Vilar de Barrio,2026-03-01,2,1.702127659574468
12134,Vilar de Canes,2026-03-01,1,6.41025641025641
32090,Vilar de Santos,2026-03-01,2,2.544529262086514
32092,Vilariño de Conso,2026-03-01,0,0
15091,Vilarmaior,2026-03-01,2,1.6142050040355125
15090,Vilasantar,2026-03-01,1,0.8116883116883118
08214,Vilassar de Dalt,2026-03-01,34,3.604367645499841
08219,Vilassar de Mar,2026-03-01,64,3.0140340962607137
12136,"Vilavella, la",2026-03-01,8,2.607561929595828
43172,Vilaverd,2026-03-01,0,0
17222,Vilaür,2026-03-01,1,6.134969325153374
23094,Vilches,2026-03-01,9,2.1464345337467208
43173,"Vilella Alta, La",2026-03-01,0,0
43174,"Vilella Baixa, La",2026-03-01,0,0
28171,Villa del Prado,2026-03-01,9,1.162340178225494
10208,Villa del Rey,2026-03-01,1,8.474576271186441
21073,Villablanca,2026-03-01,1,0.3360215053763441
24202,Villablino,2026-03-01,5,0.6590220113351786
20075,Villabona,2026-03-01,8,1.3573125212080082
49239,Villabuena del Puente,2026-03-01,1,1.7421602787456445
39098,Villacarriedo,2026-03-01,1,0.5998800239952009
23095,Villacarrillo,2026-03-01,15,1.4530659691950014
45185,Villacañas,2026-03-01,11,1.1541286328821738
34204,Villacidaler,2026-03-01,0,0
28170,Villaconejos,2026-03-01,15,4.207573632538569
16242,Villaconejos de Trabaque,2026-03-01,0,0
34206,Villada,2026-03-01,1,1.160092807424594
24207,Villademor de la Vega,2026-03-01,1,3.4482758620689653
09427,Villadiego,2026-03-01,4,2.751031636863824
39099,Villaescusa,2026-03-01,1,0.2518891687657431
49241,Villaescusa,2026-03-01,1,4.184100418410042
16243,Villaescusa de Haro,2026-03-01,1,2.0833333333333335
09428,Villaescusa de Roa,2026-03-01,0,0
50284,Villafeliche,2026-03-01,0,0
05256,Villaflor,2026-03-01,1,9.900990099009901
37351,Villaflores,2026-03-01,1,3.90625
31254,Villafranca,2026-03-01,4,1.2622278321236984
47204,Villafranca de Duero,2026-03-01,0,0
50285,Villafranca de Ebro,2026-03-01,2,2.3923444976076556
24209,Villafranca del Bierzo,2026-03-01,4,1.5408320493066257
09432,Villafruela,2026-03-01,1,7.142857142857142
39100,Villafufre,2026-03-01,1,0.9803921568627451
09433,Villagalijo,2026-03-01,0,0
06151,Villagonzalo,2026-03-01,1,0.8156606851549756
09434,Villagonzalo Pedernales,2026-03-01,29,15.255128879537086
37352,Villagonzalo de Tormes,2026-03-01,0,0
14068,Villaharta,2026-03-01,0,0
13089,Villahermosa,2026-03-01,2,1.1668611435239205
34211,Villaherreros,2026-03-01,0,0
09437,Villahoz,2026-03-01,1,3.8167938931297707
09438,Villalba de Duero,2026-03-01,3,4.1039671682626535
26166,Villalba de Rioja,2026-03-01,0,0
49246,Villalba de la Lampreana,2026-03-01,1,4.694835680751174
16245,Villalba de la Sierra,2026-03-01,1,1.7452006980802792
47212,Villalba de los Alcores,2026-03-01,2,5.063291139240507
06152,Villalba de los Barros,2026-03-01,4,2.7681660899653977
21074,Villalba del Alcor,2026-03-01,9,2.719033232628399
16246,Villalba del Rey,2026-03-01,0,0
28172,Villalbilla,2026-03-01,63,3.376024864691067
09439,Villalbilla de Burgos,2026-03-01,4,2.574002574002574
09441,Villaldemiro,2026-03-01,0,0
50287,Villalengua,2026-03-01,1,3.4129692832764507
09442,Villalmanzo,2026-03-01,0,0
26167,Villalobar de Rioja,2026-03-01,0,0
49248,Villalobos,2026-03-01,0,0
34217,Villalobón,2026-03-01,3,1.5337423312883436
49249,Villalonso,2026-03-01,2,24.691358024691358
49250,Villalpando,2026-03-01,2,1.4015416958654519
16248,Villalpardo,2026-03-01,2,2.0387359836901124
49251,Villalube,2026-03-01,1,6.993006993006993
45188,Villaluenga de la Sagra,2026-03-01,13,3.0141432877347554
34218,Villaluenga de la Vega,2026-03-01,1,1.9267822736030829
02079,Villamalea,2026-03-01,10,2.455795677799607
24211,Villamandos,2026-03-01,0,0
13090,Villamanrique,2026-03-01,1,0.9532888465204957
28173,Villamanrique de Tajo,2026-03-01,66,76.47740440324449
28174,Villamanta,2026-03-01,4,1.3656538067599864
28175,Villamantilla,2026-03-01,5,2.9868578255675033
37354,Villamayor,2026-03-01,16,2.0671834625322996
13091,Villamayor de Calatrava,2026-03-01,8,13.136288998357964
49252,Villamayor de Campos,2026-03-01,0,0
16249,Villamayor de Santiago,2026-03-01,7,2.982530890498509
09443,Villamayor de los Montes,2026-03-01,0,0
34221,Villamediana,2026-03-01,1,5.649717514124294
26168,Villamediana de Iregua,2026-03-01,35,3.7866493562696095
18908,Villamena,2026-03-01,1,0.970873786407767
34222,Villameriel,2026-03-01,1,9.174311926605505
10210,Villamiel,2026-03-01,2,4.807692307692308
45189,Villamiel de Toledo,2026-03-01,1,0.8936550491510277
45190,Villaminaya,2026-03-01,0,0
24215,Villamol,2026-03-01,0,0
34223,Villamoronta,2026-03-01,0,0
45191,Villamuelas,2026-03-01,3,5.050505050505051
34225,Villamuriel de Cerrato,2026-03-01,16,2.4630541871921183
47217,Villanubla,2026-03-01,13,4.479669193659546
18188,Villanueva Mesía,2026-03-01,3,1.5267175572519083
45192,Villanueva de Alcardete,2026-03-01,4,1.3759889920880632
29095,Villanueva de Algaidas,2026-03-01,6,1.47239263803681
49257,Villanueva de Azoague,2026-03-01,0,0
45193,Villanueva de Bogas,2026-03-01,4,6.0698027314112295
26169,Villanueva de Cameros,2026-03-01,0,0
09450,Villanueva de Carazo,2026-03-01,0,0
47218,Villanueva de Duero,2026-03-01,4,3.1695721077654517
09451,Villanueva de Gumiel,2026-03-01,1,3.571428571428571
28178,Villanueva de Perales,2026-03-01,475,269.58002270147557
13094,Villanueva de San Carlos,2026-03-01,0,0
41100,Villanueva de San Juan,2026-03-01,2,2.0408163265306123
47222,Villanueva de San Mancio,2026-03-01,0,0
22251,Villanueva de Sigena,2026-03-01,1,2.923976608187134
29098,Villanueva de Tapia,2026-03-01,4,2.8735632183908044
12133,Villanueva de Viver,2026-03-01,0,0
28176,Villanueva de la Cañada,2026-03-01,68,2.8590649175916583
13092,Villanueva de la Fuente,2026-03-01,2,1.0917030567685588
16251,Villanueva de la Jara,2026-03-01,6,2.4390243902439024
23096,Villanueva de la Reina,2026-03-01,6,2.0215633423180592
06153,Villanueva de la Serena,2026-03-01,41,1.5921711778183372
10211,Villanueva de la Sierra,2026-03-01,0,0
19319,Villanueva de la Torre,2026-03-01,22,3.3052884615384617
10212,Villanueva de la Vera,2026-03-01,3,1.4231499051233396
49259,Villanueva de las Peras,2026-03-01,0,0
18187,Villanueva de las Torres,2026-03-01,0,0
41098,Villanueva del Ariscal,2026-03-01,13,1.856612396458155
23097,Villanueva del Arzobispo,2026-03-01,9,1.1587485515643106
49260,Villanueva del Campo,2026-03-01,2,2.6917900403768504
37355,Villanueva del Conde,2026-03-01,1,5.747126436781609
14070,Villanueva del Duque,2026-03-01,4,2.8388928317956
06154,Villanueva del Fresno,2026-03-01,3,0.9205277692543725
28177,Villanueva del Pardillo,2026-03-01,74,4.0184632093402115
34227,Villanueva del Rebollar,2026-03-01,0,0
14071,Villanueva del Rey,2026-03-01,5,4.854368932038835
29096,Villanueva del Rosario,2026-03-01,4,1.153070049005477
29097,Villanueva del Trabuco,2026-03-01,15,2.7027027027027026
24219,Villaobispo de Otero,2026-03-01,0,0
02080,Villapalacios,2026-03-01,2,3.6832412523020257
24221,Villaquejida,2026-03-01,3,3.931847968545216
24222,Villaquilambre,2026-03-01,12,0.6326444538169549
26170,"Villar de Arnedo, El",2026-03-01,26,40.49844236760124
16253,Villar de Cañas,2026-03-01,1,2.557544757033248
05261,Villar de Corneja,2026-03-01,1,32.25806451612903
37358,Villar de Gallimazo,2026-03-01,2,10.362694300518134
16263,Villar de Olalla,2026-03-01,6,3.8338658146964857
10214,Villar de Plasencia,2026-03-01,0,0
06156,Villar de Rena,2026-03-01,2,1.5094339622641508
26171,Villar de Torre,2026-03-01,0,0
16255,Villar de la Encina,2026-03-01,1,6.7114093959731544
46258,Villar del Arzobispo,2026-03-01,9,2.3297954957287086
49264,Villar del Buey,2026-03-01,0,0
28179,Villar del Olmo,2026-03-01,7,3.0004286326618086
13095,Villar del Pozo,2026-03-01,1,20.833333333333332
06155,Villar del Rey,2026-03-01,3,1.4499758337361044
49261,Villaralbo,2026-03-01,3,1.6787912702853947
14072,Villaralto,2026-03-01,2,1.8975332068311195
23098,Villardompardo,2026-03-01,1,1.1185682326621924
16264,Villarejo de Fuentes,2026-03-01,4,9.900990099009901
05262,Villarejo del Valle,2026-03-01,1,3.289473684210526
16266,Villarejo-Periesteban,2026-03-01,0,0
37362,Villares de la Reina,2026-03-01,57,8.402122641509434
16269,Villares del Saz,2026-03-01,4,7.920792079207921
23099,"Villares, Los",2026-03-01,20,3.2679738562091503
46259,Villargordo del Cabriel,2026-03-01,2,3.4071550255536627
09458,Villariezo,2026-03-01,6,8.16326530612245
37364,Villarino de los Aires,2026-03-01,0,0
44260,Villarluengo,2026-03-01,1,6.369426751592357
37365,Villarmayor,2026-03-01,1,7.194244604316547
44261,Villarquemado,2026-03-01,0,0
34232,Villarramiel,2026-03-01,1,1.2804097311139564
21077,Villarrasa,2026-03-01,10,4.73260766682442
50292,Villarreal de Huerva,2026-03-01,8,30.418250950570343
02081,Villarrobledo,2026-03-01,35,1.376976945471713
23101,Villarrodrigo,2026-03-01,1,2.688172043010753
50293,Villarroya de la Sierra,2026-03-01,0,0
45195,Villarrubia de Santiago,2026-03-01,3,1.1627906976744187
13096,Villarrubia de los Ojos,2026-03-01,18,1.878326202650527
16270,Villarrubio,2026-03-01,0,0
16271,Villarta,2026-03-01,4,4.651162790697675
13097,Villarta de San Juan,2026-03-01,4,1.48975791433892
24225,Villasabariego,2026-03-01,1,0.8658008658008658
09460,Villasandino,2026-03-01,0,0
34233,Villasarracino,2026-03-01,1,7.874015748031496
37367,Villasbuenas,2026-03-01,0,0
10215,Villasbuenas de Gata,2026-03-01,0,0
19322,Villaseca de Henares,2026-03-01,0,0
19323,Villaseca de Uceda,2026-03-01,0,0
45196,Villaseca de la Sagra,2026-03-01,2,1.0193679918450562
45197,Villasequilla,2026-03-01,7,2.6148673888681357
44263,Villastar,2026-03-01,1,1.7667844522968197
45198,Villatobas,2026-03-01,3,1.0124873439082012
31257,Villatuerta,2026-03-01,2,1.5873015873015872
34236,Villaturde,2026-03-01,0,0
24227,Villaturiel,2026-03-01,0,0
34237,Villaumbrales,2026-03-01,1,1.589825119236884
02083,Villavaliente,2026-03-01,0,0
49270,Villavendimio,2026-03-01,1,6.578947368421052
37372,Villaverde de Guareña,2026-03-01,0,0
47228,Villaverde de Medina,2026-03-01,4,7.905138339920948
26176,Villaverde de Rioja,2026-03-01,0,0
09466,Villaverde del Monte,2026-03-01,1,8.849557522123893
16273,Villaverde y Pasaconsol,2026-03-01,0,0
09467,Villaverde-Mogina,2026-03-01,0,0
33076,Villaviciosa,2026-03-01,17,1.1049005589496945
37373,Villavieja de Yeltes,2026-03-01,3,4.437869822485207
34238,Villaviudas,2026-03-01,0,0
09471,Villayerno Morquillas,2026-03-01,1,4.807692307692308
24228,Villazala,2026-03-01,0,0
40230,Villeguillo,2026-03-01,1,7.751937984496124
44264,Villel,2026-03-01,0,0
03140,Villena,2026-03-01,51,1.4685133461948228
34242,Villodrigo,2026-03-01,3,30
34243,Villoldo,2026-03-01,0,0
37374,Villoria,2026-03-01,5,4.0290088638195
37375,Villoruela,2026-03-01,0,0
26177,Villoslada de Cameros,2026-03-01,1,2.849002849002849
17232,Vilopriu,2026-03-01,1,4.545454545454545
47194,Viloria,2026-03-01,0,0
25253,"Vilosell, El",2026-03-01,0,0
50282,"Vilueña, La",2026-03-01,0,0
09425,Vilviestre del Pinar,2026-03-01,4,7.8277886497064575
15092,Vimianzo,2026-03-01,11,1.6286644951140066
44265,Vinaceite,2026-03-01,1,5.555555555555555
25255,Vinaixa,2026-03-01,0,0
46260,Vinalesa,2026-03-01,7,1.9498607242339832
12138,Vinaròs,2026-03-01,73,2.392187704810591
43177,Vinebre,2026-03-01,1,2.336448598130841
26178,Viniegra de Abajo,2026-03-01,0,0
42215,Vinuesa,2026-03-01,2,2.4242424242424243
43178,Vinyols i els Arcs,2026-03-01,5,2.0242914979757085
45199,"Viso de San Juan, El",2026-03-01,20,3.096454559529339
41102,"Viso del Alcor, El",2026-03-01,41,2.105479381708006
14074,"Viso, El",2026-03-01,0,0
37376,Vitigudino,2026-03-01,4,1.7079419299743808
01059,Vitoria-Gasteiz,2026-03-01,549,2.1082787382585386
12140,Viver,2026-03-01,2,1.1587485515643106
02085,Viveros,2026-03-01,0,0
05264,Viñegra de Moraña,2026-03-01,1,18.867924528301884
29099,Viñuela,2026-03-01,10,4.897159647404505
19325,Viñuelas,2026-03-01,0,0
42217,Vozmediano,2026-03-01,0,0
46143,Xeraco,2026-03-01,15,2.445386371046625
46146,Xeresa,2026-03-01,12,4.973062577704103
27021,Xermade,2026-03-01,4,2.4024024024024024
43052,Xerta,2026-03-01,2,1.6863406408094435
32032,Xinzo de Limia,2026-03-01,9,0.9321595028482652
46110,Xirivella,2026-03-01,73,2.2686307415004037
27025,Xove,2026-03-01,10,3.073140749846343
32037,Xunqueira de Espadanedo,2026-03-01,2,2.881844380403458
46145,Xàtiva,2026-03-01,66,2.134195634599838
19326,Yebes,2026-03-01,7,1.2453300124533002
19327,Yebra,2026-03-01,3,6.122448979591836
30043,Yecla,2026-03-01,53,1.456123962855102
37377,Yecla de Yeltes,2026-03-01,0,0
45201,Yeles,2026-03-01,15,2.167316861725184
45202,Yepes,2026-03-01,18,3.0425963488843815
46262,"Yesa, La",2026-03-01,1,4.065040650406504
02086,Yeste,2026-03-01,0,0
45203,Yuncler,2026-03-01,36,6.778384485031068
45204,Yunclillos,2026-03-01,4,4.866180048661801
45205,Yuncos,2026-03-01,40,2.97729810197246
29100,Yunquera,2026-03-01,2,0.6980802792321117
19331,Yunquera de Henares,2026-03-01,11,2.343417128248828
19332,"Yunta, La",2026-03-01,0,0
18192,Zafarraya,2026-03-01,4,1.7414018284719197
06158,Zafra,2026-03-01,30,1.7955470433325353
18913,Zagra,2026-03-01,3,3.558718861209964
50296,"Zaida, La",2026-03-01,1,2.3094688221709005
06160,Zalamea de la Serena,2026-03-01,8,2.3767082590612003
21078,Zalamea la Real,2026-03-01,2,0.6718172657037286
48095,Zaldibar,2026-03-01,1,0.32605151613955
20078,Zaldibia,2026-03-01,2,1.1337868480725624
01061,Zalduondo,2026-03-01,1,5.1020408163265305
48096,Zalla,2026-03-01,15,1.7964071856287425
01062,Zambrana,2026-03-01,1,2.2123893805309733
49275,Zamora,2026-03-01,118,1.9713650867901833
48905,Zamudio,2026-03-01,11,3.190255220417633
19333,Zaorejas,2026-03-01,1,8.547008547008549
50297,Zaragoza,2026-03-01,1358,1.9427559380664285
48097,Zaratamo,2026-03-01,14,8.728179551122194
20079,Zarautz,2026-03-01,28,1.1931648698171902
46263,Zarra,2026-03-01,2,5.2493438320209975
10216,Zarza de Granadilla,2026-03-01,1,0.5506607929515419
37381,"Zarza de Pumareda, La",2026-03-01,2,14.705882352941176
16279,Zarza de Tajo,2026-03-01,4,12.422360248447204
10218,Zarza la Mayor,2026-03-01,1,0.9017132551848511
47232,"Zarza, La",2026-03-01,5,45.04504504504504
06162,"Zarza, La",2026-03-01,5,1.4943215780035866
28183,Zarzalejo,2026-03-01,4,2.065049044914817
16280,Zarzuela,2026-03-01,1,5.681818181818182
40233,Zarzuela del Monte,2026-03-01,2,3.9447731755424065
40234,Zarzuela del Pinar,2026-03-01,1,2.450980392156863
09483,Zazuar,2026-03-01,0,0
48024,Zeanuri,2026-03-01,0,0
48025,Zeberio,2026-03-01,1,0.9182736455463728
20025,Zegama,2026-03-01,2,1.2919896640826873
20026,Zerain,2026-03-01,1,3.5087719298245617
20027,Zestoa,2026-03-01,7,1.7802644964394712
48913,Zierbena,2026-03-01,3,1.9867549668874172
01018,Zigoitia,2026-03-01,1,0.5431830526887561
31073,Ziordia,2026-03-01,1,2.7472527472527473
20028,Zizurkil,2026-03-01,2,0.6702412868632708
10219,Zorita,2026-03-01,1,0.8149959250203749
19335,Zorita de los Canes,2026-03-01,1,13.888888888888888
12141,Zorita del Maestrazgo,2026-03-01,0,0
18193,"Zubia, La",2026-03-01,68,3.333660162761055
50298,Zuera,2026-03-01,20,2.2951572182694515
21079,Zufre,2026-03-01,0,0
14075,Zuheros,2026-03-01,1,1.6778523489932886
01063,Zuia,2026-03-01,1,0.4228329809725158
20081,Zumaia,2026-03-01,12,1.1818002757533979
20080,Zumarraga,2026-03-01,11,1.1353080813293426
04103,Zurgena,2026-03-01,6,1.9801980198019802
05019,Ávila,2026-03-01,138,2.320107599193006
46119,"Ènova, l'",2026-03-01,0,0
44001,Ababuj,NA,NA,NA
10001,Abadía,NA,NA,NA
27001,Abadín,NA,NA,NA
09001,Abajas,NA,NA,NA
48002,Abanto y Ciérvana-Abanto Zierbena,NA,NA,NA
34001,Abarca de Campos,NA,NA,NA
30002,Abarán,NA,NA,NA
31003,Abaurregaina / Abaurrea Alta,NA,NA,NA
31004,Abaurrepea / Abaurrea Baja,NA,NA,NA
42001,Abejar,NA,NA,NA
44002,Abejuela,NA,NA,NA
25001,Abella de la Conca,NA,NA,NA
13001,Abenójar,NA,NA,NA
31005,Aberin,NA,NA,NA
10002,Abertura,NA,NA,NA
49002,Abezames,NA,NA,NA
16001,Abia de la Obispalía,NA,NA,NA
22002,Abizanda,NA,NA,NA
19002,Ablanque,NA,NA,NA
37001,Abusejo,NA,NA,NA
31001,Abáigar,NA,NA,NA
19001,Abánades,NA,NA,NA
31002,Abárzuza / Abartzuza,NA,NA,NA
28001,"Acebeda, La",NA,NA,NA
16002,"Acebrón, El",NA,NA,NA
10004,Acehúche,NA,NA,NA
50002,Acered,NA,NA,NA
38001,Adeje,NA,NA,NA
31007,Adiós,NA,NA,NA
19003,Adobes,NA,NA,NA
09003,Adrada de Haza,NA,NA,NA
40002,Adrada de Pirón,NA,NA,NA
40003,Adrados,NA,NA,NA
35001,Agaete,NA,NA,NA
18001,Agrón,NA,NA,NA
50004,Aguarón,NA,NA,NA
09006,Aguas Cándidas,NA,NA,NA
47002,Aguasal,NA,NA,NA
44003,Aguatón,NA,NA,NA
31008,Aguilar de Codés,NA,NA,NA
44005,Aguilar del Alfambra,NA,NA,NA
26003,Aguilar del Río Alhama,NA,NA,NA
50005,Aguilón,NA,NA,NA
01051,Agurain / Salvatierra,NA,NA,NA
50003,Agón,NA,NA,NA
35002,Agüimes,NA,NA,NA
37004,Ahigal de Villarino,NA,NA,NA
31009,Aibar / Oibar,NA,NA,NA
43001,Aiguamúrcia,NA,NA,NA
50006,Ainzón,NA,NA,NA
26004,Ajamil de Cameros,NA,NA,NA
45001,Ajofrín,NA,NA,NA
44006,Alacón,NA,NA,NA
50007,Aladrén,NA,NA,NA
50008,Alagón,NA,NA,NA
10903,Alagón del Río,NA,NA,NA
38003,Alajeró,NA,NA,NA
37005,"Alameda de Gardón, La",NA,NA,NA
28003,Alameda del Valle,NA,NA,NA
37006,"Alamedilla, La",NA,NA,NA
19004,Alaminos,NA,NA,NA
25004,"Alamús, Els",NA,NA,NA
41002,Alanís,NA,NA,NA
50009,Alarba,NA,NA,NA
16003,Alarcón,NA,NA,NA
07001,Alaró,NA,NA,NA
44007,Alba,NA,NA,NA
34006,Alba de Cerrato,NA,NA,NA
25006,"Albagés, L'",NA,NA,NA
16004,Albaladejo del Cuende,NA,NA,NA
46010,Albalat dels Tarongers,NA,NA,NA
10007,Albalá,NA,NA,NA
23001,Albanchez de Mágina,NA,NA,NA
17003,Albanyà,NA,NA,NA
44009,Albarracín,NA,NA,NA
25007,Albatàrrec,NA,NA,NA
16006,Albendea,NA,NA,NA
19008,Albendiego,NA,NA,NA
16007,"Alberca de Záncara, La",NA,NA,NA
37011,"Alberguería de Argañán, La",NA,NA,NA
50010,Alberite de San Juan,NA,NA,NA
22011,Albero Alto,NA,NA,NA
22013,Alberuela de Tubo,NA,NA,NA
12003,Albocàsser,NA,NA,NA
18004,Albondón,NA,NA,NA
46013,Alboraia / Alboraya,NA,NA,NA
50012,Alborge,NA,NA,NA
05005,Albornos,NA,NA,NA
18005,Albuñán,NA,NA,NA
04004,Albánchez,NA,NA,NA
45004,Alcabón,NA,NA,NA
44011,Alcaine,NA,NA,NA
12004,Alcalà de Xivert,NA,NA,NA
50013,Alcalá de Ebro,NA,NA,NA
41004,Alcalá de Guadaíra,NA,NA,NA
22014,Alcalá de Gurrea,NA,NA,NA
50014,Alcalá de Moncayo,NA,NA,NA
44012,Alcalá de la Selva,NA,NA,NA
16008,Alcalá de la Vega,NA,NA,NA
11001,Alcalá de los Gazules,NA,NA,NA
02007,Alcalá del Júcar,NA,NA,NA
22015,Alcalá del Obispo,NA,NA,NA
41005,Alcalá del Río,NA,NA,NA
11002,Alcalá del Valle,NA,NA,NA
23002,Alcalá la Real,NA,NA,NA
16009,Alcantud,NA,NA,NA
25010,Alcanó,NA,NA,NA
25011,Alcarràs,NA,NA,NA
29002,Alcaucín,NA,NA,NA
47005,Alcazarén,NA,NA,NA
13006,Alcoba,NA,NA,NA
09010,Alcocero de Mola,NA,NA,NA
16011,Alcohujate,NA,NA,NA
19010,Alcolea de las Peñas,NA,NA,NA
41006,Alcolea del Río,NA,NA,NA
10009,Alcollarín,NA,NA,NA
42006,Alconaba,NA,NA,NA
40005,Alconada de Maderuelo,NA,NA,NA
50015,Alconchel de Ariza,NA,NA,NA
06008,Alconera,NA,NA,NA
03009,Alcoy / Alcoi,NA,NA,NA
42007,Alcubilla de Avellaneda,NA,NA,NA
42008,Alcubilla de las Peñas,NA,NA,NA
04009,Alcudia de Monteagud,NA,NA,NA
12006,Alcudia de Veo,NA,NA,NA
10010,Alcuéscar,NA,NA,NA
46015,Alcàsser,NA,NA,NA
10008,Alcántara,NA,NA,NA
13005,Alcázar de San Juan,NA,NA,NA
30902,"Alcázares, Los",NA,NA,NA
04008,Alcóntar,NA,NA,NA
07003,Alcúdia,NA,NA,NA
40012,Aldea Real,NA,NA,NA
45008,Aldea en Cabo,NA,NA,NA
37014,Aldeadávila de la Ribera,NA,NA,NA
42009,Aldealafuente,NA,NA,NA
40006,Aldealcorvo,NA,NA,NA
40007,Aldealengua de Pedraza,NA,NA,NA
40008,Aldealengua de Santa María,NA,NA,NA
42010,Aldealices,NA,NA,NA
42012,Aldealseñor,NA,NA,NA
47007,Aldeamayor de San Martín,NA,NA,NA
19015,Aldeanueva de Guadalajara,NA,NA,NA
45010,Aldeanueva de San Bartolomé,NA,NA,NA
05007,Aldeanueva de Santa Cruz,NA,NA,NA
40009,Aldeanueva de la Serrezuela,NA,NA,NA
40010,Aldeanueva del Codonal,NA,NA,NA
23004,Aldeaquemada,NA,NA,NA
37020,Aldearrubia,NA,NA,NA
05008,Aldeaseca,NA,NA,NA
37021,Aldeaseca de Alba,NA,NA,NA
40013,Aldeasoña,NA,NA,NA
37024,Aldeavieja de Tormes,NA,NA,NA
40014,Aldehorno,NA,NA,NA
50016,Aldehuela de Liestos,NA,NA,NA
42013,Aldehuela de Periáñez,NA,NA,NA
37026,Aldehuela de Yeltes,NA,NA,NA
37025,Aldehuela de la Bóveda,NA,NA,NA
40015,Aldehuela del Codonal,NA,NA,NA
42014,"Aldehuelas, Las",NA,NA,NA
40016,Aldeonte,NA,NA,NA
01001,Alegría-Dulantzi,NA,NA,NA
43007,"Aleixar, L'",NA,NA,NA
42015,Alentisque,NA,NA,NA
26010,Alesón,NA,NA,NA
50017,Alfajarín,NA,NA,NA
44016,Alfambra,NA,NA,NA
50018,Alfamén,NA,NA,NA
49005,Alfaraz de Sayago,NA,NA,NA
29004,Alfarnatejo,NA,NA,NA
25013,Alfarràs,NA,NA,NA
50019,Alforque,NA,NA,NA
27002,Alfoz,NA,NA,NA
09011,Alfoz de Bricia,NA,NA,NA
39001,Alfoz de Lloredo,NA,NA,NA
09907,Alfoz de Quintanadueñas,NA,NA,NA
09012,Alfoz de Santa Gadea,NA,NA,NA
22020,Alfántega,NA,NA,NA
25014,Alfés,NA,NA,NA
19016,Algar de Mesa,NA,NA,NA
16013,Algarra,NA,NA,NA
29006,Algatocín,NA,NA,NA
12008,Algimia de Almonacid,NA,NA,NA
49006,Algodre,NA,NA,NA
19017,Algora,NA,NA,NA
41008,Algámitas,NA,NA,NA
04011,Alhama de Almería,NA,NA,NA
50020,Alhama de Aragón,NA,NA,NA
29007,Alhaurín de la Torre,NA,NA,NA
29008,Alhaurín el Grande,NA,NA,NA
18014,Alhendín,NA,NA,NA
19018,Alhóndiga,NA,NA,NA
03014,Alicante / Alacant,NA,NA,NA
04012,Alicún,NA,NA,NA
18015,Alicún de Ortega,NA,NA,NA
19019,Alique,NA,NA,NA
42016,Aliud,NA,NA,NA
43010,Alió,NA,NA,NA
06009,Aljucén,NA,NA,NA
33001,Allande,NA,NA,NA
44021,Allepuz,NA,NA,NA
33002,Aller,NA,NA,NA
44023,Allueva,NA,NA,NA
31011,Allín / Allin,NA,NA,NA
13011,Almadén,NA,NA,NA
41009,Almadén de la Plata,NA,NA,NA
42017,Almajano,NA,NA,NA
42018,Almaluez,NA,NA,NA
26012,Almarza de Cameros,NA,NA,NA
12009,Almazora,NA,NA,NA
42021,Almazul,NA,NA,NA
42020,Almazán,NA,NA,NA
13014,Almedina,NA,NA,NA
18016,Almegíjar,NA,NA,NA
42022,Almenar de Soria,NA,NA,NA
47008,Almenara de Adaja,NA,NA,NA
37027,Almenara de Tormes,NA,NA,NA
46033,Almiserà,NA,NA,NA
50021,Almochuel,NA,NA,NA
13015,Almodóvar del Campo,NA,NA,NA
14005,Almodóvar del Río,NA,NA,NA
29011,Almogía,NA,NA,NA
44018,Almohaja,NA,NA,NA
10020,Almoharín,NA,NA,NA
50023,Almonacid de la Cuba,NA,NA,NA
03016,Almudaina,NA,NA,NA
22021,Almudévar,NA,NA,NA
50025,"Almunia de Doña Godina, La",NA,NA,NA
18017,Almuñécar,NA,NA,NA
29009,Almáchar,NA,NA,NA
04014,Almócita,NA,NA,NA
44019,Alobras,NA,NA,NA
19023,Alocén,NA,NA,NA
29014,Alpandeire,NA,NA,NA
42023,Alpanseque,NA,NA,NA
44020,Alpeñés,NA,NA,NA
18904,Alpujarra de la Sierra,NA,NA,NA
46037,"Alqueria de la Comtessa, l'",NA,NA,NA
12901,"Alqueries, les / Alquerías del Niño Perdido",NA,NA,NA
22024,Alquézar,NA,NA,NA
04015,Alsodux,NA,NA,NA
25024,Alt Àneu,NA,NA,NA
09013,Altable,NA,NA,NA
22025,Altorricón,NA,NA,NA
31010,Altsasu / Alsasua,NA,NA,NA
25005,Alàs i Cerc,NA,NA,NA
21001,Alájar,NA,NA,NA
10017,Alía,NA,NA,NA
25022,Alòs de Balaguer,NA,NA,NA
34009,Amayuelas de Arriba,NA,NA,NA
08005,"Ametlla del Vallès, L'",NA,NA,NA
09016,Ameyugo,NA,NA,NA
48004,Amoroto,NA,NA,NA
47009,Amusquillo,NA,NA,NA
31013,Améscoa Baja,NA,NA,NA
44024,Anadón,NA,NA,NA
37029,Anaya de Alba,NA,NA,NA
13017,Anchuras,NA,NA,NA
31014,Ancín / Antzin,NA,NA,NA
49009,Andavías,NA,NA,NA
23005,Andújar,NA,NA,NA
50028,Anento,NA,NA,NA
17008,Anglès,NA,NA,NA
19032,Anguita,NA,NA,NA
19031,Angón,NA,NA,NA
22027,Angüés,NA,NA,NA
39003,Anievas,NA,NA,NA
50029,Aniñón,NA,NA,NA
19033,Anquela del Ducado,NA,NA,NA
31016,Ansoáin / Antsoain,NA,NA,NA
22028,Ansó,NA,NA,NA
27003,Antas de Ulla,NA,NA,NA
35003,Antigua,NA,NA,NA
24005,"Antigua, La",NA,NA,NA
34012,Antigüedad,NA,NA,NA
22029,Antillón,NA,NA,NA
31017,Anue,NA,NA,NA
31019,Aoiz / Agoitz,NA,NA,NA
37031,Arabayona de Mógica,NA,NA,NA
22032,Aragüés del Puerto,NA,NA,NA
40019,Arahuetes,NA,NA,NA
31020,Araitz,NA,NA,NA
48005,Arakaldo,NA,NA,NA
31025,Arakil,NA,NA,NA
31021,Aranarache / Aranaratxe,NA,NA,NA
42024,Arancón,NA,NA,NA
50031,Aranda de Moncayo,NA,NA,NA
09019,Arandilla,NA,NA,NA
16020,Arandilla del Arroyo,NA,NA,NA
31026,Aras,NA,NA,NA
09021,Arauzo de Salce,NA,NA,NA
09022,Arauzo de Torre,NA,NA,NA
12013,Arañuel,NA,NA,NA
19037,Arbancón,NA,NA,NA
19038,Arbeteta,NA,NA,NA
36001,Arbo,NA,NA,NA
43015,Arbolí,NA,NA,NA
17009,Arbúcies,NA,NA,NA
31028,Arce / Artzi,NA,NA,NA
37033,Arcediano,NA,NA,NA
45015,Arcicóllar,NA,NA,NA
37034,"Arco, El",NA,NA,NA
34015,Arconada,NA,NA,NA
40020,Arcones,NA,NA,NA
09023,Arcos,NA,NA,NA
42025,Arcos de Jalón,NA,NA,NA
16022,Arcos de la Sierra,NA,NA,NA
24006,Ardón,NA,NA,NA
29019,Arenas,NA,NA,NA
42026,Arenillas,NA,NA,NA
09024,Arenillas de Riopisuerga,NA,NA,NA
44027,Arens de Lledó,NA,NA,NA
26016,Arenzana de Arriba,NA,NA,NA
12014,Ares del Maestrat,NA,NA,NA
05015,Arevalillo,NA,NA,NA
40021,Arevalillo de Cega,NA,NA,NA
22036,Argavieso,NA,NA,NA
49012,Argañín,NA,NA,NA
12015,Argelita,NA,NA,NA
44028,Argente,NA,NA,NA
22037,Arguis,NA,NA,NA
16024,Arguisuelas,NA,NA,NA
49013,Argujillo,NA,NA,NA
45016,Argés,NA,NA,NA
31033,Aria,NA,NA,NA
31034,Aribe,NA,NA,NA
09025,Arija,NA,NA,NA
09026,Arlanzón,NA,NA,NA
19040,Armallones,NA,NA,NA
31035,Armañanzas,NA,NA,NA
37035,Armenteros,NA,NA,NA
01006,Armiñón,NA,NA,NA
04018,Armuña de Almanzora,NA,NA,NA
43018,Arnes,NA,NA,NA
32003,"Arnoia, A",NA,NA,NA
49014,Arquillinos,NA,NA,NA
49015,Arrabalde,NA,NA,NA
16025,Arrancacepas,NA,NA,NA
20055,Arrasate / Mondragón,NA,NA,NA
48914,Arratzu,NA,NA,NA
01008,Arratzua-Ubarrundia,NA,NA,NA
09027,Arraya de Oca,NA,NA,NA
25031,Arres,NA,NA,NA
13021,Arroba de los Montes,NA,NA,NA
06012,Arroyo de San Serván,NA,NA,NA
19042,Arroyo de las Fraguas,NA,NA,NA
21009,Arroyomolinos de León,NA,NA,NA
10022,Arroyomolinos de la Vera,NA,NA,NA
31036,Arróniz,NA,NA,NA
26019,Arrúbal,NA,NA,NA
25032,Arsèguel,NA,NA,NA
31039,Artazu,NA,NA,NA
15005,Arteixo,NA,NA,NA
50035,Artieda,NA,NA,NA
48008,Artzentales,NA,NA,NA
07006,Artà,NA,NA,NA
08010,Artés,NA,NA,NA
35006,Arucas,NA,NA,NA
15006,Arzúa,NA,NA,NA
50032,Arándiga,NA,NA,NA
22035,Arén,NA,NA,NA
05016,Arévalo,NA,NA,NA
42027,Arévalo de la Sierra,NA,NA,NA
43019,Ascó,NA,NA,NA
01009,Asparrena,NA,NA,NA
39008,"Astillero, El",NA,NA,NA
50036,Asín,NA,NA,NA
06013,Atalaya,NA,NA,NA
16026,Atalaya del Cañavate,NA,NA,NA
19043,Atanzón,NA,NA,NA
50037,Atea,NA,NA,NA
31040,Atez / Atetz,NA,NA,NA
03001,"Atzúbia, l'",NA,NA,NA
31058,Auritz / Burguete,NA,NA,NA
42028,Ausejo de la Sierra,NA,NA,NA
09030,"Ausines, Los",NA,NA,NA
19045,Auñón,NA,NA,NA
05017,Aveinte,NA,NA,NA
05018,Avellaneda,NA,NA,NA
25037,"Avellanes i Santa Linya, Les",NA,NA,NA
09032,Avellanosa de Muñó,NA,NA,NA
17012,Avinyonet de Puigventós,NA,NA,NA
08013,Avinyonet del Penedès,NA,NA,NA
08012,Avinyó,NA,NA,NA
08011,Avià,NA,NA,NA
01010,Ayala / Aiara,NA,NA,NA
31041,Ayegui / Aiegi,NA,NA,NA
40024,Ayllón,NA,NA,NA
49018,Ayoó de Vidriales,NA,NA,NA
34020,Ayuela,NA,NA,NA
22040,Azanuy-Alins,NA,NA,NA
22041,Azara,NA,NA,NA
41012,Aznalcázar,NA,NA,NA
41013,Aznalcóllar,NA,NA,NA
31043,Azuelo,NA,NA,NA
45017,Azután,NA,NA,NA
22907,Aínsa-Sobrarbe,NA,NA,NA
01049,Añana,NA,NA,NA
40018,Añe,NA,NA,NA
37030,Añover de Tormes,NA,NA,NA
50030,Añón de Moncayo,NA,NA,NA
26023,Badarán,NA,NA,NA
08904,Badia del Vallès,NA,NA,NA
50040,Badules,NA,NA,NA
08016,Bagà,NA,NA,NA
50041,Bagüés,NA,NA,NA
47012,Bahabón,NA,NA,NA
09033,Bahabón de Esgueva,NA,NA,NA
19047,Baides,NA,NA,NA
22044,Bailo,NA,NA,NA
23010,Bailén,NA,NA,NA
36003,Baiona,NA,NA,NA
25039,Baix Pallars,NA,NA,NA
31044,Bakaiku,NA,NA,NA
09034,"Balbases, Los",NA,NA,NA
50042,Balconchán,NA,NA,NA
22045,Baldellou,NA,NA,NA
27004,Baleira,NA,NA,NA
08017,Balenyà,NA,NA,NA
20904,Baliarrain,NA,NA,NA
02013,Balsa de Ves,NA,NA,NA
34022,Baltanás,NA,NA,NA
22047,Banastás,NA,NA,NA
43020,Banyeres del Penedès,NA,NA,NA
34024,Baquerín de Campos,NA,NA,NA
27901,Baralla,NA,NA,NA
42029,Baraona,NA,NA,NA
31901,Barañáin / Barañain,NA,NA,NA
09038,Barbadillo del Mercado,NA,NA,NA
09039,Barbadillo del Pez,NA,NA,NA
32008,Barbadás,NA,NA,NA
37041,Barbalos,NA,NA,NA
43021,Barberà de la Conca,NA,NA,NA
08252,Barberà del Vallès,NA,NA,NA
40025,Barbolla,NA,NA,NA
22049,Barbués,NA,NA,NA
22050,Barbuñales,NA,NA,NA
42030,Barca,NA,NA,NA
37042,Barceo,NA,NA,NA
16029,Barchín del Hoyo,NA,NA,NA
49019,Barcial del Barco,NA,NA,NA
32009,"Barco de Valdeorras, O",NA,NA,NA
05021,"Barco de Ávila, El",NA,NA,NA
42031,Barcones,NA,NA,NA
50044,Bardallur,NA,NA,NA
31047,Bargota,NA,NA,NA
31048,Barillas,NA,NA,NA
25042,"Baronia de Rialb, La",NA,NA,NA
27005,Barreiros,NA,NA,NA
09041,Barrio de Muñó,NA,NA,NA
19050,Barriopedro,NA,NA,NA
09043,"Barrios de Bureba, Los",NA,NA,NA
09044,Barrios de Colina,NA,NA,NA
36002,Barro,NA,NA,NA
05023,Barromán,NA,NA,NA
34027,Barruelo de Santullán,NA,NA,NA
31045,Barásoain,NA,NA,NA
31049,Basaburua,NA,NA,NA
40026,Basardilla,NA,NA,NA
09046,Bascuñana,NA,NA,NA
16030,Bascuñana de San Pedro,NA,NA,NA
25044,Bassella,NA,NA,NA
06017,Baterno,NA,NA,NA
25045,Bausen,NA,NA,NA
04021,Bayarque,NA,NA,NA
42032,Bayubas de Abajo,NA,NA,NA
42033,Bayubas de Arriba,NA,NA,NA
04020,Bayárcal,NA,NA,NA
31050,Baztan,NA,NA,NA
22043,Baélls,NA,NA,NA
37039,Bañobárez,NA,NA,NA
01011,Baños de Ebro / Mañueta,NA,NA,NA
26025,Baños de Rioja,NA,NA,NA
26026,Baños de Río Tobía,NA,NA,NA
19048,Baños de Tajo,NA,NA,NA
19049,Bañuelos,NA,NA,NA
09036,Bañuelos de Bureba,NA,NA,NA
44034,Bañón,NA,NA,NA
44036,Bea,NA,NA,NA
32010,Beade,NA,NA,NA
16031,Beamud,NA,NA,NA
18025,Beas de Guadix,NA,NA,NA
27006,Becerreá,NA,NA,NA
47015,Becilla de Valderaduey,NA,NA,NA
23902,Bedmar y Garcíez,NA,NA,NA
23014,Begíjar,NA,NA,NA
31137,Beintza-Labaien,NA,NA,NA
20020,Beizama,NA,NA,NA
14008,Belalcázar,NA,NA,NA
31052,Belascoáin,NA,NA,NA
09047,Belbimbre,NA,NA,NA
37047,Beleña,NA,NA,NA
16032,Belinchón,NA,NA,NA
17018,Bellcaire d'Empordà,NA,NA,NA
46048,Bellreguard,NA,NA,NA
25052,Bellvís,NA,NA,NA
34031,Belmonte de Campos,NA,NA,NA
50046,Belmonte de Gracián,NA,NA,NA
33005,Belmonte de Miranda,NA,NA,NA
44038,Belmonte de San José,NA,NA,NA
49020,Belver de los Montes,NA,NA,NA
10026,Belvís de Monroy,NA,NA,NA
45020,Belvís de la Jara,NA,NA,NA
41015,Benacazón,NA,NA,NA
29022,Benadalid,NA,NA,NA
47016,Benafarces,NA,NA,NA
46050,Benagéber,NA,NA,NA
29023,Benahavís,NA,NA,NA
29024,Benalauría,NA,NA,NA
29025,Benalmádena,NA,NA,NA
18027,Benalúa,NA,NA,NA
18028,Benalúa de las Villas,NA,NA,NA
14010,Benamejí,NA,NA,NA
29028,Benaoján,NA,NA,NA
29029,Benarrabá,NA,NA,NA
12026,Benassal,NA,NA,NA
25053,Benavent de Segrià,NA,NA,NA
24015,Benavides,NA,NA,NA
46056,Beniatjar,NA,NA,NA
12028,Benicasim / Benicàssim,NA,NA,NA
46059,Benifairó de la Valldigna,NA,NA,NA
03033,Benifato,NA,NA,NA
46062,Benigànim,NA,NA,NA
03039,Benimassot,NA,NA,NA
46066,Benirredrà,NA,NA,NA
46067,Benissanó,NA,NA,NA
46068,Benissoda,NA,NA,NA
46069,Benissuera,NA,NA,NA
03042,"Benitachell / Poble Nou de Benitatxell, el",NA,NA,NA
04027,Benizalón,NA,NA,NA
06018,Benquerencia de la Serena,NA,NA,NA
24016,Benuza,NA,NA,NA
31250,Bera,NA,NA,NA
22246,Beranuy,NA,NA,NA
42034,Beratón,NA,NA,NA
26027,Berceo,NA,NA,NA
47018,Berceruelo,NA,NA,NA
40028,Bercial,NA,NA,NA
24017,Bercianos del Páramo,NA,NA,NA
24018,Bercianos del Real Camino,NA,NA,NA
40029,Bercimuel,NA,NA,NA
50047,Berdejo,NA,NA,NA
26029,Bergasillas Bajera,NA,NA,NA
44040,Berge,NA,NA,NA
31905,Beriáin,NA,NA,NA
37049,Bermellar,NA,NA,NA
40030,Bernardos,NA,NA,NA
05029,Bernuy-Zapardiel,NA,NA,NA
31902,Berrioplano / Berriobeiti,NA,NA,NA
37050,Berrocal de Huebra,NA,NA,NA
10028,Berrocalejo,NA,NA,NA
05030,Berrocalejo de Aragona,NA,NA,NA
47019,Berrueces,NA,NA,NA
50048,Berrueco,NA,NA,NA
28021,"Berrueco, El",NA,NA,NA
31054,Bertizarana,NA,NA,NA
09052,Berzosa de Bureba,NA,NA,NA
28020,Berzosa del Lozoya,NA,NA,NA
17019,Besalú,NA,NA,NA
17020,Bescanó,NA,NA,NA
35007,Betancuria,NA,NA,NA
31055,Betelu,NA,NA,NA
26030,Bezares,NA,NA,NA
44041,Bezas,NA,NA,NA
31253,Bidaurreta,NA,NA,NA
22058,Bierge,NA,NA,NA
08023,Bigues i Riells,NA,NA,NA
50050,Bijuesca,NA,NA,NA
33006,Bimenes,NA,NA,NA
22061,Binéfar,NA,NA,NA
17022,"Bisbal d'Empordà, La",NA,NA,NA
43028,"Bisbal del Penedès, La",NA,NA,NA
22063,Biscarrués,NA,NA,NA
50052,Bisimbre,NA,NA,NA
31056,Biurrun-Olcoz,NA,NA,NA
42036,Blacos,NA,NA,NA
44042,Blancas,NA,NA,NA
05033,Blascomillán,NA,NA,NA
05034,Blasconuño de Matacabras,NA,NA,NA
05035,Blascosancho,NA,NA,NA
22064,Blecua y Torres,NA,NA,NA
42037,Bliecos,NA,NA,NA
14011,"Blázquez, Los",NA,NA,NA
34033,Boada de Campos,NA,NA,NA
17029,Boadella i les Escaules,NA,NA,NA
34035,Boadilla de Rioseco,NA,NA,NA
34034,Boadilla del Camino,NA,NA,NA
32013,Boborás,NA,NA,NA
24020,Boca de Huérgano,NA,NA,NA
47022,Bocos de Duero,NA,NA,NA
19052,"Bodera, La",NA,NA,NA
37054,"Bodón, El",NA,NA,NA
37055,Bogajo,NA,NA,NA
05036,"Bohodón, El",NA,NA,NA
32014,"Bola, A",NA,NA,NA
21013,Bollullos Par del Condado,NA,NA,NA
41016,Bollullos de la Mitación,NA,NA,NA
22067,Bonansa,NA,NA,NA
15012,Boqueixón,NA,NA,NA
22068,Borau,NA,NA,NA
50054,Bordalba,NA,NA,NA
44044,Bordón,NA,NA,NA
17026,Borrassà,NA,NA,NA
08024,Borredà,NA,NA,NA
24022,Borrenes,NA,NA,NA
12032,Borriana / Burriana,NA,NA,NA
25059,Bossòst,NA,NA,NA
37056,"Bouza, La",NA,NA,NA
09054,Bozoó,NA,NA,NA
05039,Brabos,NA,NA,NA
47025,Brahojos de Medina,NA,NA,NA
09055,Brazacorta,NA,NA,NA
24023,Brazuelo,NA,NA,NA
50057,Brea de Aragón,NA,NA,NA
49025,Bretó,NA,NA,NA
38009,Breña Baja,NA,NA,NA
26032,Brieva de Cameros,NA,NA,NA
37058,Brincones,NA,NA,NA
15013,Brión,NA,NA,NA
43034,Bràfim,NA,NA,NA
42041,Buberos,NA,NA,NA
18032,Bubión,NA,NA,NA
16039,Buenache de Alarcón,NA,NA,NA
16040,Buenache de la Sierra,NA,NA,NA
37059,Buenamadre,NA,NA,NA
16041,Buendía,NA,NA,NA
44046,Bueña,NA,NA,NA
46075,Bufali,NA,NA,NA
09057,Bugedo,NA,NA,NA
42042,Buitrago,NA,NA,NA
28027,Buitrago del Lozoya,NA,NA,NA
19055,Bujalaro,NA,NA,NA
05040,Bularros,NA,NA,NA
44047,Burbáguena,NA,NA,NA
24024,"Burgo Ranero, El",NA,NA,NA
42043,Burgo de Osma-Ciudad de Osma,NA,NA,NA
31059,Burgui / Burgi,NA,NA,NA
31060,Burlada / Burlata,NA,NA,NA
45024,Burujón,NA,NA,NA
24025,Burón,NA,NA,NA
18033,Busquístar,NA,NA,NA
19057,Bustares,NA,NA,NA
50063,"Buste, El",NA,NA,NA
47026,Bustillo de Chaves,NA,NA,NA
34038,Bustillo de la Vega,NA,NA,NA
24026,Bustillo del Páramo,NA,NA,NA
34039,Bustillo del Páramo de Carrión,NA,NA,NA
31061,"Busto, El",NA,NA,NA
17016,Bàscara,NA,NA,NA
44032,Bádenas,NA,NA,NA
44033,Báguena,NA,NA,NA
50043,Bárboles,NA,NA,NA
22051,Bárcabo,NA,NA,NA
34025,Bárcena de Campos,NA,NA,NA
39009,Bárcena de Cicero,NA,NA,NA
39010,Bárcena de Pie de Concha,NA,NA,NA
34028,Báscones de Ojeda,NA,NA,NA
04022,Bédar,NA,NA,NA
37046,Béjar,NA,NA,NA
23015,Bélmez de la Moraleda,NA,NA,NA
18030,Bérchules,NA,NA,NA
25057,"Bòrdes, Es",NA,NA,NA
27008,Bóveda,NA,NA,NA
49024,"Bóveda de Toro, La",NA,NA,NA
37057,Bóveda del Río Almar,NA,NA,NA
07009,Búger,NA,NA,NA
43035,Cabacés,NA,NA,NA
40034,Caballar,NA,NA,NA
25060,Cabanabona,NA,NA,NA
17031,Cabanelles,NA,NA,NA
40035,Cabañas de Polendos,NA,NA,NA
49031,Cabañas de Sayago,NA,NA,NA
37063,"Cabeza de Béjar, La",NA,NA,NA
37065,Cabeza del Caballo,NA,NA,NA
37062,Cabezabellosa de la Calzada,NA,NA,NA
21015,Cabezas Rubias,NA,NA,NA
05043,Cabezas del Pozo,NA,NA,NA
05044,Cabezas del Villar,NA,NA,NA
26035,Cabezón de Cameros,NA,NA,NA
39013,Cabezón de Liébana,NA,NA,NA
47027,Cabezón de Pisuerga,NA,NA,NA
47028,Cabezón de Valderaduey,NA,NA,NA
39012,Cabezón de la Sal,NA,NA,NA
09062,Cabezón de la Sierra,NA,NA,NA
50065,Cabolafuente,NA,NA,NA
23017,Cabra del Santo Cristo,NA,NA,NA
33008,Cabrales,NA,NA,NA
33009,Cabranes,NA,NA,NA
31063,Cabredo,NA,NA,NA
42044,Cabrejas del Campo,NA,NA,NA
42045,Cabrejas del Pinar,NA,NA,NA
24028,Cabreros del Río,NA,NA,NA
24029,Cabrillanes,NA,NA,NA
39014,Cabuérniga,NA,NA,NA
25061,Cabó,NA,NA,NA
10038,Cachorrilla,NA,NA,NA
18034,Cacín,NA,NA,NA
10039,Cadalso,NA,NA,NA
17032,Cadaqués,NA,NA,NA
40037,Calabazas de Fuentidueña,NA,NA,NA
36005,Caldas de Reis,NA,NA,NA
22072,Caldearenas,NA,NA,NA
06026,Calera de León,NA,NA,NA
08038,Callús,NA,NA,NA
50070,Calmarza,NA,NA,NA
03047,Calp,NA,NA,NA
42048,Caltojar,NA,NA,NA
32016,Calvos de Randín,NA,NA,NA
37071,"Calzada de Béjar, La",NA,NA,NA
49033,Camarzana de Tera,NA,NA,NA
36006,Cambados,NA,NA,NA
24032,Campazas,NA,NA,NA
17036,Campdevànol,NA,NA,NA
01017,Campezo / Kanpezu,NA,NA,NA
50071,Campillo de Aragón,NA,NA,NA
37074,Campillo de Azaba,NA,NA,NA
10042,Campillo de Deleitosa,NA,NA,NA
19059,Campillo de Dueñas,NA,NA,NA
16043,Campillos-Paravientos,NA,NA,NA
16044,Campillos-Sierra,NA,NA,NA
19061,Campisábalos,NA,NA,NA
36007,Campo Lameiro,NA,NA,NA
03051,"Campo de Mirra / Camp de Mirra, el",NA,NA,NA
21019,Campofrío,NA,NA,NA
09066,Campolara,NA,NA,NA
39027,Campoo de Enmedio,NA,NA,NA
39017,Campoo de Yuso,NA,NA,NA
22075,Camporrélls,NA,NA,NA
16901,Campos del Paraíso,NA,NA,NA
30014,Campos del Río,NA,NA,NA
18038,Campotéjar,NA,NA,NA
26037,Camprovín,NA,NA,NA
17035,Camós,NA,NA,NA
22076,Canal de Berdún,NA,NA,NA
33010,Candamo,NA,NA,NA
24036,Candín,NA,NA,NA
25063,Canejan,NA,NA,NA
28034,Canencia,NA,NA,NA
36008,Cangas,NA,NA,NA
33012,Cangas de Onís,NA,NA,NA
33011,Cangas del Narcea,NA,NA,NA
37079,Canillas de Abajo,NA,NA,NA
47034,Canillas de Esgueva,NA,NA,NA
26039,Canillas de Río Tuerto,NA,NA,NA
04030,Canjáyar,NA,NA,NA
19064,Canredondo,NA,NA,NA
09068,Cantabrana,NA,NA,NA
19065,Cantalojas,NA,NA,NA
05048,Cantiveros,NA,NA,NA
43039,Capafonts,NA,NA,NA
18042,Capileira,NA,NA,NA
06030,Capilla,NA,NA,NA
08045,Capolat,NA,NA,NA
42051,Carabantes,NA,NA,NA
42052,Caracena,NA,NA,NA
13030,Caracuel de Calatrava,NA,NA,NA
18043,Carataunas,NA,NA,NA
33013,Caravia,NA,NA,NA
10046,Carbajo,NA,NA,NA
32017,Carballeda de Valdeorras,NA,NA,NA
27009,Carballedo,NA,NA,NA
49037,Carbellino,NA,NA,NA
09071,Carcedo de Bureba,NA,NA,NA
02020,Carcelén,NA,NA,NA
16056,Cardenete,NA,NA,NA
05049,Cardeñosa,NA,NA,NA
19067,"Cardoso de la Sierra, El",NA,NA,NA
37086,Carpio de Azaba,NA,NA,NA
37088,Carrascal del Obispo,NA,NA,NA
40044,Carrascal del Río,NA,NA,NA
10048,Carrascalejo,NA,NA,NA
06032,"Carrascalejo, El",NA,NA,NA
16057,Carrascosa,NA,NA,NA
16058,Carrascosa de Haro,NA,NA,NA
42054,Carrascosa de la Sierra,NA,NA,NA
33014,Carreño,NA,NA,NA
24039,Carrizo,NA,NA,NA
13031,Carrión de Calatrava,NA,NA,NA
34047,Carrión de los Condes,NA,NA,NA
41025,Carrión de los Céspedes,NA,NA,NA
24040,Carrocera,NA,NA,NA
46086,Carrícola,NA,NA,NA
32020,Cartelle,NA,NA,NA
37089,Casafranca,NA,NA,NA
10049,Casar de Cáceres,NA,NA,NA
46087,Casas Altas,NA,NA,NA
46088,Casas Bajas,NA,NA,NA
16060,Casas de Benítez,NA,NA,NA
10052,Casas de Don Antonio,NA,NA,NA
10053,Casas de Don Gómez,NA,NA,NA
16062,Casas de Garcimolina,NA,NA,NA
02021,Casas de Juan Núñez,NA,NA,NA
02022,Casas de Lázaro,NA,NA,NA
10056,Casas de Millán,NA,NA,NA
06034,Casas de Reina,NA,NA,NA
19073,Casas de San Galindo,NA,NA,NA
05052,Casas del Puerto,NA,NA,NA
02024,Casas-Ibáñez,NA,NA,NA
45042,Casasbuenas,NA,NA,NA
49038,Casaseca de Campeán,NA,NA,NA
05053,Casasola,NA,NA,NA
47036,Casasola de Arión,NA,NA,NA
22081,Casbas de Huesca,NA,NA,NA
09077,Cascajares de Bureba,NA,NA,NA
09078,Cascajares de la Sierra,NA,NA,NA
44064,Cascante del Río,NA,NA,NA
43041,Caseres,NA,NA,NA
40045,Casla,NA,NA,NA
33015,Caso,NA,NA,NA
19074,Caspueñas,NA,NA,NA
17044,Cassà de la Selva,NA,NA,NA
21022,Castaño del Robledo,NA,NA,NA
16067,Castejón,NA,NA,NA
31070,Castejón,NA,NA,NA
50075,Castejón de Alarba,NA,NA,NA
19075,Castejón de Henares,NA,NA,NA
22083,Castejón de Monegros,NA,NA,NA
22084,Castejón de Sos,NA,NA,NA
44065,Castejón de Tornos,NA,NA,NA
50077,Castejón de Valdejasa,NA,NA,NA
50076,Castejón de las Armas,NA,NA,NA
22082,Castejón del Puente,NA,NA,NA
44066,Castel de Cabra,NA,NA,NA
12037,Castell de Cabres,NA,NA,NA
25904,Castell de Mur,NA,NA,NA
07064,"Castell, Es",NA,NA,NA
37185,Castellanos de Villiquera,NA,NA,NA
05056,Castellanos de Zapardiel,NA,NA,NA
08051,Castellar del Vallès,NA,NA,NA
44070,"Castellar, El",NA,NA,NA
08060,Castellfollit de Riubregós,NA,NA,NA
12038,Castellfort,NA,NA,NA
08061,Castellgalí,NA,NA,NA
08063,Castellolí,NA,NA,NA
46091,Castellonet de la Conquesta,NA,NA,NA
25070,Castellserà,NA,NA,NA
08066,Castellví de Rosanes,NA,NA,NA
08065,Castellví de la Marca,NA,NA,NA
17047,Castelló d'Empúries,NA,NA,NA
25069,Castelló de Farfanya,NA,NA,NA
12040,Castellón de la Plana / Castelló de la Plana,NA,NA,NA
44067,Castelnou,NA,NA,NA
44068,Castelserás,NA,NA,NA
09083,Castil de Peones,NA,NA,NA
41027,Castilblanco de los Arroyos,NA,NA,NA
09082,Castildelgado,NA,NA,NA
24042,Castilfalé,NA,NA,NA
42056,Castilfrío de la Sierra,NA,NA,NA
41028,Castilleja de Guzmán,NA,NA,NA
16068,Castillejo de Iniesta,NA,NA,NA
37096,Castillejo de Martín Viejo,NA,NA,NA
40046,Castillejo de Mesleón,NA,NA,NA
42058,Castillejo de Robledo,NA,NA,NA
16070,Castillejo-Sierra,NA,NA,NA
23026,Castillo de Locubín,NA,NA,NA
41031,"Castillo de las Guardas, El",NA,NA,NA
16071,Castillo-Albaráñez,NA,NA,NA
31071,Castillonuevo,NA,NA,NA
18045,Castilléjar,NA,NA,NA
19079,Castilnuevo,NA,NA,NA
37097,Castraz,NA,NA,NA
47037,Castrejón de Trabancos,NA,NA,NA
34049,Castrejón de la Peña,NA,NA,NA
32022,Castrelo de Miño,NA,NA,NA
09090,Castrillo Mota de Judíos,NA,NA,NA
24043,Castrillo de Cabrera,NA,NA,NA
09088,Castrillo de Riopisuerga,NA,NA,NA
34052,Castrillo de Villavega,NA,NA,NA
49040,Castrillo de la Guareña,NA,NA,NA
09084,Castrillo de la Reina,NA,NA,NA
24044,Castrillo de la Valduerna,NA,NA,NA
33016,Castrillón,NA,NA,NA
32023,Castro Caldelas,NA,NA,NA
04033,Castro de Filabres,NA,NA,NA
40047,Castro de Fuentidueña,NA,NA,NA
27010,Castro de Rei,NA,NA,NA
14019,Castro del Río,NA,NA,NA
39020,Castro-Urdiales,NA,NA,NA
47040,Castrobol,NA,NA,NA
24046,Castrocalbón,NA,NA,NA
24047,Castrocontrigo,NA,NA,NA
40048,Castrojimeno,NA,NA,NA
47042,Castromembibre,NA,NA,NA
49042,Castronuevo,NA,NA,NA
47044,Castronuevo de Esgueva,NA,NA,NA
24049,Castropodame,NA,NA,NA
40049,Castroserna de Abajo,NA,NA,NA
40051,Castroserracín,NA,NA,NA
24050,Castrotierra de Valmadrigal,NA,NA,NA
26044,Castroviejo,NA,NA,NA
36010,Catoira,NA,NA,NA
25071,Cava,NA,NA,NA
49044,Cazurra,NA,NA,NA
16047,Cañada Juncosa,NA,NA,NA
44060,Cañada de Benatanduz,NA,NA,NA
13029,Cañada de Calatrava,NA,NA,NA
44061,"Cañada de Verich, La",NA,NA,NA
42050,Cañamaque,NA,NA,NA
26040,Cañas,NA,NA,NA
16049,"Cañavate, El",NA,NA,NA
21020,Cañaveral de León,NA,NA,NA
36009,"Cañiza, A",NA,NA,NA
44063,Cañizar del Olivar,NA,NA,NA
24052,Cebanico,NA,NA,NA
09094,Cebrecos,NA,NA,NA
24053,Cebrones del Río,NA,NA,NA
10061,Ceclavín,NA,NA,NA
30017,Cehegín,NA,NA,NA
09095,Celada del Camino,NA,NA,NA
26045,Cellorigo,NA,NA,NA
17049,Celrà,NA,NA,NA
31193,Cendea de Olza / Oltza Zendea,NA,NA,NA
19080,Cendejas de Enmedio,NA,NA,NA
19081,Cendejas de la Torre,NA,NA,NA
42059,Centenera de Andaluz,NA,NA,NA
05058,Cepeda la Mora,NA,NA,NA
42060,Cerbón,NA,NA,NA
08266,Cerdanyola del Vallès,NA,NA,NA
36902,Cerdedo-Cotobade,NA,NA,NA
15025,Cerdido,NA,NA,NA
37100,Cerezal de Peñahorcada,NA,NA,NA
09098,Cerezo de Río Tirón,NA,NA,NA
49048,Cernadilla,NA,NA,NA
44077,"Cerollera, La",NA,NA,NA
09100,Cerratón de Juarros,NA,NA,NA
21023,"Cerro de Andévalo, El",NA,NA,NA
27012,Cervantes,NA,NA,NA
08068,Cervelló,NA,NA,NA
28039,Cervera de Buitrago,NA,NA,NA
50079,Cervera de la Cañada,NA,NA,NA
26047,Cervera del Río Alhama,NA,NA,NA
50080,Cerveruela,NA,NA,NA
47049,Cervillego de la Cruz,NA,NA,NA
17050,Cervià de Ter,NA,NA,NA
25073,Cervià de les Garrigues,NA,NA,NA
30018,Ceutí,NA,NA,NA
34058,Cevico Navero,NA,NA,NA
34057,Cevico de la Torre,NA,NA,NA
37114,Chagarcía Medianero,NA,NA,NA
05067,Chamartín,NA,NA,NA
32029,Chandrexa de Queixa,NA,NA,NA
27016,Chantada,NA,NA,NA
28051,Chapinería,NA,NA,NA
19103,Checa,NA,NA,NA
19104,Chequilla,NA,NA,NA
12053,Chilches / Xilxes,NA,NA,NA
16023,Chillarón de Cuenca,NA,NA,NA
19106,Chillarón del Rey,NA,NA,NA
23030,Chilluévar,NA,NA,NA
13038,Chillón,NA,NA,NA
02029,Chinchilla de Monte-Aragón,NA,NA,NA
28052,Chinchón,NA,NA,NA
12055,Chodos / Xodos,NA,NA,NA
16081,Chumillas,NA,NA,NA
22095,Chía,NA,NA,NA
09101,Ciadoncha,NA,NA,NA
26048,Cidamón,NA,NA,NA
42062,Cigudosa,NA,NA,NA
42063,Cihuela,NA,NA,NA
09102,Cillaperlata,NA,NA,NA
37104,Cilleros de la Bastida,NA,NA,NA
09104,Cilleruelo de Arriba,NA,NA,NA
40055,Cilleruelo de San Mamés,NA,NA,NA
39022,Cillorigo de Liébana,NA,NA,NA
05059,Cillán,NA,NA,NA
50082,Cimballa,NA,NA,NA
50083,Cinco Olivas,NA,NA,NA
19087,Cincovillas,NA,NA,NA
12045,Cinctorres,NA,NA,NA
31072,Cintruénigo,NA,NA,NA
37106,Cipérez,NA,NA,NA
31074,Cirauqui / Zirauki,NA,NA,NA
31075,Ciriza / Ziritza,NA,NA,NA
19089,Ciruelos del Pinar,NA,NA,NA
42065,Cirujales del Río,NA,NA,NA
05060,Cisla,NA,NA,NA
47052,Cistérniga,NA,NA,NA
31076,Cizur,NA,NA,NA
50084,Clarés de Ribota,NA,NA,NA
40056,Cobos de Fuentidueña,NA,NA,NA
37108,Coca de Alba,NA,NA,NA
50085,Codo,NA,NA,NA
40058,Codorniz,NA,NA,NA
44080,"Codoñera, La",NA,NA,NA
47053,Cogeces de Íscar,NA,NA,NA
18050,Cogollos de la Vega,NA,NA,NA
15027,Coirós,NA,NA,NA
32026,Coles,NA,NA,NA
25077,Coll de Nargó,NA,NA,NA
40059,Collado Hermoso,NA,NA,NA
10065,Collado de la Vera,NA,NA,NA
05063,Collado del Mirón,NA,NA,NA
34061,Collazos de Boedo,NA,NA,NA
08069,Collbató,NA,NA,NA
43045,Colldejou,NA,NA,NA
37109,Colmenar de Montemayor,NA,NA,NA
22090,Colungo,NA,NA,NA
25163,"Coma i la Pedra, La",NA,NA,NA
25161,Conca de Dalt,NA,NA,NA
40060,Condado de Castilnovo,NA,NA,NA
09109,Condado de Treviño,NA,NA,NA
19096,Condemios de Arriba,NA,NA,NA
43046,Conesa,NA,NA,NA
24057,Congosto,NA,NA,NA
43047,Constantí,NA,NA,NA
05064,Constanzana,NA,NA,NA
50087,Contamina,NA,NA,NA
09110,Contreras,NA,NA,NA
19098,Copernal,NA,NA,NA
44082,Corbalán,NA,NA,NA
24058,Corbillos de los Oteros,NA,NA,NA
47055,Corcos,NA,NA,NA
15028,Corcubión,NA,NA,NA
06038,Cordobilla de Lácara,NA,NA,NA
34063,Cordovilla la Real,NA,NA,NA
26052,Cordovín,NA,NA,NA
27014,"Corgo, O",NA,NA,NA
41034,Coria del Río,NA,NA,NA
08073,Cornellà de Llobregat,NA,NA,NA
17056,Cornellà del Terri,NA,NA,NA
26055,Corporales,NA,NA,NA
40061,Corral de Ayllón,NA,NA,NA
02027,Corral-Rubio,NA,NA,NA
47056,Corrales de Duero,NA,NA,NA
21024,Corteconcepción,NA,NA,NA
32027,Cortegada,NA,NA,NA
21026,Cortelazor,NA,NA,NA
44084,Cortes de Aragón,NA,NA,NA
12048,Cortes de Arenoso,NA,NA,NA
13036,"Cortijos, Los",NA,NA,NA
24059,Corullón,NA,NA,NA
15030,"Coruña, A",NA,NA,NA
33020,Corvera de Asturias,NA,NA,NA
39026,Corvera de Toranzo,NA,NA,NA
17057,Corçà,NA,NA,NA
44085,Cosa,NA,NA,NA
42068,Coscurita,NA,NA,NA
27015,Cospeito,NA,NA,NA
46100,Cotes,NA,NA,NA
02028,Cotillas,NA,NA,NA
36013,Covelo,NA,NA,NA
40902,Cozuelos de Fuentidueña,NA,NA,NA
29042,Coín,NA,NA,NA
36014,Crecente,NA,NA,NA
17058,Crespià,NA,NA,NA
37112,Cristóbal,NA,NA,NA
44087,Crivillén,NA,NA,NA
17901,"Cruïlles, Monells i Sant Sadurní de l'Heura",NA,NA,NA
24060,Crémenes,NA,NA,NA
44088,"Cuba, La",NA,NA,NA
50090,Cubel,NA,NA,NA
42070,Cubilla,NA,NA,NA
24063,Cubillas de Rueda,NA,NA,NA
24062,Cubillas de los Oteros,NA,NA,NA
19102,"Cubillo de Uceda, El",NA,NA,NA
09114,Cubillo del Campo,NA,NA,NA
49056,Cubillos,NA,NA,NA
44089,Cubla,NA,NA,NA
49057,Cubo de Benavente,NA,NA,NA
37113,"Cubo de Don Sancho, El",NA,NA,NA
49058,"Cubo de Tierra del Vino, El",NA,NA,NA
42071,Cubo de la Solana,NA,NA,NA
44090,Cucalón,NA,NA,NA
50091,"Cuerlas, Las",NA,NA,NA
41903,"Cuervo de Sevilla, El",NA,NA,NA
09117,"Cueva de Roa, La",NA,NA,NA
42073,Cueva de Ágreda,NA,NA,NA
44093,Cuevas de Almudén,NA,NA,NA
40905,Cuevas de Provanco,NA,NA,NA
09119,Cuevas de San Clemente,NA,NA,NA
05066,Cuevas del Valle,NA,NA,NA
21028,Cumbres de San Bartolomé,NA,NA,NA
36015,Cuntis,NA,NA,NA
47059,Curiel de Duero,NA,NA,NA
26056,Cuzcurrita de Río Tirón,NA,NA,NA
40063,Cuéllar,NA,NA,NA
12034,Càlig,NA,NA,NA
08042,Cànoves i Samalús,NA,NA,NA
46084,Càrcer,NA,NA,NA
18035,Cádiar,NA,NA,NA
18036,Cájar,NA,NA,NA
31066,Cárcar,NA,NA,NA
23901,Cárcheles,NA,NA,NA
26041,Cárdenas,NA,NA,NA
24037,Cármenes,NA,NA,NA
29038,Cártama,NA,NA,NA
31069,Cáseda,NA,NA,NA
18044,Cástaras,NA,NA,NA
18040,Cáñar,NA,NA,NA
04034,Cóbdar,NA,NA,NA
29045,Cómpeta,NA,NA,NA
13037,Cózar,NA,NA,NA
18056,Cúllar,NA,NA,NA
18057,Cúllar Vega,NA,NA,NA
29050,Cútar,NA,NA,NA
04038,Dalías,NA,NA,NA
26057,Daroca de Rioja,NA,NA,NA
34067,Dehesa de Montejo,NA,NA,NA
34068,Dehesa de Romanos,NA,NA,NA
10071,Descargamaría,NA,NA,NA
31079,Desojo,NA,NA,NA
24066,Destriana,NA,NA,NA
05903,Diego del Carpio,NA,NA,NA
37115,Dios le Guarde,NA,NA,NA
40068,Domingo García,NA,NA,NA
45058,Domingo Pérez,NA,NA,NA
18915,Domingo Pérez de Granada,NA,NA,NA
06043,Don Álvaro,NA,NA,NA
31221,Doneztebe / Santesteban,NA,NA,NA
40069,Donhierro,NA,NA,NA
05069,Donjimeno,NA,NA,NA
20069,Donostia / San Sebastián,NA,NA,NA
05070,Donvidas,NA,NA,NA
45059,Dosbarrios,NA,NA,NA
36016,Dozón,NA,NA,NA
14022,Doña Mencía,NA,NA,NA
43053,Duesaigües,NA,NA,NA
15034,Dumbría,NA,NA,NA
40070,Duruelo,NA,NA,NA
19108,Durón,NA,NA,NA
42075,Dévanos,NA,NA,NA
18068,Dílar,NA,NA,NA
18069,Dólar,NA,NA,NA
18070,Dúdar,NA,NA,NA
18071,Dúrcal,NA,NA,NA
31083,Echarri / Etxarri,NA,NA,NA
37118,Ejeme,NA,NA,NA
44096,Ejulve,NA,NA,NA
01021,Elburgo / Burgelu,NA,NA,NA
03065,Elche / Elx,NA,NA,NA
01023,Elvillar / Bilar,NA,NA,NA
19109,Embid,NA,NA,NA
50096,Embid de Ariza,NA,NA,NA
50098,Encinacorba,NA,NA,NA
40071,Encinas,NA,NA,NA
37122,Encinas de Arriba,NA,NA,NA
37123,Encinasola de los Comendadores,NA,NA,NA
40072,Encinillas,NA,NA,NA
26058,Enciso,NA,NA,NA
09120,Encío,NA,NA,NA
37124,Endrinal,NA,NA,NA
16082,Enguídanos,NA,NA,NA
49061,Entrala,NA,NA,NA
32030,Entrimo,NA,NA,NA
06045,Entrín Bajo,NA,NA,NA
31089,Enériz / Eneritz,NA,NA,NA
24068,"Ercina, La",NA,NA,NA
48033,Ereño,NA,NA,NA
31091,Ergoiena,NA,NA,NA
20066,Errezil,NA,NA,NA
01046,Erriberagoitia / Ribera Alta,NA,NA,NA
19110,Escamilla,NA,NA,NA
19111,Escariche,NA,NA,NA
50101,Escatrón,NA,NA,NA
24069,Escobar de Campos,NA,NA,NA
40075,Escobar de Polendos,NA,NA,NA
42079,Escobosa de Almazán,NA,NA,NA
18072,Escúzar,NA,NA,NA
47061,Esguevillas de Esgueva,NA,NA,NA
37126,Espadaña,NA,NA,NA
49062,Espadañedo,NA,NA,NA
12058,Espadilla,NA,NA,NA
31095,Esparza de Salazar / Espartza Zaraitzu,NA,NA,NA
42081,Espejón,NA,NA,NA
37128,Espino de la Orbada,NA,NA,NA
09122,Espinosa de Cervera,NA,NA,NA
05072,Espinosa de los Caballeros,NA,NA,NA
09123,Espinosa del Camino,NA,NA,NA
19114,Esplegares,NA,NA,NA
25081,"Espluga Calba, L'",NA,NA,NA
43054,"Espluga de Francolí, L'",NA,NA,NA
22099,Esplús,NA,NA,NA
17065,Esponellà,NA,NA,NA
19115,Establés,NA,NA,NA
25088,Estamariu,NA,NA,NA
25085,Estaràs,NA,NA,NA
31097,Estella-Lizarra,NA,NA,NA
42082,Estepa de San Juan,NA,NA,NA
31098,Esteribar,NA,NA,NA
25086,Esterri d'Àneu,NA,NA,NA
25087,Esterri de Cardós,NA,NA,NA
22105,Estopiñán del Castillo,NA,NA,NA
36017,"Estrada, A",NA,NA,NA
45065,"Estrella, La",NA,NA,NA
19116,Estriégana,NA,NA,NA
46121,Estubeny,NA,NA,NA
09125,Estépar,NA,NA,NA
31084,Etxarri Aranatz,NA,NA,NA
31100,Eulate,NA,NA,NA
31101,Ezcabarte,NA,NA,NA
31093,Ezcároz / Ezkaroze,NA,NA,NA
31102,Ezkurra,NA,NA,NA
31103,Ezprogui,NA,NA,NA
03067,Facheca,NA,NA,NA
22106,Fago,NA,NA,NA
03068,Famorca,NA,NA,NA
17005,"Far d'Empordà, El",NA,NA,NA
29052,Faraján,NA,NA,NA
49063,Faramontanos de Tábara,NA,NA,NA
50105,Fayón,NA,NA,NA
43057,"Febró, La",NA,NA,NA
13040,Fernán Caballero,NA,NA,NA
14027,Fernán-Núñez,NA,NA,NA
49066,Ferreras de Abajo,NA,NA,NA
49067,Ferreras de Arriba,NA,NA,NA
49068,Ferreruela,NA,NA,NA
44101,Ferreruela de Huerva,NA,NA,NA
08134,Figaró-Montmany,NA,NA,NA
49069,Figueruela de Arriba,NA,NA,NA
35008,Firgas,NA,NA,NA
17067,Flaçà,NA,NA,NA
05073,Flores de Ávila,NA,NA,NA
25092,"Floresta, La",NA,NA,NA
37129,Florida de Liébana,NA,NA,NA
08081,Fogars de Montclús,NA,NA,NA
17068,Foixà,NA,NA,NA
27017,Folgoso do Courel,NA,NA,NA
50108,Fombuena,NA,NA,NA
03077,"Fondó de les Neus, el / Hondón de las Nieves",NA,NA,NA
04046,Fondón,NA,NA,NA
44102,Fonfría,NA,NA,NA
49071,Fonfría,NA,NA,NA
27018,"Fonsagrada, A",NA,NA,NA
08085,Font-rubí,NA,NA,NA
17069,Fontanals de Cerdanya,NA,NA,NA
47064,Fontihoyuelo,NA,NA,NA
22111,Foradada del Toscar,NA,NA,NA
17902,Forallac,NA,NA,NA
36018,Forcarei,NA,NA,NA
07024,Formentera,NA,NA,NA
36019,Fornelos de Montes,NA,NA,NA
44106,Fortanete,NA,NA,NA
17074,Fortià,NA,NA,NA
43061,Forès,NA,NA,NA
27019,Foz,NA,NA,NA
44107,Foz-Calanda,NA,NA,NA
50109,"Frago, El",NA,NA,NA
09128,Frandovínez,NA,NA,NA
08086,"Franqueses del Vallès, Les",NA,NA,NA
34072,Frechilla,NA,NA,NA
42083,Frechilla de Almazán,NA,NA,NA
37132,"Fregeneda, La",NA,NA,NA
16083,Fresneda de Altarejos,NA,NA,NA
40078,Fresneda de Cuéllar,NA,NA,NA
09129,Fresneda de la Sierra Tirón,NA,NA,NA
05075,Fresnedilla,NA,NA,NA
37133,Fresnedoso,NA,NA,NA
09130,Fresneña,NA,NA,NA
37134,Fresno Alhándiga,NA,NA,NA
42084,Fresno de Caracena,NA,NA,NA
09132,Fresno de Río Tirón,NA,NA,NA
49077,Fresno de Sayago,NA,NA,NA
49076,Fresno de la Ribera,NA,NA,NA
34073,Fresno del Río,NA,NA,NA
27020,Friol,NA,NA,NA
16085,"Frontera, La",NA,NA,NA
50111,Fréscano,NA,NA,NA
09134,Frías,NA,NA,NA
44109,Frías de Albarracín,NA,NA,NA
34074,Frómista,NA,NA,NA
19118,Fuembellida,NA,NA,NA
38014,Fuencaliente de la Palma,NA,NA,NA
19119,Fuencemillán,NA,NA,NA
50113,Fuendejalón,NA,NA,NA
44110,Fuenferrada,NA,NA,NA
06051,Fuenlabrada de los Montes,NA,NA,NA
29055,Fuente de Piedra,NA,NA,NA
37135,"Fuente de San Esteban, La",NA,NA,NA
40083,Fuente el Olmo de Fuentidueña,NA,NA,NA
40084,Fuente el Olmo de Íscar,NA,NA,NA
05077,Fuente el Saúz,NA,NA,NA
47067,Fuente el Sol,NA,NA,NA
12063,Fuente la Reina,NA,NA,NA
30021,Fuente Álamo de Murcia,NA,NA,NA
47068,Fuente-Olmedo,NA,NA,NA
14031,Fuente-Tójar,NA,NA,NA
02033,Fuente-Álamo,NA,NA,NA
42085,Fuentearmegil,NA,NA,NA
42086,Fuentecambrón,NA,NA,NA
42087,Fuentecantos,NA,NA,NA
09136,Fuentecén,NA,NA,NA
19120,Fuentelahiguera de Albatages,NA,NA,NA
09137,Fuentelcésped,NA,NA,NA
19121,Fuentelencina,NA,NA,NA
09138,Fuentelisendo,NA,NA,NA
42088,Fuentelmonge,NA,NA,NA
19122,Fuentelsaz,NA,NA,NA
42089,Fuentelsaz de Soria,NA,NA,NA
19123,Fuentelviejo,NA,NA,NA
16904,Fuentenava de Jábaga,NA,NA,NA
42090,Fuentepinilla,NA,NA,NA
40087,Fuentepiñel,NA,NA,NA
37138,Fuenterroble de Salvatierra,NA,NA,NA
44111,Fuentes Calientes,NA,NA,NA
44112,Fuentes Claras,NA,NA,NA
41042,Fuentes de Andalucía,NA,NA,NA
12064,Fuentes de Ayódar,NA,NA,NA
05078,Fuentes de Año,NA,NA,NA
37139,Fuentes de Béjar,NA,NA,NA
24074,Fuentes de Carbajal,NA,NA,NA
06055,Fuentes de León,NA,NA,NA
42092,Fuentes de Magaña,NA,NA,NA
44113,Fuentes de Rubielos,NA,NA,NA
49081,Fuentesaúco,NA,NA,NA
40089,Fuentesaúco de Fuentidueña,NA,NA,NA
49083,Fuentesecas,NA,NA,NA
40091,Fuentesoto,NA,NA,NA
49084,Fuentespreadas,NA,NA,NA
42093,Fuentestrún,NA,NA,NA
16091,Fuertescusa,NA,NA,NA
22113,"Fueva, La",NA,NA,NA
25097,Fulleda,NA,NA,NA
02031,Férez,NA,NA,NA
08080,Fígols,NA,NA,NA
25908,Fígols i Alinyà,NA,NA,NA
44105,Fórnoles,NA,NA,NA
16092,Gabaldón,NA,NA,NA
08090,Gaià,NA,NA,NA
09143,Galbarros,NA,NA,NA
26065,Galbárruli,NA,NA,NA
37144,Galisancho,NA,NA,NA
40093,Gallegos,NA,NA,NA
37145,Gallegos de Argañán,NA,NA,NA
05080,Gallegos de Sobrinos,NA,NA,NA
37146,Gallegos de Solmirón,NA,NA,NA
49087,Gallegos del Río,NA,NA,NA
26067,Gallinero de Cameros,NA,NA,NA
31110,Gallipienzo / Galipentzu,NA,NA,NA
31111,Gallués / Galoze,NA,NA,NA
19127,Galve de Sorbe,NA,NA,NA
19126,Galápagos,NA,NA,NA
38016,Garafía,NA,NA,NA
48039,Garai,NA,NA,NA
31112,Garaioa,NA,NA,NA
37148,Garcihernández,NA,NA,NA
40094,Garcillán,NA,NA,NA
45068,Garciotum,NA,NA,NA
44116,Gargallo,NA,NA,NA
05081,Garganta del Villar,NA,NA,NA
10080,Gargantilla,NA,NA,NA
28063,Gargantilla del Lozoya y Pinilla de Buitrago,NA,NA,NA
10081,Gargüera,NA,NA,NA
06057,Garlitos,NA,NA,NA
24076,Garrafe de Torío,NA,NA,NA
17076,Garrigoles,NA,NA,NA
17075,Garrigàs,NA,NA,NA
10082,Garrovillas de Alconétar,NA,NA,NA
10083,Garvín,NA,NA,NA
31114,Garínoain,NA,NA,NA
16094,Gascueña,NA,NA,NA
19129,Gascueña de Bornova,NA,NA,NA
47070,Gatón de Campos,NA,NA,NA
29056,Gaucín,NA,NA,NA
25098,Gavet de la Conca,NA,NA,NA
08089,Gavà,NA,NA,NA
44117,Gea de Albarracín,NA,NA,NA
49090,Gema,NA,NA,NA
31116,Genevilla,NA,NA,NA
46132,Genovés,NA,NA,NA
21035,Gibraleón,NA,NA,NA
05085,Gil García,NA,NA,NA
05084,Gilbuena,NA,NA,NA
25912,Gimenells i el Pla de la Font,NA,NA,NA
05086,Gimialcón,NA,NA,NA
26068,Gimileo,NA,NA,NA
44118,"Ginebrosa, La",NA,NA,NA
22114,Gistaín,NA,NA,NA
50120,Godojos,NA,NA,NA
25099,Golmés,NA,NA,NA
02036,Golosalvo,NA,NA,NA
17080,Gombrèn,NA,NA,NA
32033,Gomesende,NA,NA,NA
40095,Gomezserracín,NA,NA,NA
36021,Gondomar,NA,NA,NA
42097,Gormaz,NA,NA,NA
05087,Gotarrendura,NA,NA,NA
50121,Gotor,NA,NA,NA
33025,Gozón,NA,NA,NA
31118,Goñi,NA,NA,NA
24080,Grajal de Campos,NA,NA,NA
21036,"Granada de Río-Tinto, La",NA,NA,NA
38017,Granadilla de Abona,NA,NA,NA
21037,"Granado, El",NA,NA,NA
05088,Grandes y San Martín,NA,NA,NA
10086,"Granja, La",NA,NA,NA
49092,Granucillo,NA,NA,NA
25104,Granyena de Segarra,NA,NA,NA
25105,Granyena de les Garrigues,NA,NA,NA
13045,Granátula de Calatrava,NA,NA,NA
22116,Grañén,NA,NA,NA
26069,Grañón,NA,NA,NA
44119,Griegos,NA,NA,NA
09149,Grisaleña,NA,NA,NA
50123,Grisén,NA,NA,NA
28066,Griñón,NA,NA,NA
36022,"Grove, O",NA,NA,NA
26070,Grávalos,NA,NA,NA
14033,Guadalcázar,NA,NA,NA
13046,Guadalmez,NA,NA,NA
06903,Guadiana del Caudillo,NA,NA,NA
37154,Guadramiro,NA,NA,NA
36023,"Guarda, A",NA,NA,NA
23038,"Guardia de Jaén, La",NA,NA,NA
08099,Guardiola de Berguedà,NA,NA,NA
29058,Guaro,NA,NA,NA
23039,Guarromán,NA,NA,NA
34081,Guaza de Campos,NA,NA,NA
31120,Guesálaz / Gesalatz,NA,NA,NA
10091,Guijo de Santa Bárbara,NA,NA,NA
37155,Guijo de Ávila,NA,NA,NA
25109,Guimerà,NA,NA,NA
25903,"Guingueta d'Àneu, La",NA,NA,NA
31121,Guirguillano,NA,NA,NA
27022,Guitiriz,NA,NA,NA
09151,Gumiel de Izán,NA,NA,NA
09152,Gumiel de Mercado,NA,NA,NA
27023,Guntín,NA,NA,NA
39030,Guriezo,NA,NA,NA
22119,Gurrea de Gállego,NA,NA,NA
24081,Gusendos de los Oteros,NA,NA,NA
05090,Gutierre-Muñoz,NA,NA,NA
18906,"Guájares, Los",NA,NA,NA
38019,Guía de Isora,NA,NA,NA
04047,Gádor,NA,NA,NA
35009,Gáldar,NA,NA,NA
45067,Gálvez,NA,NA,NA
46902,Gátova,NA,NA,NA
23037,Génave,NA,NA,NA
04050,Gérgal,NA,NA,NA
18084,Gójar,NA,NA,NA
42096,Gómara,NA,NA,NA
25100,Gósol,NA,NA,NA
44121,Gúdar,NA,NA,NA
31119,Güesa / Gorza,NA,NA,NA
18095,Güevéjar,NA,NA,NA
18094,Güéjar Sierra,NA,NA,NA
38020,Güímar,NA,NA,NA
09154,Hacinas,NA,NA,NA
01056,Harana / Valle de Arana,NA,NA,NA
35010,Haría,NA,NA,NA
09155,Haza,NA,NA,NA
06062,Helechosa de los Montes,NA,NA,NA
02037,Hellín,NA,NA,NA
16097,Henarejos,NA,NA,NA
19132,Henche,NA,NA,NA
19133,Heras de Ayuso,NA,NA,NA
12068,Herbés,NA,NA,NA
26072,Herce,NA,NA,NA
37157,Herguijuela de Ciudad Rodrigo,NA,NA,NA
37158,Herguijuela de la Sierra,NA,NA,NA
37159,Herguijuela del Campo,NA,NA,NA
39032,Hermandad de Campoo de Suso,NA,NA,NA
10093,Hernán-Pérez,NA,NA,NA
05093,Herradón de Pinares,NA,NA,NA
26073,Herramélluri,NA,NA,NA
10094,Herrera de Alcántara,NA,NA,NA
42098,Herrera de Soria,NA,NA,NA
45073,Herreruela de Oropesa,NA,NA,NA
19134,Herrería,NA,NA,NA
39033,Herrerías,NA,NA,NA
47073,Herrín de Campos,NA,NA,NA
10096,Hervás,NA,NA,NA
26074,Hervías,NA,NA,NA
19135,Hiendelaencina,NA,NA,NA
10097,Higuera,NA,NA,NA
06065,Higuera de Llerena,NA,NA,NA
12069,Higueras,NA,NA,NA
19136,Hijes,NA,NA,NA
37160,Hinojosa de Duero,NA,NA,NA
44123,Hinojosa de Jarque,NA,NA,NA
42100,Hinojosa del Campo,NA,NA,NA
13048,Hinojosas de Calatrava,NA,NA,NA
31256,Hiriberri / Villanueva de Aezkoa,NA,NA,NA
19139,Hombrados,NA,NA,NA
03078,Hondón de los Frailes,NA,NA,NA
40099,Honrubia de la Cuesta,NA,NA,NA
40100,Hontalbilla,NA,NA,NA
09159,Hontanas,NA,NA,NA
16103,Hontanaya,NA,NA,NA
16104,Hontecillas,NA,NA,NA
34086,Hontoria de Cerrato,NA,NA,NA
37161,Horcajo de Montemayor,NA,NA,NA
28070,Horcajo de la Sierra-Aoslos,NA,NA,NA
05100,"Hornillo, El",NA,NA,NA
26077,Hornillos de Cameros,NA,NA,NA
47074,Hornillos de Eresma,NA,NA,NA
09167,Hornillos del Camino,NA,NA,NA
23043,Hornos,NA,NA,NA
26078,Hornos de Moncalvillo,NA,NA,NA
19145,Hortezuela de Océn,NA,NA,NA
09169,Hortigüela,NA,NA,NA
24082,Hospital de Órbigo,NA,NA,NA
08101,"Hospitalet de Llobregat, L'",NA,NA,NA
08162,"Hostalets de Pierola, Els",NA,NA,NA
37163,"Hoya, La",NA,NA,NA
02040,Hoya-Gonzalo,NA,NA,NA
05103,Hoyorredondo,NA,NA,NA
05106,Hoyos de Miguel Muñoz,NA,NA,NA
05104,Hoyos del Collado,NA,NA,NA
22122,Hoz de Jaca,NA,NA,NA
44124,"Hoz de la Vieja, La",NA,NA,NA
22908,Hoz y Costean,NA,NA,NA
31122,Huarte / Uharte,NA,NA,NA
16108,Huelves,NA,NA,NA
19146,"Huerce, La",NA,NA,NA
45078,Huerta de Valdecarábanos,NA,NA,NA
16110,Huerta de la Obispalía,NA,NA,NA
16111,Huerta del Marquesado,NA,NA,NA
19148,Huertahernando,NA,NA,NA
22124,Huerto,NA,NA,NA
40103,"Huertos, Los",NA,NA,NA
44125,Huesa del Común,NA,NA,NA
19151,Humanes,NA,NA,NA
09176,Hurones,NA,NA,NA
05107,Hurtumpascual,NA,NA,NA
04051,Huécija,NA,NA,NA
10101,Huélaga,NA,NA,NA
18096,Huélago,NA,NA,NA
16107,Huélamo,NA,NA,NA
18097,Huéneja,NA,NA,NA
04052,Huércal de Almería,NA,NA,NA
04053,Huércal-Overa,NA,NA,NA
26079,Huércanos,NA,NA,NA
16109,Huérguina,NA,NA,NA
09172,Huérmeces,NA,NA,NA
19147,Huérmeces del Cerro,NA,NA,NA
18098,Huéscar,NA,NA,NA
18100,Huétor Tájar,NA,NA,NA
41051,Huévar del Aljarafe,NA,NA,NA
34082,Hérmedes de Cerrato,NA,NA,NA
44122,Híjar,NA,NA,NA
31124,Ibargoiti,NA,NA,NA
33028,Ibias,NA,NA,NA
22126,Ibieca,NA,NA,NA
09178,Ibrillos,NA,NA,NA
38022,Icod de los Vinos,NA,NA,NA
22127,Igriés,NA,NA,NA
31125,Igúzquiza,NA,NA,NA
24083,Igüeña,NA,NA,NA
36901,"Illa de Arousa, A",NA,NA,NA
33029,Illano,NA,NA,NA
33030,Illas,NA,NA,NA
45080,Illán de Vacas,NA,NA,NA
31126,Imotz,NA,NA,NA
27024,"Incio, O",NA,NA,NA
19153,Iniéstola,NA,NA,NA
04055,Instinción,NA,NA,NA
19154,"Inviernas, Las",NA,NA,NA
32035,"Irixo, O",NA,NA,NA
19155,Irueste,NA,NA,NA
01901,Iruña Oka / Iruña de Oca,NA,NA,NA
31128,Isaba / Izaba,NA,NA,NA
09181,Isar,NA,NA,NA
25115,Isona i Conca Dellà,NA,NA,NA
29061,Istán,NA,NA,NA
50128,Isuerre,NA,NA,NA
22129,Isábena,NA,NA,NA
17084,Isòvol,NA,NA,NA
09182,Itero del Castillo,NA,NA,NA
37166,Ituero de Azaba,NA,NA,NA
31129,Ituren,NA,NA,NA
31131,Iza / Itza,NA,NA,NA
31132,Izagaondoa,NA,NA,NA
24084,Izagre,NA,NA,NA
31133,Izalzu / Itzaltzu,NA,NA,NA
14037,Iznájar,NA,NA,NA
44127,Jabaloyas,NA,NA,NA
26081,Jalón de Cameros,NA,NA,NA
50129,Jaraba,NA,NA,NA
09184,Jaramillo Quemado,NA,NA,NA
10105,Jarandilla de la Vera,NA,NA,NA
10104,Jaraíz de la Vera,NA,NA,NA
10106,Jarilla,NA,NA,NA
44128,Jarque de la Val,NA,NA,NA
44129,Jatiel,NA,NA,NA
50131,Jaulín,NA,NA,NA
31135,Javier,NA,NA,NA
03083,Jijona / Xixona,NA,NA,NA
29063,Jimera de Líbar,NA,NA,NA
19157,Jirueque,NA,NA,NA
44131,Josa,NA,NA,NA
25910,Josa i Tuixén,NA,NA,NA
40105,Juarros de Riomoros,NA,NA,NA
17087,Juià,NA,NA,NA
05108,Junciana,NA,NA,NA
25118,Juncosa,NA,NA,NA
09189,Junta de Traslaloma,NA,NA,NA
09190,Junta de Villalba de Losa,NA,NA,NA
09191,Jurisdicción de Lara,NA,NA,NA
09192,Jurisdicción de San Zadornil,NA,NA,NA
31136,Juslapeña,NA,NA,NA
49097,Justel,NA,NA,NA
37167,Juzbado,NA,NA,NA
18106,Játar,NA,NA,NA
03082,Jávea / Xàbia,NA,NA,NA
12071,Jérica,NA,NA,NA
23053,Jódar,NA,NA,NA
29065,Júzcar,NA,NA,NA
48022,Karrantza Harana / Valle de Carranza,NA,NA,NA
01028,Labastida / Bastida,NA,NA,NA
34091,Lagartos,NA,NA,NA
50133,Lagata,NA,NA,NA
01030,Lagrán,NA,NA,NA
44132,Lagueruela,NA,NA,NA
16115,Laguna del Marquesado,NA,NA,NA
26083,Lagunilla del Jubera,NA,NA,NA
36024,Lalín,NA,NA,NA
36025,"Lama, A",NA,NA,NA
39034,Lamasón,NA,NA,NA
31139,Lana,NA,NA,NA
01032,Lanciego / Lantziego,NA,NA,NA
48051,Lanestosa,NA,NA,NA
50134,Langa del Castillo,NA,NA,NA
33031,Langreo,NA,NA,NA
40109,Languilla,NA,NA,NA
18116,Lanjarón,NA,NA,NA
34092,Lantadilla,NA,NA,NA
01902,Lantarón,NA,NA,NA
41052,Lantejuela,NA,NA,NA
05110,Lanzahíta,NA,NA,NA
44133,Lanzuela,NA,NA,NA
22139,Laperdiguera,NA,NA,NA
31141,Lapoblación,NA,NA,NA
32038,Larouco,NA,NA,NA
04056,Laroya,NA,NA,NA
31144,Larraun,NA,NA,NA
22141,Lascellas-Ponzano,NA,NA,NA
22142,Lascuarre,NA,NA,NA
22143,Laspaúles,NA,NA,NA
40110,Lastras de Cuéllar,NA,NA,NA
40111,Lastras del Pozo,NA,NA,NA
01036,Laudio / Llodio,NA,NA,NA
33032,Laviana,NA,NA,NA
50135,Layana,NA,NA,NA
32039,Laza,NA,NA,NA
31145,Lazagurría,NA,NA,NA
31146,Leache / Leatxe,NA,NA,NA
50138,Lechón,NA,NA,NA
18119,Lecrín,NA,NA,NA
26086,Ledesma de la Cogolla,NA,NA,NA
34094,Ledigos,NA,NA,NA
20068,Leintz-Gatzaga,NA,NA,NA
33033,Lena,NA,NA,NA
18120,Lentegí,NA,NA,NA
31150,Leoz / Leotz,NA,NA,NA
31151,Lerga,NA,NA,NA
31152,Lerín,NA,NA,NA
01034,Leza,NA,NA,NA
26088,Leza de Río Leza,NA,NA,NA
31154,Lezáun,NA,NA,NA
44135,Libros,NA,NA,NA
42105,Liceras,NA,NA,NA
44136,Lidón,NA,NA,NA
37172,Linares de Riofrío,NA,NA,NA
50140,Litago,NA,NA,NA
50141,Lituénigo,NA,NA,NA
31156,Lizoáin-Arriasgoiti,NA,NA,NA
31155,Liédena,NA,NA,NA
39037,Liérganes,NA,NA,NA
02044,Liétor,NA,NA,NA
17088,Lladó,NA,NA,NA
33035,Llanera,NA,NA,NA
09195,Llano de Bureba,NA,NA,NA
38024,"Llanos de Aridane, Los",NA,NA,NA
05113,"Llanos de Tormes, Los",NA,NA,NA
17092,Llançà,NA,NA,NA
46155,Llaurí,NA,NA,NA
25126,Llavorsí,NA,NA,NA
44141,Lledó,NA,NA,NA
25127,Lles de Cerdanya,NA,NA,NA
25128,Llimiana,NA,NA,NA
08106,Llinars del Vallès,NA,NA,NA
08107,Lliçà d'Amunt,NA,NA,NA
08108,Lliçà de Vall,NA,NA,NA
43072,"Lloar, El",NA,NA,NA
46151,Llocnou d'En Fenollet,NA,NA,NA
46152,Llocnou de la Corona,NA,NA,NA
43073,Llorac,NA,NA,NA
43074,Llorenç del Penedès,NA,NA,NA
17096,"Llosses, Les",NA,NA,NA
12072,Llucena / Lucena del Cid,NA,NA,NA
08109,Lluçà,NA,NA,NA
03085,Llíber,NA,NA,NA
17094,Llívia,NA,NA,NA
32041,Lobeira,NA,NA,NA
50142,Lobera de Onsella,NA,NA,NA
32042,Lobios,NA,NA,NA
06072,Lobón,NA,NA,NA
10109,Logrosán,NA,NA,NA
34903,Loma de Ucieza,NA,NA,NA
50144,Longás,NA,NA,NA
41055,Lora del Río,NA,NA,NA
03084,"Lorcha / Orxa, l'",NA,NA,NA
30025,Lorquí,NA,NA,NA
49098,Losacino,NA,NA,NA
49099,Losacio,NA,NA,NA
05112,"Losar del Barco, El",NA,NA,NA
42106,"Losilla, La",NA,NA,NA
27027,Lourenzá,NA,NA,NA
28076,Lozoya,NA,NA,NA
28901,Lozoyuela-Navas-Sieteiglesias,NA,NA,NA
49100,Lubián,NA,NA,NA
04059,Lubrín,NA,NA,NA
50146,Lucena de Jalón,NA,NA,NA
45086,Lucillos,NA,NA,NA
12073,Ludiente,NA,NA,NA
39039,Luena,NA,NA,NA
50148,Luesia,NA,NA,NA
50149,Luesma,NA,NA,NA
18123,Lugros,NA,NA,NA
26091,Lumbreras,NA,NA,NA
19161,Lupiana,NA,NA,NA
22905,Lupiñén-Ortilla,NA,NA,NA
23057,Lupión,NA,NA,NA
31160,Luquin,NA,NA,NA
24091,Luyego,NA,NA,NA
19162,Luzaga,NA,NA,NA
31248,Luzaide / Valcarlos,NA,NA,NA
19163,Luzón,NA,NA,NA
18115,Láchar,NA,NA,NA
27026,Láncara,NA,NA,NA
04057,Láujar de Andarax,NA,NA,NA
50136,Lécera,NA,NA,NA
04058,Líjar,NA,NA,NA
11022,"Línea de la Concepción, La",NA,NA,NA
31158,Lónguida / Longida,NA,NA,NA
04061,Lúcar,NA,NA,NA
18124,Lújar,NA,NA,NA
37175,Machacón,NA,NA,NA
17097,Madremanya,NA,NA,NA
05114,Madrigal de las Altas Torres,NA,NA,NA
09196,Madrigal del Monte,NA,NA,NA
50153,Magallón,NA,NA,NA
24093,Magaz de Cepeda,NA,NA,NA
42107,Magaña,NA,NA,NA
45088,Magán,NA,NA,NA
09198,Mahamud,NA,NA,NA
44142,Maicas,NA,NA,NA
49105,Maire de Castroponce,NA,NA,NA
17098,Maià de Montcal,NA,NA,NA
16121,"Majadas, Las",NA,NA,NA
19165,Majaelrayo,NA,NA,NA
42108,Maján,NA,NA,NA
13052,Malagón,NA,NA,NA
25130,Maldà,NA,NA,NA
50156,Maleján,NA,NA,NA
50160,Mallén,NA,NA,NA
37178,Malpartida,NA,NA,NA
05116,Malpartida de Corneja,NA,NA,NA
10115,Malpartida de Cáceres,NA,NA,NA
50157,Malón,NA,NA,NA
09199,Mambrilla de Castrejón,NA,NA,NA
09200,Mambrillas de Lara,NA,NA,NA
09201,Mamolar,NA,NA,NA
05118,Mancera de Arriba,NA,NA,NA
50161,Manchones,NA,NA,NA
09202,Manciles,NA,NA,NA
49108,Manganeses de la Lampreana,NA,NA,NA
49109,Manganeses de la Polvorosa,NA,NA,NA
05119,Manjabálago y Ortigosa de Rioalmar,NA,NA,NA
26092,Manjarrés,NA,NA,NA
26093,Mansilla de la Sierra,NA,NA,NA
19169,Mantiel,NA,NA,NA
34100,Mantinos,NA,NA,NA
49112,Manzanal de los Infantes,NA,NA,NA
49111,Manzanal del Barco,NA,NA,NA
26094,Manzanares de Rioja,NA,NA,NA
47080,Manzanillo,NA,NA,NA
50162,Mara,NA,NA,NA
19170,Maranchón,NA,NA,NA
40903,Marazoleja,NA,NA,NA
24096,Maraña,NA,NA,NA
31162,Marañón,NA,NA,NA
34101,Marcilla de Campos,NA,NA,NA
43075,Margalef,NA,NA,NA
39040,Marina de Cudeyo,NA,NA,NA
05120,Marlín,NA,NA,NA
07036,Marratxí,NA,NA,NA
05121,Martiherrero,NA,NA,NA
37182,Martinamor,NA,NA,NA
40119,Martín Miguel,NA,NA,NA
40120,Martín Muñoz de la Dehesa,NA,NA,NA
40121,Martín Muñoz de las Posadas,NA,NA,NA
37183,Martín de Yeltes,NA,NA,NA
41062,Martín de la Jara,NA,NA,NA
44144,Martín del Río,NA,NA,NA
05122,Martínez,NA,NA,NA
40122,Marugán,NA,NA,NA
43076,Marçà,NA,NA,NA
04063,María,NA,NA,NA
50163,María de Huerva,NA,NA,NA
36026,Marín,NA,NA,NA
16123,Masegosa,NA,NA,NA
02047,Masegoso,NA,NA,NA
08117,"Masies de Voltregà, Les",NA,NA,NA
46162,Massalavés,NA,NA,NA
25131,Massalcoreig,NA,NA,NA
43080,"Masó, La",NA,NA,NA
10118,Mata de Alcántara,NA,NA,NA
40124,Mata de Cuéllar,NA,NA,NA
37186,"Mata de Ledesma, La",NA,NA,NA
24097,Matadeón de los Oteros,NA,NA,NA
24098,Matallana de Torío,NA,NA,NA
42111,Matamala de Almazán,NA,NA,NA
24099,Matanza,NA,NA,NA
49113,Matilla de Arzón,NA,NA,NA
37187,Matilla de los Caños del Río,NA,NA,NA
49114,Matilla la Seca,NA,NA,NA
19174,Matillas,NA,NA,NA
37188,"Maya, La",NA,NA,NA
49115,Mayalde,NA,NA,NA
44147,Mazaleón,NA,NA,NA
19175,Mazarete,NA,NA,NA
30026,Mazarrón,NA,NA,NA
34103,Mazuecos de Valdeginate,NA,NA,NA
37177,"Maíllo, El",NA,NA,NA
15044,Mañón,NA,NA,NA
07032,Maó-Mahón,NA,NA,NA
36027,Meaño,NA,NA,NA
06080,Medellín,NA,NA,NA
50164,Mediana de Aragón,NA,NA,NA
11023,Medina-Sidonia,NA,NA,NA
05124,Medinilla,NA,NA,NA
39042,Medio Cudeyo,NA,NA,NA
19177,Medranda,NA,NA,NA
19178,Megina,NA,NA,NA
27029,Meira,NA,NA,NA
36028,Meis,NA,NA,NA
40126,Melque de Cercos,NA,NA,NA
32046,Melón,NA,NA,NA
40127,Membibre de la Hoz,NA,NA,NA
37189,Membribe de la Sierra,NA,NA,NA
10119,Membrío,NA,NA,NA
31167,Mendigorría,NA,NA,NA
05125,Mengamuñoz,NA,NA,NA
23061,Mengíbar,NA,NA,NA
25134,Menàrguens,NA,NA,NA
17099,Meranges,NA,NA,NA
09213,Merindad de Cuesta-Urria,NA,NA,NA
09214,Merindad de Montija,NA,NA,NA
09906,Merindad de Río Ubierna,NA,NA,NA
09215,Merindad de Sotoscueva,NA,NA,NA
09216,Merindad de Valdeporres,NA,NA,NA
09217,Merindad de Valdivielso,NA,NA,NA
39043,Meruelo,NA,NA,NA
10120,Mesas de Ibor,NA,NA,NA
05126,Mesegar de Corneja,NA,NA,NA
15047,Mesía,NA,NA,NA
31168,Metauten,NA,NA,NA
44148,Mezquita de Jarque,NA,NA,NA
50168,Mianos,NA,NA,NA
34107,Micieces de Ojeda,NA,NA,NA
50169,Miedes de Aragón,NA,NA,NA
19181,Miedes de Atienza,NA,NA,NA
39045,Miera,NA,NA,NA
19182,"Mierla, La",NA,NA,NA
07902,"Migjorn Gran, Es",NA,NA,NA
40128,Migueláñez,NA,NA,NA
10122,Millanes,NA,NA,NA
03086,Millena,NA,NA,NA
49118,Milles de la Polvorosa,NA,NA,NA
19183,Milmarcos,NA,NA,NA
43083,"Milà, El",NA,NA,NA
05128,Mingorría,NA,NA,NA
19186,Mirabueno,NA,NA,NA
31170,Mirafuentes,NA,NA,NA
19187,Miralrío,NA,NA,NA
44149,Mirambel,NA,NA,NA
37192,Miranda de Azán,NA,NA,NA
44150,Miravete de la Sierra,NA,NA,NA
05130,Mironcillo,NA,NA,NA
05131,Mirueña de los Infanzones,NA,NA,NA
05129,"Mirón, El",NA,NA,NA
42116,Miño de San Esteban,NA,NA,NA
19185,"Miñosa, La",NA,NA,NA
36029,Moaña,NA,NA,NA
45102,Mocejón,NA,NA,NA
19188,Mochales,NA,NA,NA
18132,Moclín,NA,NA,NA
09221,Modúbar de la Emparedada,NA,NA,NA
46170,Mogente / Moixent,NA,NA,NA
35012,Mogán,NA,NA,NA
45103,Mohedas de la Jara,NA,NA,NA
19189,Mohernando,NA,NA,NA
08138,Moià,NA,NA,NA
04064,Mojácar,NA,NA,NA
49120,Molezuelas de la Carballeda,NA,NA,NA
19190,Molina de Aragón,NA,NA,NA
37195,Molinillo,NA,NA,NA
42117,Molinos de Duero,NA,NA,NA
08124,Mollet del Vallès,NA,NA,NA
17107,Molló,NA,NA,NA
25136,"Molsosa, La",NA,NA,NA
18133,Molvízar,NA,NA,NA
05132,Mombeltrán,NA,NA,NA
42118,Momblona,NA,NA,NA
49121,Mombuey,NA,NA,NA
47091,Monasterio de Vega,NA,NA,NA
09223,Monasterio de la Sierra,NA,NA,NA
09225,Moncalvillo,NA,NA,NA
36030,Mondariz,NA,NA,NA
27030,Mondoñedo,NA,NA,NA
19192,Mondéjar,NA,NA,NA
22155,Monesma y Cajigar,NA,NA,NA
15050,Monfero,NA,NA,NA
22156,Monflorite-Lascasas,NA,NA,NA
27031,Monforte de Lemos,NA,NA,NA
44152,Monforte de Moyuela,NA,NA,NA
37196,Monforte de la Sierra,NA,NA,NA
37197,Monleón,NA,NA,NA
31172,Monreal / Elo,NA,NA,NA
16128,Monreal del Llano,NA,NA,NA
44154,Monroyo,NA,NA,NA
37199,Monsagro,NA,NA,NA
05133,Monsalupe,NA,NA,NA
17109,Montagut i Oix,NA,NA,NA
44155,Montalbán,NA,NA,NA
14040,Montalbán de Córdoba,NA,NA,NA
22157,Montanuy,NA,NA,NA
19193,Montarrón,NA,NA,NA
43088,Montbrió del Camp,NA,NA,NA
16131,Monteagudo de las Salinas,NA,NA,NA
42119,Monteagudo de las Vicarías,NA,NA,NA
47092,Montealegre de Campos,NA,NA,NA
45104,Montearagón,NA,NA,NA
18135,Montefrío,NA,NA,NA
40129,Montejo de Arévalo,NA,NA,NA
42120,Montejo de Tiermes,NA,NA,NA
40130,Montejo de la Vega de la Serrezuela,NA,NA,NA
18136,Montejícar,NA,NA,NA
25139,Montellà i Martinet,NA,NA,NA
37201,Montemayor del Río,NA,NA,NA
06086,Montemolín,NA,NA,NA
42121,Montenegro de Cameros,NA,NA,NA
50173,Monterde,NA,NA,NA
44157,Monterde de Albarracín,NA,NA,NA
27032,Monterroso,NA,NA,NA
09226,Monterrubio de la Demanda,NA,NA,NA
45105,Montesclaros,NA,NA,NA
25140,Montferrer i Castellbò,NA,NA,NA
43089,Montferri,NA,NA,NA
46175,Montitxelvo / Montichelvo,NA,NA,NA
23062,Montizón,NA,NA,NA
08135,Montmeló,NA,NA,NA
25143,Montornès de Segarra,NA,NA,NA
08136,Montornès del Vallès,NA,NA,NA
46176,Montroi / Montroy,NA,NA,NA
46172,Montserrat,NA,NA,NA
07038,Montuïri,NA,NA,NA
12078,Montán,NA,NA,NA
10126,Montánchez,NA,NA,NA
50174,Montón,NA,NA,NA
22158,Monzón,NA,NA,NA
34108,Monzón de Campos,NA,NA,NA
03089,Monóvar / Monòver,NA,NA,NA
49124,Moral de Sayago,NA,NA,NA
05134,Moraleja de Matacabras,NA,NA,NA
47095,Moraleja de las Panaderas,NA,NA,NA
49128,Morales de Rey,NA,NA,NA
50175,Morata de Jalón,NA,NA,NA
19194,Moratilla de los Meleros,NA,NA,NA
34109,Moratinos,NA,NA,NA
36032,Moraña,NA,NA,NA
33038,Morcín,NA,NA,NA
01039,Moreda de Álava / Moreda Araba,NA,NA,NA
18909,Morelábor,NA,NA,NA
19195,Morenilla,NA,NA,NA
31174,Morentin,NA,NA,NA
49133,Moreruela de Tábara,NA,NA,NA
49132,Moreruela de los Infanzones,NA,NA,NA
37205,Morille,NA,NA,NA
37208,Moronta,NA,NA,NA
50178,Moros,NA,NA,NA
50177,Morés,NA,NA,NA
37206,Moríñigo,NA,NA,NA
42123,Morón de Almazán,NA,NA,NA
41065,Morón de la Frontera,NA,NA,NA
44159,Moscardón,NA,NA,NA
16132,Mota de Altarejos,NA,NA,NA
47097,Mota del Marqués,NA,NA,NA
50179,Moyuela,NA,NA,NA
37209,Mozárbez,NA,NA,NA
34110,Mudá,NA,NA,NA
49134,Muelas de los Caballeros,NA,NA,NA
31175,Mues,NA,NA,NA
49136,Muga de Sayago,NA,NA,NA
48007,Munitibar-Arbatzegi Gerrikaitz,NA,NA,NA
50183,Munébrega,NA,NA,NA
27033,Muras,NA,NA,NA
50184,Murero,NA,NA,NA
24101,Murias de Paredes,NA,NA,NA
47100,Muriel,NA,NA,NA
42125,Muriel Viejo,NA,NA,NA
42124,Muriel de la Fuente,NA,NA,NA
50185,Murillo de Gállego,NA,NA,NA
26099,Murillo de Río Leza,NA,NA,NA
31178,Murillo el Cuende,NA,NA,NA
26101,Muro en Cameros,NA,NA,NA
33039,Muros de Nalón,NA,NA,NA
31180,Muruzábal,NA,NA,NA
15052,Muxía,NA,NA,NA
32051,Muíños,NA,NA,NA
05139,Muñogrande,NA,NA,NA
05141,Muñopepe,NA,NA,NA
40136,Muñoveros,NA,NA,NA
19166,Málaga del Fresno,NA,NA,NA
31164,Mélida,NA,NA,NA
45099,Méntrida,NA,NA,NA
06083,Mérida,NA,NA,NA
43093,Móra d'Ebre,NA,NA,NA
43094,Móra la Nova,NA,NA,NA
42127,Nafría de Ucero,NA,NA,NA
25145,Nalec,NA,NA,NA
16137,Narboneta,NA,NA,NA
05145,Narrillos del Rebollar,NA,NA,NA
05144,Narrillos del Álamo,NA,NA,NA
37211,Narros de Matalayegua,NA,NA,NA
05149,Narros de Saldueña,NA,NA,NA
05147,Narros del Castillo,NA,NA,NA
05148,Narros del Puerto,NA,NA,NA
15054,Narón,NA,NA,NA
25025,Naut Aran,NA,NA,NA
05152,Nava de Arévalo,NA,NA,NA
37213,Nava de Béjar,NA,NA,NA
37214,Nava de Francia,NA,NA,NA
37215,Nava de Sotrobal,NA,NA,NA
40138,Nava de la Asunción,NA,NA,NA
05153,Nava del Barco,NA,NA,NA
21051,"Nava, La",NA,NA,NA
05154,Navadijos,NA,NA,NA
05155,Navaescurial,NA,NA,NA
40139,Navafría,NA,NA,NA
26104,Navajún,NA,NA,NA
45110,Navalcán,NA,NA,NA
37216,Navales,NA,NA,NA
40140,Navalilla,NA,NA,NA
37217,Navalmoral de Béjar,NA,NA,NA
45111,Navalmoralejo,NA,NA,NA
05159,Navalonguilla,NA,NA,NA
05162,Navalperal de Tormes,NA,NA,NA
13059,Navalpino,NA,NA,NA
10132,Navalvillar de Ibor,NA,NA,NA
37218,Navamorales,NA,NA,NA
05164,Navaquesera,NA,NA,NA
50186,Navardún,NA,NA,NA
40142,Navares de Ayuso,NA,NA,NA
40143,Navares de Enmedio,NA,NA,NA
40144,Navares de las Cuevas,NA,NA,NA
37219,Navarredonda de la Rinconada,NA,NA,NA
28097,Navarredonda y San Mamés,NA,NA,NA
05166,Navarredondilla,NA,NA,NA
46179,Navarrés,NA,NA,NA
09230,Navas de Bureba,NA,NA,NA
13060,Navas de Estena,NA,NA,NA
19197,"Navas de Jadraque, Las",NA,NA,NA
40904,Navas de Riofrío,NA,NA,NA
41066,"Navas de la Concepción, Las",NA,NA,NA
05168,"Navas del Marqués, Las",NA,NA,NA
31181,Navascués / Nabaskoze,NA,NA,NA
37221,Navasfrías,NA,NA,NA
05169,Navatalgordo,NA,NA,NA
05170,Navatejares,NA,NA,NA
27034,Navia de Suarna,NA,NA,NA
49137,Navianos de Valverde,NA,NA,NA
08141,Navàs,NA,NA,NA
25146,Navès,NA,NA,NA
31182,Nazar,NA,NA,NA
37222,Negrilla de Palencia,NA,NA,NA
27035,Negueira de Muñiz,NA,NA,NA
09232,Neila,NA,NA,NA
42130,Nepas,NA,NA,NA
18903,Nevada,NA,NA,NA
26107,Nieva de Cameros,NA,NA,NA
36035,Nigrán,NA,NA,NA
18143,Nigüelas,NA,NA,NA
50187,Nigüella,NA,NA,NA
24102,Noceda del Bierzo,NA,NA,NA
27037,"Nogais, As",NA,NA,NA
34112,Nogal de las Huertas,NA,NA,NA
32052,Nogueira de Ramuín,NA,NA,NA
44163,Noguera de Albarracín,NA,NA,NA
44164,Nogueras,NA,NA,NA
42131,Nolay,NA,NA,NA
50188,Nombrevilla,NA,NA,NA
08142,"Nou de Berguedà, La",NA,NA,NA
43097,"Nou de Gaià, La",NA,NA,NA
46180,Novelé / Novetlè,NA,NA,NA
45118,Novés,NA,NA,NA
31088,Noáin (Valle de Elorz) / Noain (Elortzibar),NA,NA,NA
47102,Nueva Villa de las Torres,NA,NA,NA
28100,Nuevo Baztán,NA,NA,NA
50192,Nuévalos,NA,NA,NA
45120,Nuño Gómez,NA,NA,NA
26102,Nájera,NA,NA,NA
46178,Náquera,NA,NA,NA
04066,Níjar,NA,NA,NA
18144,Nívar,NA,NA,NA
44167,Obón,NA,NA,NA
19199,Ocentejo,NA,NA,NA
31185,Ochagavía / Otsagabia,NA,NA,NA
26109,Ochánduri,NA,NA,NA
31184,Oco,NA,NA,NA
26108,Ocón,NA,NA,NA
31186,Odieta,NA,NA,NA
25148,Odèn,NA,NA,NA
44168,Odón,NA,NA,NA
24103,Oencia,NA,NA,NA
17112,Ogassa,NA,NA,NA
18145,Ogíjares,NA,NA,NA
36036,Oia,NA,NA,NA
31187,Oiz,NA,NA,NA
26110,Ojacastro,NA,NA,NA
29076,Ojén,NA,NA,NA
30031,Ojós,NA,NA,NA
31188,Olaibar,NA,NA,NA
31189,Olazti / Olazagutía,NA,NA,NA
34113,Olea de Boedo,NA,NA,NA
31190,Olejua,NA,NA,NA
44172,Oliete,NA,NA,NA
25150,Oliola,NA,NA,NA
31191,Olite / Erriberri,NA,NA,NA
06094,Oliva de Mérida,NA,NA,NA
16139,Olivares de Júcar,NA,NA,NA
19201,Olmeda de Cobeta,NA,NA,NA
19202,"Olmeda de Jadraque, La",NA,NA,NA
16140,Olmeda de la Cuesta,NA,NA,NA
16141,Olmeda del Rey,NA,NA,NA
16142,Olmedilla de Alarcón,NA,NA,NA
16143,Olmedilla de Eliz,NA,NA,NA
37223,Olmedo de Camaces,NA,NA,NA
49138,Olmillos de Castro,NA,NA,NA
09236,Olmillos de Muñó,NA,NA,NA
47105,Olmos de Esgueva,NA,NA,NA
34114,Olmos de Ojeda,NA,NA,NA
47106,Olmos de Peñafiel,NA,NA,NA
25152,"Oluges, Les",NA,NA,NA
04068,Olula de Castro,NA,NA,NA
04069,Olula del Río,NA,NA,NA
22164,Olvena,NA,NA,NA
50194,Olvés,NA,NA,NA
08145,Olèrdola,NA,NA,NA
45122,Olías del Rey,NA,NA,NA
31192,Olóriz / Oloritz,NA,NA,NA
24104,"Omañas, Las",NA,NA,NA
45123,Ontígola,NA,NA,NA
33043,Onís,NA,NA,NA
09239,Oquillas,NA,NA,NA
03097,Orba,NA,NA,NA
37224,"Orbada, La",NA,NA,NA
31195,Orbaizeta,NA,NA,NA
09241,Orbaneja Riopico,NA,NA,NA
50195,Orcajo,NA,NA,NA
19203,"Ordial, El",NA,NA,NA
40150,Orejana,NA,NA,NA
20060,Orexa,NA,NA,NA
25155,Organyà,NA,NA,NA
08151,Oristà,NA,NA,NA
31198,Oronz / Orontze,NA,NA,NA
12085,Oropesa del Mar / Orpesa,NA,NA,NA
15060,Oroso,NA,NA,NA
31199,Oroz-Betelu / Orotz-Betelu,NA,NA,NA
08152,Orpí,NA,NA,NA
31211,Orreaga / Roncesvalles,NA,NA,NA
40151,Ortigosa de Pestaño,NA,NA,NA
50197,Orés,NA,NA,NA
08150,Orís,NA,NA,NA
31197,Orísoain,NA,NA,NA
24106,Oseja de Sajambre,NA,NA,NA
50199,Osera de Ebro,NA,NA,NA
34116,Osornillo,NA,NA,NA
34901,Osorno la Mayor,NA,NA,NA
25157,Ossó de Sió,NA,NA,NA
18148,Otívar,NA,NA,NA
27038,Ourol,NA,NA,NA
01043,Oyón-Oion,NA,NA,NA
15902,Oza-Cesuras,NA,NA,NA
32053,Oímbra,NA,NA,NA
08154,Pacs del Penedès,NA,NA,NA
09242,Padilla de Abajo,NA,NA,NA
32056,Padrenda,NA,NA,NA
09244,Padrones de Bureba,NA,NA,NA
15065,Padrón,NA,NA,NA
40154,Pajarejos,NA,NA,NA
37225,Pajares de la Laguna,NA,NA,NA
49141,Pajares de la Lampreana,NA,NA,NA
16147,Pajaroncillo,NA,NA,NA
16146,Pajarón,NA,NA,NA
37226,Palacios del Arzobispo,NA,NA,NA
49142,Palacios del Pan,NA,NA,NA
41069,"Palacios y Villafranca, Los",NA,NA,NA
37228,Palaciosrubios,NA,NA,NA
17118,Palamós,NA,NA,NA
27040,Palas de Rei,NA,NA,NA
17119,Palau de Santa Eulàlia,NA,NA,NA
08156,Palau-solità i Plegamans,NA,NA,NA
47109,Palazuelo de Vedija,NA,NA,NA
09249,Palazuelos de Muñó,NA,NA,NA
09248,Palazuelos de la Sierra,NA,NA,NA
08157,Pallejà,NA,NA,NA
08905,"Palma de Cervelló, La",NA,NA,NA
46187,Palma de Gandía,NA,NA,NA
07040,Palma de Mallorca,NA,NA,NA
14049,Palma del Río,NA,NA,NA
35016,"Palmas de Gran Canaria, Las",NA,NA,NA
22168,Palo,NA,NA,NA
44176,Palomar de Arroyos,NA,NA,NA
41070,Palomares del Río,NA,NA,NA
16149,Palomera,NA,NA,NA
09250,Pampliega,NA,NA,NA
31201,Pamplona / Iruña,NA,NA,NA
44177,Pancrudo,NA,NA,NA
27041,Pantón,NA,NA,NA
05179,Papatrigo,NA,NA,NA
16150,Paracuellos,NA,NA,NA
50202,Paracuellos de la Ribera,NA,NA,NA
37231,Parada de Rubiales,NA,NA,NA
27042,Paradela,NA,NA,NA
09253,Pardilla,NA,NA,NA
19209,Pardos,NA,NA,NA
16151,Paredes,NA,NA,NA
45129,Paredes de Escalona,NA,NA,NA
19210,Paredes de Sigüenza,NA,NA,NA
08159,Parets del Vallès,NA,NA,NA
17126,Parlavà,NA,NA,NA
16152,"Parra de las Vegas, La",NA,NA,NA
05180,"Parral, El",NA,NA,NA
44178,"Parras de Castellote, Las",NA,NA,NA
33045,Parres,NA,NA,NA
45130,Parrillas,NA,NA,NA
09255,Partido de la Sierra en Tobalina,NA,NA,NA
10138,Pasarón de la Vera,NA,NA,NA
05181,Pascualcobo,NA,NA,NA
43101,Passanant i Belltall,NA,NA,NA
37233,Pastores,NA,NA,NA
27044,"Pastoriza, A",NA,NA,NA
02058,Paterna del Madera,NA,NA,NA
04073,Paterna del Río,NA,NA,NA
12088,Pavías,NA,NA,NA
34124,Payo de Ojeda,NA,NA,NA
37234,"Payo, El",NA,NA,NA
26113,Pazuengos,NA,NA,NA
43102,Paüls,NA,NA,NA
49145,Pedralba de la Pradería,NA,NA,NA
17129,Pedret i Marzà,NA,NA,NA
05182,Pedro Bernardo,NA,NA,NA
18152,Pedro Martínez,NA,NA,NA
05183,Pedro-Rodríguez,NA,NA,NA
09259,Pedrosa de Río Úrbel,NA,NA,NA
09258,Pedrosa del Príncipe,NA,NA,NA
09257,Pedrosa del Páramo,NA,NA,NA
50205,"Pedrosas, Las",NA,NA,NA
26114,Pedroso,NA,NA,NA
10139,Pedroso de Acim,NA,NA,NA
49146,"Pego, El",NA,NA,NA
45131,Pelahustán,NA,NA,NA
37241,Pelarrodríguez,NA,NA,NA
40157,Pelayos del Arroyo,NA,NA,NA
12089,Peníscola / Peñíscola,NA,NA,NA
49150,Peque,NA,NA,NA
44180,Peracense,NA,NA,NA
10141,Peraleda de San Román,NA,NA,NA
16156,"Peraleja, La",NA,NA,NA
37248,Peralejos de Abajo,NA,NA,NA
37249,Peralejos de Arriba,NA,NA,NA
34127,Perales,NA,NA,NA
44182,Perales del Alfambra,NA,NA,NA
31202,Peralta / Azkoien,NA,NA,NA
22175,Peralta de Calasanz,NA,NA,NA
19217,Peralveche,NA,NA,NA
24112,Peranzanes,NA,NA,NA
22177,Perarrúa,NA,NA,NA
49151,"Perdigón, El",NA,NA,NA
43104,"Perelló, El",NA,NA,NA
34904,"Pernía, La",NA,NA,NA
37251,Peromingo,NA,NA,NA
40158,Perosillo,NA,NA,NA
32059,"Peroxa, A",NA,NA,NA
33048,Pesoz,NA,NA,NA
16157,"Pesquera, La",NA,NA,NA
31203,Petilla de Aragón,NA,NA,NA
46192,Petrés,NA,NA,NA
32060,Petín,NA,NA,NA
37243,"Peña, La",NA,NA,NA
37244,Peñacaballera,NA,NA,NA
01044,Peñacerrada-Urizaharra,NA,NA,NA
05185,Peñalba de Ávila,NA,NA,NA
19214,Peñalén,NA,NA,NA
33046,Peñamellera Alta,NA,NA,NA
33047,Peñamellera Baja,NA,NA,NA
09261,Peñaranda de Duero,NA,NA,NA
39049,Peñarrubia,NA,NA,NA
13062,Picón,NA,NA,NA
49155,Piedrahita de Castro,NA,NA,NA
05186,Piedrahíta,NA,NA,NA
33049,Piloña,NA,NA,NA
38901,"Pinar de El Hierro, El",NA,NA,NA
40159,Pinarejos,NA,NA,NA
40160,Pinarnegrillo,NA,NA,NA
09267,Pineda Trasmonte,NA,NA,NA
16160,Pineda de Gigüela,NA,NA,NA
37252,Pinedas,NA,NA,NA
43106,"Pinell de Brai, El",NA,NA,NA
25166,Pinell de Solsonès,NA,NA,NA
19218,Pinilla de Jadraque,NA,NA,NA
19219,Pinilla de Molina,NA,NA,NA
09269,Pinilla de los Moros,NA,NA,NA
42139,Pinilla del Campo,NA,NA,NA
26115,Pinillos,NA,NA,NA
49157,Pino del Oro,NA,NA,NA
34129,Pino del Río,NA,NA,NA
50210,"Pintanos, Los",NA,NA,NA
25167,Pinós,NA,NA,NA
03105,"Pinós, el / Pinoso",NA,NA,NA
19221,Piqueras,NA,NA,NA
16161,Piqueras del Castillo,NA,NA,NA
22181,Piracés,NA,NA,NA
44183,Pitarque,NA,NA,NA
37255,Pizarral,NA,NA,NA
39052,Piélagos,NA,NA,NA
09265,Piérnigas,NA,NA,NA
47118,Piñel de Abajo,NA,NA,NA
32061,Piñor,NA,NA,NA
28114,Piñuécar-Gandullas,NA,NA,NA
08164,"Pla del Penedès, El",NA,NA,NA
25911,"Plans de Sió, Els",NA,NA,NA
50211,Plasencia de Jalón,NA,NA,NA
50212,Pleitas,NA,NA,NA
50213,Plenas,NA,NA,NA
44184,Plou,NA,NA,NA
12093,"Pobla de Benifassà, la",NA,NA,NA
25169,"Pobla de Cérvoles, La",NA,NA,NA
43110,"Pobla de Massaluca, La",NA,NA,NA
43111,"Pobla de Montornès, La",NA,NA,NA
07044,"Pobla, Sa",NA,NA,NA
34131,Población de Arroyo,NA,NA,NA
34132,Población de Campos,NA,NA,NA
34133,Población de Cerrato,NA,NA,NA
24113,Pobladura de Pelayo García,NA,NA,NA
49160,Pobladura de Valderaduey,NA,NA,NA
19222,"Pobo de Dueñas, El",NA,NA,NA
27047,"Pobra do Brollón, A",NA,NA,NA
36041,Poio,NA,NA,NA
27046,Pol,NA,NA,NA
24114,"Pola de Gordón, La",NA,NA,NA
39053,Polaciones,NA,NA,NA
34134,Polentinos,NA,NA,NA
08167,Polinyà,NA,NA,NA
45133,Polán,NA,NA,NA
18161,Polícar,NA,NA,NA
34135,Pomar de Valdivia,NA,NA,NA
50214,Pomer,NA,NA,NA
33050,Ponga,NA,NA,NA
08182,"Pont de Vilomara i Rocafort, El",NA,NA,NA
36043,Ponte Caldelas,NA,NA,NA
36044,Pontecesures,NA,NA,NA
27048,"Pontenova, A",NA,NA,NA
15070,"Pontes de García Rodríguez, As",NA,NA,NA
08168,Pontons,NA,NA,NA
17136,Pontós,NA,NA,NA
32062,Porqueira,NA,NA,NA
36039,"Porriño, O",NA,NA,NA
10150,Portaje,NA,NA,NA
16162,Portalrubio de Guadamejud,NA,NA,NA
36040,Portas,NA,NA,NA
16163,Portilla,NA,NA,NA
42140,Portillo de Soria,NA,NA,NA
45134,Portillo de Toledo,NA,NA,NA
27049,Portomarín,NA,NA,NA
24116,Posada de Valdeón,NA,NA,NA
05188,Poveda,NA,NA,NA
19223,Poveda de la Sierra,NA,NA,NA
02062,Povedilla,NA,NA,NA
16165,Poyatos,NA,NA,NA
34136,Poza de la Vega,NA,NA,NA
42142,Pozalmuro,NA,NA,NA
23070,Pozo Alcón,NA,NA,NA
34137,Pozo de Urama,NA,NA,NA
16166,Pozoamargo,NA,NA,NA
49163,Pozoantiguo,NA,NA,NA
44189,Pozondón,NA,NA,NA
16908,Pozorrubielos de la Mancha,NA,NA,NA
16167,Pozorrubio de Santiago,NA,NA,NA
37257,Pozos de Hinojo,NA,NA,NA
50215,Pozuel de Ariza,NA,NA,NA
44190,Pozuel del Campo,NA,NA,NA
50216,Pozuelo de Aragón,NA,NA,NA
49164,Pozuelo de Tábara,NA,NA,NA
10152,Pozuelo de Zarzón,NA,NA,NA
24117,Pozuelo del Páramo,NA,NA,NA
13067,"Pozuelos de Calatrava, Los",NA,NA,NA
22186,Pozán de Vero,NA,NA,NA
40161,Pradales,NA,NA,NA
26117,Pradejón,NA,NA,NA
26118,Pradillo,NA,NA,NA
49165,Prado,NA,NA,NA
05191,Pradosegar,NA,NA,NA
08171,Prats de Lluçanès,NA,NA,NA
25175,Prats i Sansor,NA,NA,NA
25176,Preixana,NA,NA,NA
08230,Premià de Dalt,NA,NA,NA
08172,Premià de Mar,NA,NA,NA
14055,Priego de Córdoba,NA,NA,NA
09273,Prádanos de Bureba,NA,NA,NA
40162,Prádena,NA,NA,NA
19226,Prádena de Atienza,NA,NA,NA
28117,Prádena del Rincón,NA,NA,NA
26119,Préjano,NA,NA,NA
50218,Puebla de Albortón,NA,NA,NA
50219,"Puebla de Alfindén, La",NA,NA,NA
16172,Puebla de Almenara,NA,NA,NA
12092,Puebla de Arenoso,NA,NA,NA
09276,"Puebla de Arganzón, La",NA,NA,NA
19228,Puebla de Beleña,NA,NA,NA
18164,Puebla de Don Fadrique,NA,NA,NA
21058,Puebla de Guzmán,NA,NA,NA
44191,"Puebla de Híjar, La",NA,NA,NA
45136,"Puebla de Montalbán, La",NA,NA,NA
40163,Puebla de Pedraza,NA,NA,NA
37259,Puebla de San Medel,NA,NA,NA
06108,Puebla de Sancho Pérez,NA,NA,NA
34140,"Puebla de Valdavia, La",NA,NA,NA
19229,Puebla de Valles,NA,NA,NA
06104,Puebla de la Reina,NA,NA,NA
41078,"Puebla de los Infantes, La",NA,NA,NA
13069,Puebla del Príncipe,NA,NA,NA
41079,"Puebla del Río, La",NA,NA,NA
16174,Puebla del Salvador,NA,NA,NA
10905,Pueblonuevo de Miramontes,NA,NA,NA
50220,Puendeluna,NA,NA,NA
24122,Puente de Domingo Flórez,NA,NA,NA
23071,Puente de Génave,NA,NA,NA
37261,Puente del Congosto,NA,NA,NA
31206,Puente la Reina / Gares,NA,NA,NA
22902,Puente la Reina de Jaca,NA,NA,NA
28902,Puentes Viejas,NA,NA,NA
37262,Puertas,NA,NA,NA
13070,Puerto Lápice,NA,NA,NA
21059,Puerto Moral,NA,NA,NA
37264,Puerto Seguro,NA,NA,NA
37263,Puerto de Béjar,NA,NA,NA
45139,Puerto de San Vicente,NA,NA,NA
11027,"Puerto de Santa María, El",NA,NA,NA
35017,Puerto del Rosario,NA,NA,NA
44193,Puertomingalvo,NA,NA,NA
31207,Pueyo,NA,NA,NA
22190,"Pueyo de Araguás, El",NA,NA,NA
22193,Pueyo de Santa Cruz,NA,NA,NA
46204,"Puig de Santa Maria, el",NA,NA,NA
17141,Puigcerdà,NA,NA,NA
08174,Puigdàlber,NA,NA,NA
25180,Puiggròs,NA,NA,NA
25181,Puigverd d'Agramunt,NA,NA,NA
29081,Pujerra,NA,NA,NA
04075,Pulpí,NA,NA,NA
21060,Punta Umbría,NA,NA,NA
32065,Punxín,NA,NA,NA
47126,Puras,NA,NA,NA
22189,Puértolas,NA,NA,NA
35015,Pájara,NA,NA,NA
19208,Pálmaces de Jadraque,NA,NA,NA
34122,Páramo de Boedo,NA,NA,NA
24110,Páramo del Sil,NA,NA,NA
27043,"Páramo, O",NA,NA,NA
02061,Pétrola,NA,NA,NA
49154,Pías,NA,NA,NA
18159,Píñar,NA,NA,NA
18163,Pórtugos,NA,NA,NA
42141,"Póveda de Soria, La",NA,NA,NA
08177,"Quar, La",NA,NA,NA
34141,Quintana del Puente,NA,NA,NA
09288,Quintanapalla,NA,NA,NA
42145,Quintanas de Gormaz,NA,NA,NA
09292,Quintanavides,NA,NA,NA
09283,Quintanaélez,NA,NA,NA
09298,Quintanilla San García,NA,NA,NA
47127,Quintanilla de Arriba,NA,NA,NA
47129,Quintanilla de Onésimo,NA,NA,NA
47130,Quintanilla de Trigueros,NA,NA,NA
49170,Quintanilla de Urz,NA,NA,NA
09294,Quintanilla de la Mata,NA,NA,NA
09901,Quintanilla del Agua y Tordueles,NA,NA,NA
47128,Quintanilla del Molar,NA,NA,NA
49169,Quintanilla del Olmo,NA,NA,NA
09297,"Quintanillas, Las",NA,NA,NA
32066,Quintela de Leirado,NA,NA,NA
27050,Quiroga,NA,NA,NA
33053,Quirós,NA,NA,NA
42148,Quiñonería,NA,NA,NA
18168,Quéntar,NA,NA,NA
26121,Rabanera,NA,NA,NA
09302,Rabanera del Pinar,NA,NA,NA
09304,Rabé de las Calzadas,NA,NA,NA
17143,Rabós,NA,NA,NA
16176,Rada de Haro,NA,NA,NA
46207,Rafelbunyol,NA,NA,NA
47132,Ramiro,NA,NA,NA
32068,Ramirás,NA,NA,NA
40164,Rapariegos,NA,NA,NA
28120,Rascafría,NA,NA,NA
46212,Real,NA,NA,NA
40181,Real Sitio de San Ildefonso,NA,NA,NA
46211,"Real de Gandia, el",NA,NA,NA
45144,"Real de San Vicente, El",NA,NA,NA
09306,Rebolledo de la Torre,NA,NA,NA
40165,Rebollo,NA,NA,NA
19231,Rebollosa de Jadraque,NA,NA,NA
42152,Recuerda,NA,NA,NA
26123,"Redal, El",NA,NA,NA
09307,Redecilla del Camino,NA,NA,NA
09308,Redecilla del Campo,NA,NA,NA
37266,"Redonda, La",NA,NA,NA
36045,Redondela,NA,NA,NA
03111,Redován,NA,NA,NA
17144,Regencós,NA,NA,NA
33054,"Regueras, Las",NA,NA,NA
06110,Reina,NA,NA,NA
09310,Reinoso,NA,NA,NA
34147,Renedo de la Vega,NA,NA,NA
19233,Renera,NA,NA,NA
39060,Reocín,NA,NA,NA
34149,Requena de Campos,NA,NA,NA
34151,Respenda de la Peña,NA,NA,NA
06112,Retamal de Llerena,NA,NA,NA
45146,Retamoso de la Jara,NA,NA,NA
50224,Retascón,NA,NA,NA
19234,Retiendas,NA,NA,NA
42155,Retortillo de Soria,NA,NA,NA
09311,Retuerta,NA,NA,NA
13072,Retuerta del Bullaque,NA,NA,NA
09316,Revilla Vallejera,NA,NA,NA
24129,Reyero,NA,NA,NA
09317,Rezmondo,NA,NA,NA
42156,Reznos,NA,NA,NA
16177,Reíllo,NA,NA,NA
40168,Riaguas de San Bartolomé,NA,NA,NA
42157,"Riba de Escalote, La",NA,NA,NA
19235,Riba de Saelices,NA,NA,NA
33055,Ribadedeva,NA,NA,NA
27051,Ribadeo,NA,NA,NA
36046,Ribadumia,NA,NA,NA
39061,Ribamontán al Mar,NA,NA,NA
39062,Ribamontán al Monte,NA,NA,NA
34155,Ribas de Campos,NA,NA,NA
27052,Ribas de Sil,NA,NA,NA
27053,Ribeira de Piquín,NA,NA,NA
01047,Ribera Baja / Erribera Beitia,NA,NA,NA
25905,Ribera d'Ondara,NA,NA,NA
25185,Ribera d'Urgellet,NA,NA,NA
33057,Ribera de Arriba,NA,NA,NA
40171,Ribota,NA,NA,NA
24132,Riello,NA,NA,NA
17146,Riells i Viabrea,NA,NA,NA
43126,"Riera de Gaià, La",NA,NA,NA
19237,Rillo de Gallo,NA,NA,NA
37268,"Rinconada de la Sierra, La",NA,NA,NA
26125,Rincón de Soto,NA,NA,NA
29082,Rincón de la Victoria,NA,NA,NA
09318,Riocavado de la Sierra,NA,NA,NA
05195,Riofrío,NA,NA,NA
49176,Riofrío de Aliste,NA,NA,NA
40172,Riofrío de Riaza,NA,NA,NA
19238,Riofrío del Llano,NA,NA,NA
39063,Rionansa,NA,NA,NA
49177,Rionegro del Puente,NA,NA,NA
33058,Riosa,NA,NA,NA
27054,Riotorto,NA,NA,NA
39064,Riotuerto,NA,NA,NA
06114,Risco,NA,NA,NA
43128,Riudecols,NA,NA,NA
05196,Rivilla de Barajas,NA,NA,NA
02067,Riópar,NA,NA,NA
32071,Riós,NA,NA,NA
47135,Robladillo,NA,NA,NA
49179,Robleda-Cervantes,NA,NA,NA
10156,Robledillo de Gata,NA,NA,NA
10158,Robledillo de Trujillo,NA,NA,NA
10157,Robledillo de la Vera,NA,NA,NA
19240,Robledo de Corpes,NA,NA,NA
45148,Robledo del Mazo,NA,NA,NA
37270,Robliza de Cojos,NA,NA,NA
28126,Robregordo,NA,NA,NA
26126,Robres del Castillo,NA,NA,NA
08181,"Roca del Vallès, La",NA,NA,NA
43130,Rocafort de Queralt,NA,NA,NA
41082,"Roda de Andalucía, La",NA,NA,NA
43131,Roda de Berà,NA,NA,NA
36047,Rodeiro,NA,NA,NA
43132,Rodonyà,NA,NA,NA
49180,Roelos de Sayago,NA,NA,NA
42159,Rollamienta,NA,NA,NA
37271,Rollán,NA,NA,NA
19241,Romanillos de Atienza,NA,NA,NA
19242,Romanones,NA,NA,NA
31209,Romanzado,NA,NA,NA
31210,Roncal / Erronkari,NA,NA,NA
24136,Roperuelos del Páramo,NA,NA,NA
36048,"Rosal, O",NA,NA,NA
38032,"Rosario, El",NA,NA,NA
25189,Rosselló,NA,NA,NA
46217,Rotglà i Corberà,NA,NA,NA
09325,Royuela de Río Franco,NA,NA,NA
16181,Rozalén del Monte,NA,NA,NA
39065,"Rozas de Valdearroyo, Las",NA,NA,NA
10161,Ruanes,NA,NA,NA
44199,Rubiales,NA,NA,NA
44200,Rubielos de la Cérida,NA,NA,NA
32073,Rubiá,NA,NA,NA
08185,Rubió,NA,NA,NA
09327,Rublacedo de Abajo,NA,NA,NA
08184,Rubí,NA,NA,NA
47138,Rubí de Bracamonte,NA,NA,NA
09328,Rucandio,NA,NA,NA
50228,Rueda de Jalón,NA,NA,NA
19243,Rueda de la Sierra,NA,NA,NA
50229,Ruesca,NA,NA,NA
39067,Ruesga,NA,NA,NA
08901,Rupit i Pruit,NA,NA,NA
17153,Rupià,NA,NA,NA
03110,"Ràfol d'Almúnia, el",NA,NA,NA
27056,Rábade,NA,NA,NA
47131,Rábano,NA,NA,NA
49173,Rábano de Aliste,NA,NA,NA
09303,Rábanos,NA,NA,NA
42149,"Rábanos, Los",NA,NA,NA
44194,Ráfales,NA,NA,NA
46210,Ráfol de Salem,NA,NA,NA
37265,Rágama,NA,NA,NA
04077,Rágol,NA,NA,NA
44197,Ródenas,NA,NA,NA
46218,Rótova,NA,NA,NA
32072,"Rúa, A",NA,NA,NA
50241,Sabiñán,NA,NA,NA
22199,Sabiñánigo,NA,NA,NA
12097,Sacañet,NA,NA,NA
16185,Saceda-Trasierra,NA,NA,NA
19245,Sacedón,NA,NA,NA
19246,Saelices de la Sal,NA,NA,NA
37273,"Sagrada, La",NA,NA,NA
46220,Sagunto / Sagunt,NA,NA,NA
08188,Sagàs,NA,NA,NA
24139,Sahagún,NA,NA,NA
22200,Sahún,NA,NA,NA
22201,Salas Altas,NA,NA,NA
49183,Salce,NA,NA,NA
44203,Salcedillo,NA,NA,NA
37275,Saldeana,NA,NA,NA
42161,Salduero,NA,NA,NA
31213,Saldías,NA,NA,NA
44204,Saldón,NA,NA,NA
22203,Salillas,NA,NA,NA
50231,Salillas de Jalón,NA,NA,NA
31214,Salinas de Oro / Jaitz,NA,NA,NA
34158,Salinas de Pisuerga,NA,NA,NA
16187,Salinas del Manzano,NA,NA,NA
07059,"Salines, Ses",NA,NA,NA
09334,Salinillas de Bureba,NA,NA,NA
22204,Sallent de Gállego,NA,NA,NA
16188,Salmeroncillos,NA,NA,NA
19247,Salmerón,NA,NA,NA
37276,Salmoral,NA,NA,NA
43135,Salomó,NA,NA,NA
05198,Salvadiós,NA,NA,NA
47141,Salvador de Zapardiel,NA,NA,NA
06116,Salvaleón,NA,NA,NA
36050,Salvaterra de Miño,NA,NA,NA
10163,Salvatierra de Santiago,NA,NA,NA
06117,Salvatierra de los Barros,NA,NA,NA
25190,Salàs de Pallars,NA,NA,NA
27055,Samos,NA,NA,NA
50233,Samper del Salz,NA,NA,NA
31215,San Adrián,NA,NA,NA
09335,San Adrián de Juarros,NA,NA,NA
24141,San Adrián del Valle,NA,NA,NA
28129,San Agustín del Guadalix,NA,NA,NA
49185,San Agustín del Pozo,NA,NA,NA
32074,San Amaro,NA,NA,NA
19248,San Andrés del Congosto,NA,NA,NA
19249,San Andrés del Rey,NA,NA,NA
38033,San Andrés y Sauces,NA,NA,NA
35018,San Bartolomé,NA,NA,NA
05199,San Bartolomé de Béjar,NA,NA,NA
05200,San Bartolomé de Corneja,NA,NA,NA
05201,San Bartolomé de Pinares,NA,NA,NA
35019,San Bartolomé de Tirajana,NA,NA,NA
21063,San Bartolomé de la Torre,NA,NA,NA
45150,San Bartolomé de las Abiertas,NA,NA,NA
34159,San Cebrián de Campos,NA,NA,NA
49186,San Cebrián de Castro,NA,NA,NA
47142,San Cebrián de Mazote,NA,NA,NA
34160,San Cebrián de Mudá,NA,NA,NA
32075,San Cibrao das Viñas,NA,NA,NA
32076,San Cristovo de Cea,NA,NA,NA
34161,San Cristóbal de Boedo,NA,NA,NA
40177,San Cristóbal de Cuéllar,NA,NA,NA
49187,San Cristóbal de Entreviñas,NA,NA,NA
38023,San Cristóbal de La Laguna,NA,NA,NA
40906,San Cristóbal de Segovia,NA,NA,NA
37278,San Cristóbal de la Cuesta,NA,NA,NA
24144,San Cristóbal de la Polantera,NA,NA,NA
40178,San Cristóbal de la Vega,NA,NA,NA
24145,San Emiliano,NA,NA,NA
24146,San Esteban de Nogales,NA,NA,NA
05208,San Esteban de Zapardiel,NA,NA,NA
05206,San Esteban de los Patos,NA,NA,NA
49188,San Esteban del Molar,NA,NA,NA
42163,San Felices,NA,NA,NA
39069,San Felices de Buelna,NA,NA,NA
37285,San Felices de los Gallegos,NA,NA,NA
05209,San García de Ingelmos,NA,NA,NA
03904,San Isidro,NA,NA,NA
11902,San José del Valle,NA,NA,NA
05901,San Juan de Gredos,NA,NA,NA
22207,San Juan de Plan,NA,NA,NA
05212,San Juan del Molinillo,NA,NA,NA
09337,San Juan del Monte,NA,NA,NA
05213,San Juan del Olmo,NA,NA,NA
49189,San Justo,NA,NA,NA
42164,San Leonardo de Yagüe,NA,NA,NA
47143,San Llorente,NA,NA,NA
28131,San Lorenzo de El Escorial,NA,NA,NA
05214,San Lorenzo de Tormes,NA,NA,NA
16191,San Lorenzo de la Parrilla,NA,NA,NA
09338,San Mamés de Burgos,NA,NA,NA
34163,San Mamés de Campos,NA,NA,NA
16192,San Martín de Boniches,NA,NA,NA
45151,San Martín de Montalbán,NA,NA,NA
33061,San Martín de Oscos,NA,NA,NA
45152,San Martín de Pusa,NA,NA,NA
09339,San Martín de Rubiales,NA,NA,NA
10164,San Martín de Trevejo,NA,NA,NA
31217,San Martín de Unx,NA,NA,NA
28133,San Martín de Valdeiglesias,NA,NA,NA
49190,San Martín de Valderaduey,NA,NA,NA
47144,San Martín de Valvení,NA,NA,NA
28132,San Martín de la Vega,NA,NA,NA
05215,San Martín de la Vega del Alberche,NA,NA,NA
50234,San Martín de la Virgen de Moncayo,NA,NA,NA
37286,San Martín del Castañar,NA,NA,NA
05216,San Martín del Pimpollar,NA,NA,NA
33060,San Martín del Rey Aurelio,NA,NA,NA
44207,San Martín del Río,NA,NA,NA
11903,San Martín del Tesorillo,NA,NA,NA
40182,San Martín y Mudrián,NA,NA,NA
50235,San Mateo de Gállego,NA,NA,NA
05217,San Miguel de Corneja,NA,NA,NA
49191,San Miguel de la Ribera,NA,NA,NA
22903,San Miguel del Cinca,NA,NA,NA
37036,San Miguel del Robledo,NA,NA,NA
49192,San Miguel del Valle,NA,NA,NA
01053,San Millán / Donemiliaga,NA,NA,NA
09340,San Millán de Lara,NA,NA,NA
26131,San Millán de Yécora,NA,NA,NA
26130,San Millán de la Cogolla,NA,NA,NA
24149,San Millán de los Caballeros,NA,NA,NA
41088,San Nicolás del Puerto,NA,NA,NA
47147,San Pablo de la Moraleja,NA,NA,NA
05219,San Pascual,NA,NA,NA
24150,San Pedro Bercianos,NA,NA,NA
49193,San Pedro de Ceque,NA,NA,NA
40184,San Pedro de Gaíllos,NA,NA,NA
47148,San Pedro de Latarce,NA,NA,NA
06119,San Pedro de Mérida,NA,NA,NA
49194,San Pedro de la Nave-Almendra,NA,NA,NA
39071,San Pedro del Romeral,NA,NA,NA
37292,San Pelayo de Guareña,NA,NA,NA
12101,San Rafael del Río,NA,NA,NA
26132,San Román de Cameros,NA,NA,NA
47150,San Román de Hornija,NA,NA,NA
34165,San Román de la Cuba,NA,NA,NA
45154,San Román de los Montes,NA,NA,NA
39072,San Roque de Riomiera,NA,NA,NA
47151,San Salvador,NA,NA,NA
38036,San Sebastián de la Gomera,NA,NA,NA
14059,San Sebastián de los Ballesteros,NA,NA,NA
28134,San Sebastián de los Reyes,NA,NA,NA
21066,San Silvestre de Guzmán,NA,NA,NA
33063,San Tirso de Abres,NA,NA,NA
06123,San Vicente de Alcántara,NA,NA,NA
05231,San Vicente de Arévalo,NA,NA,NA
39080,San Vicente de la Barquera,NA,NA,NA
26142,San Vicente de la Sonsierra,NA,NA,NA
47156,San Vicente del Palacio,NA,NA,NA
03122,San Vicente del Raspeig / Sant Vicent del Raspeig,NA,NA,NA
09360,San Vicente del Valle,NA,NA,NA
49209,San Vitero,NA,NA,NA
32070,San Xoán de Río,NA,NA,NA
25191,Sanaüja,NA,NA,NA
24143,Sancedo,NA,NA,NA
05204,Sanchidrián,NA,NA,NA
37280,Sanchón de la Ribera,NA,NA,NA
37281,Sanchón de la Sagrada,NA,NA,NA
37279,Sancti-Spíritus,NA,NA,NA
06118,Sancti-Spíritus,NA,NA,NA
32077,Sandiás,NA,NA,NA
37283,Sando,NA,NA,NA
40180,Sangarcía,NA,NA,NA
22206,Sangarrén,NA,NA,NA
31216,Sangüesa / Zangoza,NA,NA,NA
11032,Sanlúcar de Barrameda,NA,NA,NA
21065,Sanlúcar de Guadiana,NA,NA,NA
41087,Sanlúcar la Mayor,NA,NA,NA
08194,Sant Adrià de Besòs,NA,NA,NA
08195,Sant Agustí de Lluçanès,NA,NA,NA
08197,Sant Andreu de Llavaneres,NA,NA,NA
08201,Sant Boi de Lluçanès,NA,NA,NA
43136,Sant Carles de la Ràpita,NA,NA,NA
08203,Sant Cebrià de Vallalta,NA,NA,NA
08204,Sant Climent de Llobregat,NA,NA,NA
08207,Sant Esteve de Palautordera,NA,NA,NA
25196,Sant Esteve de la Sarga,NA,NA,NA
17160,Sant Feliu de Guíxols,NA,NA,NA
08209,Sant Fost de Campsentelles,NA,NA,NA
08213,Sant Fruitós de Bages,NA,NA,NA
17163,Sant Gregori,NA,NA,NA
08215,Sant Hipòlit de Voltregà,NA,NA,NA
08216,Sant Jaume de Frontanyà,NA,NA,NA
08217,Sant Joan Despí,NA,NA,NA
17167,Sant Joan de les Abadesses,NA,NA,NA
46222,Sant Joanet,NA,NA,NA
12099,Sant Jordi / San Jorge,NA,NA,NA
08903,Sant Julià de Cerdanyola,NA,NA,NA
17169,Sant Julià de Ramis,NA,NA,NA
08220,Sant Julià de Vilatorta,NA,NA,NA
17903,Sant Julià del Llor i Bonmatí,NA,NA,NA
17171,Sant Llorenç de la Muga,NA,NA,NA
07051,Sant Llorenç des Cardassar,NA,NA,NA
08227,Sant Martí Sarroca,NA,NA,NA
08228,Sant Martí Sesgueioles,NA,NA,NA
17173,Sant Martí Vell,NA,NA,NA
08225,Sant Martí d'Albars,NA,NA,NA
08224,Sant Martí de Centelles,NA,NA,NA
17172,Sant Martí de Llémena,NA,NA,NA
25902,Sant Martí de Riucorb,NA,NA,NA
08226,Sant Martí de Tous,NA,NA,NA
17175,Sant Miquel de Fluvià,NA,NA,NA
17177,Sant Pau de Segúries,NA,NA,NA
08232,Sant Pere de Riudebitlles,NA,NA,NA
08233,Sant Pere de Torelló,NA,NA,NA
08236,Sant Quintí de Mediona,NA,NA,NA
08238,Sant Quirze del Vallès,NA,NA,NA
08240,Sant Sadurní d'Anoia,NA,NA,NA
08241,Sant Sadurní d'Osormort,NA,NA,NA
08098,Sant Salvador de Guardiola,NA,NA,NA
08265,Sant Vicenç de Torelló,NA,NA,NA
21067,Santa Ana la Real,NA,NA,NA
35021,Santa Brígida,NA,NA,NA
43138,Santa Bàrbara,NA,NA,NA
21068,Santa Bárbara de Casa,NA,NA,NA
08243,Santa Cecília de Voltregà,NA,NA,NA
08244,Santa Coloma de Cervelló,NA,NA,NA
24151,Santa Colomba de Curueño,NA,NA,NA
24152,Santa Colomba de Somoza,NA,NA,NA
49199,Santa Colomba de las Monjas,NA,NA,NA
24153,Santa Cristina de Valmadrigal,NA,NA,NA
49200,Santa Cristina de la Polvorosa,NA,NA,NA
34168,Santa Cruz de Boedo,NA,NA,NA
50236,Santa Cruz de Grío,NA,NA,NA
44208,Santa Cruz de Nogueras,NA,NA,NA
10167,Santa Cruz de Paniagua,NA,NA,NA
42166,Santa Cruz de Yanguas,NA,NA,NA
22209,Santa Cruz de la Serós,NA,NA,NA
13076,Santa Cruz de los Cáñamos,NA,NA,NA
45157,Santa Cruz del Retamar,NA,NA,NA
05221,Santa Cruz del Valle,NA,NA,NA
09346,Santa Cruz del Valle Urbión,NA,NA,NA
26135,Santa Engracia del Jubera,NA,NA,NA
49202,Santa Eufemia del Barco,NA,NA,NA
07053,Santa Eugènia,NA,NA,NA
08246,Santa Eugènia de Berga,NA,NA,NA
50238,Santa Eulalia de Gállego,NA,NA,NA
08247,Santa Eulàlia de Riuprimer,NA,NA,NA
08248,Santa Eulàlia de Ronçana,NA,NA,NA
07054,Santa Eulària des Riu,NA,NA,NA
18175,Santa Fe,NA,NA,NA
04081,Santa Fe de Mondújar,NA,NA,NA
08249,Santa Fe del Penedès,NA,NA,NA
09348,Santa Inés,NA,NA,NA
17182,Santa Llogaia d'Àlguema,NA,NA,NA
35022,Santa Lucía de Tirajana,NA,NA,NA
12102,Santa Magdalena de Pulpis,NA,NA,NA
08250,Santa Margarida de Montbui,NA,NA,NA
08251,Santa Margarida i els Monjos,NA,NA,NA
08258,Santa Maria d'Oló,NA,NA,NA
08253,Santa Maria de Besora,NA,NA,NA
08256,Santa Maria de Martorelles,NA,NA,NA
08255,Santa Maria de Merlès,NA,NA,NA
08259,Santa Maria de Palautordera,NA,NA,NA
40186,Santa Marta del Cerro,NA,NA,NA
09353,Santa María Rivarredonda,NA,NA,NA
39074,Santa María de Cayón,NA,NA,NA
22906,Santa María de Dulcis,NA,NA,NA
35023,Santa María de Guía de Gran Canaria,NA,NA,NA
42167,Santa María de Huerta,NA,NA,NA
24158,Santa María de Ordás,NA,NA,NA
37293,Santa María de Sando,NA,NA,NA
49204,Santa María de Valverde,NA,NA,NA
28135,Santa María de la Alameda,NA,NA,NA
24155,Santa María de la Isla,NA,NA,NA
49203,Santa María de la Vega,NA,NA,NA
42168,Santa María de las Hoyas,NA,NA,NA
05226,Santa María de los Caballeros,NA,NA,NA
16196,Santa María de los Llanos,NA,NA,NA
05224,Santa María del Arroyo,NA,NA,NA
05225,Santa María del Berrocal,NA,NA,NA
09350,Santa María del Campo,NA,NA,NA
16195,Santa María del Campo Rus,NA,NA,NA
07056,Santa María del Camí,NA,NA,NA
05902,Santa María del Cubillo,NA,NA,NA
09351,Santa María del Invierno,NA,NA,NA
09352,Santa María del Mercadillo,NA,NA,NA
24156,Santa María del Monte de Cea,NA,NA,NA
24157,Santa María del Páramo,NA,NA,NA
05227,Santa María del Tiétar,NA,NA,NA
16197,Santa María del Val,NA,NA,NA
40185,Santa María la Real de Nieva,NA,NA,NA
09354,Santa Olalla de Bureba,NA,NA,NA
08260,Santa Perpètua de Mogoda,NA,NA,NA
38039,Santa Úrsula,NA,NA,NA
22212,Santaliestra y San Quílez,NA,NA,NA
07057,Santanyí,NA,NA,NA
47153,Santervás de Campos,NA,NA,NA
34169,Santervás de la Vega,NA,NA,NA
24161,Santiago Millas,NA,NA,NA
10169,Santiago de Alcántara,NA,NA,NA
37296,Santiago de la Puebla,NA,NA,NA
10170,Santiago del Campo,NA,NA,NA
05228,Santiago del Collado,NA,NA,NA
05904,Santiago del Tormes,NA,NA,NA
23904,Santiago-Pontones,NA,NA,NA
37297,Santibáñez de Béjar,NA,NA,NA
34170,Santibáñez de Ecla,NA,NA,NA
09355,Santibáñez de Esgueva,NA,NA,NA
49205,Santibáñez de Tera,NA,NA,NA
47154,Santibáñez de Valcorba,NA,NA,NA
49206,Santibáñez de Vidriales,NA,NA,NA
34171,Santibáñez de la Peña,NA,NA,NA
37298,Santibáñez de la Sierra,NA,NA,NA
09356,Santibáñez del Val,NA,NA,NA
10171,Santibáñez el Alto,NA,NA,NA
10172,Santibáñez el Bajo,NA,NA,NA
39077,Santiurde de Reinosa,NA,NA,NA
40188,Santiuste de Pedraza,NA,NA,NA
40189,Santiuste de San Juan Bautista,NA,NA,NA
33064,Santo Adriano,NA,NA,NA
40190,Santo Domingo de Pirón,NA,NA,NA
26138,Santo Domingo de la Calzada,NA,NA,NA
05229,Santo Domingo de las Posadas,NA,NA,NA
23080,Santo Tomé,NA,NA,NA
05230,Santo Tomé de Zabarcos,NA,NA,NA
40191,Santo Tomé del Puerto,NA,NA,NA
24162,Santovenia de la Valdoncina,NA,NA,NA
34174,Santoyo,NA,NA,NA
26140,Santurde de Rioja,NA,NA,NA
26141,Santurdejo,NA,NA,NA
36051,Sanxenxo,NA,NA,NA
47157,Sardón de Duero,NA,NA,NA
37301,Sardón de los Frailes,NA,NA,NA
33065,Sariego,NA,NA,NA
24163,Sariegos,NA,NA,NA
09362,Sarracín,NA,NA,NA
17186,Sarrià de Ter,NA,NA,NA
31222,Sarriés / Sartze,NA,NA,NA
44210,Sarrión,NA,NA,NA
09363,Sasamón,NA,NA,NA
17187,"Saus, Camallera i Llampaies",NA,NA,NA
43143,Savallà del Comtat,NA,NA,NA
27058,"Saviñao, O",NA,NA,NA
19252,Sayatón,NA,NA,NA
19251,Saúca,NA,NA,NA
40193,Sebúlcor,NA,NA,NA
46223,Sedaví,NA,NA,NA
50242,Sediles,NA,NA,NA
06124,Segura de León,NA,NA,NA
44211,Segura de los Baños,NA,NA,NA
19254,Selas,NA,NA,NA
19901,Semillas,NA,NA,NA
46226,Sempere,NA,NA,NA
24164,Sena de Luna,NA,NA,NA
43146,Senan,NA,NA,NA
44212,Seno,NA,NA,NA
25202,Senterada,NA,NA,NA
25035,"Sentiu de Sió, La",NA,NA,NA
04082,Senés,NA,NA,NA
22218,Senés de Alcubierre,NA,NA,NA
37304,Sepulcro-Hilario,NA,NA,NA
40195,Sepúlveda,NA,NA,NA
40196,Sequera de Fresno,NA,NA,NA
09365,"Sequera de Haza, La",NA,NA,NA
37305,Sequeros,NA,NA,NA
17190,Serinyà,NA,NA,NA
28138,"Serna del Monte, La",NA,NA,NA
17191,Serra de Daró,NA,NA,NA
37307,Serradilla del Llano,NA,NA,NA
12103,"Serratella, la",NA,NA,NA
10176,Serrejón,NA,NA,NA
25204,Seròs,NA,NA,NA
04083,Serón,NA,NA,NA
42171,Serón de Nágima,NA,NA,NA
45161,Seseña,NA,NA,NA
22221,Sesué,NA,NA,NA
17192,Setcases,NA,NA,NA
19255,Setiles,NA,NA,NA
19256,Sienes,NA,NA,NA
33066,Siero,NA,NA,NA
12105,Sierra Engarcerán,NA,NA,NA
47160,Siete Iglesias de Trabancos,NA,NA,NA
05234,Sigeres,NA,NA,NA
50245,Sigüés,NA,NA,NA
36052,Silleda,NA,NA,NA
05235,Sinlabajos,NA,NA,NA
50246,Sisamón,NA,NA,NA
17052,Siurana,NA,NA,NA
22222,Siétamo,NA,NA,NA
39083,Soba,NA,NA,NA
27059,Sober,NA,NA,NA
37311,Sobradillo,NA,NA,NA
08271,Sobremunt,NA,NA,NA
33067,Sobrescobio,NA,NA,NA
13078,Socuéllamos,NA,NA,NA
05237,Solana de Rioalmar,NA,NA,NA
05236,Solana de Ávila,NA,NA,NA
09366,Solarana,NA,NA,NA
25206,"Soleràs, El",NA,NA,NA
42172,Soliedra,NA,NA,NA
39084,Solórzano,NA,NA,NA
33068,Somiedo,NA,NA,NA
19259,Somolinos,NA,NA,NA
04085,Somontín,NA,NA,NA
48085,Sopela,NA,NA,NA
18176,Soportújar,NA,NA,NA
20065,Soraluze-Placencia de las Armas,NA,NA,NA
09368,Sordillos,NA,NA,NA
23084,Sorihuela del Guadalimar,NA,NA,NA
31225,Sorlada,NA,NA,NA
18177,Sorvilán,NA,NA,NA
50248,Sos del Rey Católico,NA,NA,NA
34177,Soto de Cerrato,NA,NA,NA
26146,Soto en Cameros,NA,NA,NA
24167,Soto y Amío,NA,NA,NA
34176,Sotobañado y Priorato,NA,NA,NA
19261,Sotodosos,NA,NA,NA
22904,"Sotonera, La",NA,NA,NA
16909,Sotorribas,NA,NA,NA
26145,Sotés,NA,NA,NA
42175,Suellacabras,NA,NA,NA
12108,Sueras / Suera,NA,NA,NA
04087,Suflí,NA,NA,NA
46236,Sumacàrcer,NA,NA,NA
09374,Susinos del Páramo,NA,NA,NA
50230,Sádaba,NA,NA,NA
50240,Sástago,NA,NA,NA
43044,"Sénia, La",NA,NA,NA
07061,Sóller,NA,NA,NA
08274,Súria,NA,NA,NA
34179,Tabanera de Valdavia,NA,NA,NA
40200,Tabanera la Luenga,NA,NA,NA
37314,Tabera de Abajo,NA,NA,NA
27060,Taboada,NA,NA,NA
32079,Taboadela,NA,NA,NA
50249,Tabuenca,NA,NA,NA
18901,"Taha, La",NA,NA,NA
42176,Tajahuerce,NA,NA,NA
42177,Tajueco,NA,NA,NA
37315,"Tala, La",NA,NA,NA
28145,Talamanca de Jarama,NA,NA,NA
50250,Talamantes,NA,NA,NA
10179,Talaveruela de la Vera,NA,NA,NA
10178,Talaván,NA,NA,NA
17195,"Tallada d'Empordà, La",NA,NA,NA
42178,Talveila,NA,NA,NA
19262,Tamajón,NA,NA,NA
47162,Tamariz de Campos,NA,NA,NA
09375,Tamarón,NA,NA,NA
06130,Tamurejo,NA,NA,NA
19263,Taragudo,NA,NA,NA
16203,Tarancón,NA,NA,NA
19264,Taravilla,NA,NA,NA
37317,Tarazona de Guareña,NA,NA,NA
42181,Tardelcuende,NA,NA,NA
37318,Tardáguila,NA,NA,NA
42182,Taroda,NA,NA,NA
25218,Tarrés,NA,NA,NA
08280,Tavertet,NA,NA,NA
08275,Tavèrnoles,NA,NA,NA
35024,Teguise,NA,NA,NA
32080,"Teixeira, A",NA,NA,NA
08281,Teià,NA,NA,NA
09378,Tejada,NA,NA,NA
16205,Tejadillos,NA,NA,NA
37319,"Tejado, El",NA,NA,NA
10181,Tejeda de Tiétar,NA,NA,NA
37320,Tejeda y Segoyuela,NA,NA,NA
22227,Tella-Sin,NA,NA,NA
37321,Tenebrón,NA,NA,NA
35027,Teror,NA,NA,NA
04091,Terque,NA,NA,NA
50253,Terrer,NA,NA,NA
44215,Terriente,NA,NA,NA
26147,Terroba,NA,NA,NA
19267,Terzaga,NA,NA,NA
33072,Teverga,NA,NA,NA
31228,Tiebas-Muruarte de Reta,NA,NA,NA
50254,Tierga,NA,NA,NA
16206,Tinajas,NA,NA,NA
09381,Tinieblas de la Sierra,NA,NA,NA
31229,Tirapu,NA,NA,NA
10904,Tiétar,NA,NA,NA
19269,"Toba, La",NA,NA,NA
26149,Tobía,NA,NA,NA
12112,Todolella,NA,NA,NA
12113,Toga,NA,NA,NA
05243,Tolbaños,NA,NA,NA
03130,Tollos,NA,NA,NA
40201,Tolocirio,NA,NA,NA
36054,Tomiño,NA,NA,NA
19271,Tordellego,NA,NA,NA
19270,Tordelrábano,NA,NA,NA
09384,Tordómar,NA,NA,NA
08285,Torelló,NA,NA,NA
44217,Toril y Masegoso,NA,NA,NA
22230,Torla-Ordesa,NA,NA,NA
42184,Torlengua,NA,NA,NA
26150,Tormantos,NA,NA,NA
05244,Tormellas,NA,NA,NA
25224,"Torms, Els",NA,NA,NA
44218,Tormón,NA,NA,NA
37325,"Tornadizo, El",NA,NA,NA
05245,Tornadizos de Ávila,NA,NA,NA
16209,Torralba,NA,NA,NA
22232,Torralba de Aragón,NA,NA,NA
45169,Torralba de Oropesa,NA,NA,NA
50256,Torralba de los Frailes,NA,NA,NA
31230,Torralba del Río,NA,NA,NA
50258,Torralbilla,NA,NA,NA
11036,Torre Alháquime,NA,NA,NA
40206,Torre Val de San Pedro,NA,NA,NA
12119,"Torre d'En Besora, la",NA,NA,NA
12120,"Torre d'en Doménec, la",NA,NA,NA
45171,"Torre de Esteban Hambrán, La",NA,NA,NA
47170,Torre de Peñafiel,NA,NA,NA
10188,Torre de Santa María,NA,NA,NA
44224,Torre de las Arcas,NA,NA,NA
19279,Torre del Burgo,NA,NA,NA
26153,Torre en Cameros,NA,NA,NA
22233,Torre la Ribera,NA,NA,NA
18178,Torre-Cardela,NA,NA,NA
30037,Torre-Pacheco,NA,NA,NA
40202,Torreadrada,NA,NA,NA
46242,Torrebaja,NA,NA,NA
42185,Torreblacos,NA,NA,NA
12118,Torrechiva,NA,NA,NA
47166,Torrecilla de la Abadesa,NA,NA,NA
47168,Torrecilla de la Torre,NA,NA,NA
10185,Torrecilla de los Ángeles,NA,NA,NA
44222,Torrecilla del Rebollar,NA,NA,NA
26152,Torrecilla sobre Alesanco,NA,NA,NA
10186,Torrecillas de la Tiesa,NA,NA,NA
19278,Torrecuadradilla,NA,NA,NA
25907,Torrefeta i Florejacs,NA,NA,NA
50259,Torrehermosa,NA,NA,NA
40205,Torreiglesias,NA,NA,NA
28148,Torrejón de Ardoz,NA,NA,NA
28150,Torrejón de Velasco,NA,NA,NA
28149,Torrejón de la Calzada,NA,NA,NA
19280,Torrejón del Rey,NA,NA,NA
10190,Torrejón el Rubio,NA,NA,NA
44226,Torrelacárcel,NA,NA,NA
50260,Torrelapaja,NA,NA,NA
09388,Torrelara,NA,NA,NA
47171,Torrelobatón,NA,NA,NA
03132,"Torremanzanas / Torre de les Maçanes, la",NA,NA,NA
06133,Torremejía,NA,NA,NA
10192,Torremocha,NA,NA,NA
19281,Torremocha de Jadraque,NA,NA,NA
28153,Torremocha de Jarama,NA,NA,NA
44228,Torremocha de Jiloca,NA,NA,NA
19283,Torremocha del Pinar,NA,NA,NA
19284,Torremochuela,NA,NA,NA
26154,Torremontalbo,NA,NA,NA
34184,Torremormojón,NA,NA,NA
09389,Torrepadre,NA,NA,NA
10194,Torrequemada,NA,NA,NA
46245,Torres Torres,NA,NA,NA
44229,Torres de Albarracín,NA,NA,NA
23091,Torres de Albánchez,NA,NA,NA
22236,Torres de Barbués,NA,NA,NA
50262,Torres de Berrellén,NA,NA,NA
31231,Torres del Río,NA,NA,NA
47172,Torrescárcela,NA,NA,NA
44230,Torrevelilla,NA,NA,NA
44231,Torrijas,NA,NA,NA
50263,Torrijo de la Cañada,NA,NA,NA
44232,Torrijo del Campo,NA,NA,NA
17198,Torroella de Fluvià,NA,NA,NA
17199,Torroella de Montgrí,NA,NA,NA
43154,Torroja del Priorat,NA,NA,NA
19285,Torrubia,NA,NA,NA
16212,Torrubia del Campo,NA,NA,NA
16213,Torrubia del Castillo,NA,NA,NA
17200,Tortellà,NA,NA,NA
19288,Tortuero,NA,NA,NA
18179,Torvizcón,NA,NA,NA
25223,Torà,NA,NA,NA
12114,Torás,NA,NA,NA
17201,Toses,NA,NA,NA
50264,Tosos,NA,NA,NA
29092,Totalán,NA,NA,NA
45174,Totanés,NA,NA,NA
32081,Toén,NA,NA,NA
27061,Trabada,NA,NA,NA
24171,Trabadelo,NA,NA,NA
44234,Tramacastiel,NA,NA,NA
44235,Tramacastilla,NA,NA,NA
32082,Trasmiras,NA,NA,NA
50265,Trasmoz,NA,NA,NA
50266,Trasobares,NA,NA,NA
19289,Traíd,NA,NA,NA
49224,Trefacio,NA,NA,NA
37329,Tremedal de Tormes,NA,NA,NA
04901,"Tres Villas, Las",NA,NA,NA
39088,Tresviso,NA,NA,NA
18180,Trevélez,NA,NA,NA
27062,Triacastela,NA,NA,NA
16217,Tribaldos,NA,NA,NA
34185,Triollo,NA,NA,NA
44236,Tronchón,NA,NA,NA
48087,Trucios-Turtzioz,NA,NA,NA
42188,Trévago,NA,NA,NA
09395,Tubilla del Agua,NA,NA,NA
09396,Tubilla del Lago,NA,NA,NA
39089,Tudanca,NA,NA,NA
26158,Tudelilla,NA,NA,NA
31233,Tulebras,NA,NA,NA
40208,Turégano,NA,NA,NA
46248,Turís,NA,NA,NA
18181,Turón,NA,NA,NA
46247,Tuéjar,NA,NA,NA
03127,Tàrbena,NA,NA,NA
25217,Tàrrega,NA,NA,NA
49214,Tábara,NA,NA,NA
06129,Táliga,NA,NA,NA
34180,Támara de Campos,NA,NA,NA
16204,Tébar,NA,NA,NA
25220,Térmens,NA,NA,NA
35028,Tías,NA,NA,NA
04092,Tíjola,NA,NA,NA
12111,Tírig,NA,NA,NA
25221,Tírvia,NA,NA,NA
19286,Tórtola de Henares,NA,NA,NA
05246,Tórtoles,NA,NA,NA
09391,Tórtoles de Esgueva,NA,NA,NA
42189,Ucero,NA,NA,NA
16218,Uclés,NA,NA,NA
39090,Udías,NA,NA,NA
18182,Ugíjar,NA,NA,NA
31123,Uharte Arakil,NA,NA,NA
19294,Ujados,NA,NA,NA
31235,Ujué / Uxue,NA,NA,NA
43157,Ulldemolins,NA,NA,NA
17204,Ullà,NA,NA,NA
31236,Ultzama,NA,NA,NA
05249,Umbrías,NA,NA,NA
31237,Unciti,NA,NA,NA
50268,Undués de Lerda,NA,NA,NA
47176,"Unión de Campos, La",NA,NA,NA
30041,"Unión, La",NA,NA,NA
31238,Unzué / Untzue,NA,NA,NA
31239,Urdazubi / Urdax,NA,NA,NA
24174,Urdiales del Páramo,NA,NA,NA
48074,Urduña / Orduña,NA,NA,NA
31241,Urraul Alto,NA,NA,NA
31242,Urraul Bajo,NA,NA,NA
44237,Urrea de Gaén,NA,NA,NA
50269,Urrea de Jalón,NA,NA,NA
50270,Urriés,NA,NA,NA
31243,Urroz-Villa,NA,NA,NA
04096,Urrácal,NA,NA,NA
31245,Urzainqui / Urzainki,NA,NA,NA
17206,Urús,NA,NA,NA
12122,"Useras / Useres, les",NA,NA,NA
19296,Utande,NA,NA,NA
31246,Uterga,NA,NA,NA
31247,Uztárroz / Uztarroze,NA,NA,NA
16219,Uña,NA,NA,NA
42190,Vadillo,NA,NA,NA
05251,Vadillo de la Sierra,NA,NA,NA
17014,"Vajol, La",NA,NA,NA
50274,Val de San Martín,NA,NA,NA
39095,Val de San Vicente,NA,NA,NA
44239,Valacloche,NA,NA,NA
27063,"Valadouro, O",NA,NA,NA
34186,Valbuena de Pisuerga,NA,NA,NA
19297,Valdarachas,NA,NA,NA
34192,Valde-Ucieza,NA,NA,NA
09403,Valdeande,NA,NA,NA
47180,Valdearcos de la Vega,NA,NA,NA
06137,Valdecaballeros,NA,NA,NA
05252,Valdecasa,NA,NA,NA
10197,Valdecañas de Tajo,NA,NA,NA
16906,"Valdecolmenas, Los",NA,NA,NA
19301,Valdeconcha,NA,NA,NA
44243,Valdecuenca,NA,NA,NA
49228,Valdefinjas,NA,NA,NA
37331,Valdefuentes de Sangusín,NA,NA,NA
24176,Valdefuentes del Páramo,NA,NA,NA
42192,Valdegeña,NA,NA,NA
01055,Valdegovía / Gaubea,NA,NA,NA
19302,Valdegrudas,NA,NA,NA
37332,Valdehijaderos,NA,NA,NA
50273,Valdehorna,NA,NA,NA
10199,Valdehúncar,NA,NA,NA
37333,Valdelacasa,NA,NA,NA
37334,Valdelageve,NA,NA,NA
42193,Valdelagua del Cerro,NA,NA,NA
19303,Valdelcubo,NA,NA,NA
26161,Valdemadera,NA,NA,NA
16224,Valdemeca,NA,NA,NA
24178,Valdemora,NA,NA,NA
10201,Valdemorales,NA,NA,NA
16225,Valdemorillo de la Sierra,NA,NA,NA
16227,Valdemoro-Sierra,NA,NA,NA
42195,Valdenebro,NA,NA,NA
47181,Valdenebro de los Valles,NA,NA,NA
19304,Valdenuño Fernández,NA,NA,NA
39092,Valdeolea,NA,NA,NA
16228,Valdeolivas,NA,NA,NA
34189,Valdeolmillos,NA,NA,NA
28162,Valdeolmos-Alalpardo,NA,NA,NA
23093,Valdepeñas de Jaén,NA,NA,NA
19305,Valdepeñas de la Sierra,NA,NA,NA
24179,Valdepiélago,NA,NA,NA
28163,Valdepiélagos,NA,NA,NA
42196,Valdeprado,NA,NA,NA
39093,Valdeprado del Río,NA,NA,NA
19306,Valderrebollo,NA,NA,NA
39094,Valderredible,NA,NA,NA
24182,Valderrey,NA,NA,NA
34190,Valderrábano,NA,NA,NA
24184,Valdesamario,NA,NA,NA
49229,Valdescorriel,NA,NA,NA
19307,Valdesotos,NA,NA,NA
16902,Valdetórtola,NA,NA,NA
47183,Valdunquillo,NA,NA,NA
39091,Valdáliga,NA,NA,NA
33034,Valdés,NA,NA,NA
10203,Valencia de Alcántara,NA,NA,NA
06139,Valencia de las Torres,NA,NA,NA
41096,Valencina de la Concepción,NA,NA,NA
16903,"Valeras, Las",NA,NA,NA
37339,Valero,NA,NA,NA
22242,Valfarta,NA,NA,NA
19308,Valfermoso de Tajuña,NA,NA,NA
36056,Valga,NA,NA,NA
26162,Valgañón,NA,NA,NA
19309,Valhermoso,NA,NA,NA
16231,Valhermoso de la Fuente,NA,NA,NA
03135,"Vall d'Ebo, la",NA,NA,NA
17207,"Vall d'en Bas, La",NA,NA,NA
25043,"Vall de Boí, La",NA,NA,NA
25901,Vall de Cardós,NA,NA,NA
03136,Vall de Gallinera,NA,NA,NA
46252,Vallanca,NA,NA,NA
12123,Vallat,NA,NA,NA
25238,Vallbona de les Monges,NA,NA,NA
43158,Vallclara,NA,NA,NA
29093,Valle de Abdalajís,NA,NA,NA
16173,"Valle de Altomira, El",NA,NA,NA
22243,Valle de Bardají,NA,NA,NA
34196,Valle de Cerrato,NA,NA,NA
31086,Valle de Egüés / Eguesibar,NA,NA,NA
22901,Valle de Hecho,NA,NA,NA
22244,Valle de Lierp,NA,NA,NA
09908,Valle de Losa,NA,NA,NA
09409,Valle de Manzanedo,NA,NA,NA
09410,Valle de Mena,NA,NA,NA
09411,Valle de Oca,NA,NA,NA
31194,Valle de Ollo / Ollaran,NA,NA,NA
09902,Valle de Santibáñez,NA,NA,NA
09905,Valle de Sedano,NA,NA,NA
40218,Valle de Tabladillo,NA,NA,NA
09412,Valle de Tobalina,NA,NA,NA
48080,Valle de Trápaga-Trapagaran,NA,NA,NA
09413,Valle de Valdebezana,NA,NA,NA
09414,Valle de Valdelaguna,NA,NA,NA
09415,Valle de Valdelucio,NA,NA,NA
31260,Valle de Yerri / Deierri,NA,NA,NA
09416,Valle de Zamanzas,NA,NA,NA
09904,Valle de las Navas,NA,NA,NA
34902,Valle del Retortillo,NA,NA,NA
18907,Valle del Zalabí,NA,NA,NA
18902,"Valle, El",NA,NA,NA
24191,Vallecillo,NA,NA,NA
44249,"Vallecillo, El",NA,NA,NA
37343,Vallejera de Riofrío,NA,NA,NA
40220,Valleruela de Pedraza,NA,NA,NA
40221,Valleruela de Sepúlveda,NA,NA,NA
09418,Valles de Palenzuela,NA,NA,NA
49230,Vallesa de la Guareña,NA,NA,NA
17170,Vallfogona de Ripollès,NA,NA,NA
43159,Vallfogona de Riucorb,NA,NA,NA
25906,"Valls d'Aguilar, Les",NA,NA,NA
25239,"Valls de Valira, Les",NA,NA,NA
09419,Valluércanes,NA,NA,NA
46253,Vallés,NA,NA,NA
09407,Valmala,NA,NA,NA
16234,Valsalobre,NA,NA,NA
35031,Valsequillo de Gran Canaria,NA,NA,NA
19310,Valtablado del Río,NA,NA,NA
28166,Valverde de Alcalá,NA,NA,NA
06142,Valverde de Burguillos,NA,NA,NA
16236,Valverde de Júcar,NA,NA,NA
06143,Valverde de Leganés,NA,NA,NA
06145,Valverde de Mérida,NA,NA,NA
37341,Valverde de Valdelacasa,NA,NA,NA
19311,Valverde de los Arroyos,NA,NA,NA
24190,Valverde-Enrique,NA,NA,NA
16237,Valverdejo,NA,NA,NA
37342,Valverdón,NA,NA,NA
43162,Vandellòs i l'Hospitalet de l'Infant,NA,NA,NA
25909,"Vansa i Fórnols, La",NA,NA,NA
24193,"Vecilla, La",NA,NA,NA
39096,Vega de Liébana,NA,NA,NA
47187,Vega de Ruiponce,NA,NA,NA
05253,Vega de Santa María,NA,NA,NA
49231,Vega de Tera,NA,NA,NA
37345,Vega de Tirados,NA,NA,NA
49233,Vegalatrave,NA,NA,NA
40222,Veganzones,NA,NA,NA
24199,Vegaquemada,NA,NA,NA
18911,Vegas del Genil,NA,NA,NA
44250,Veguillas de la Sierra,NA,NA,NA
37346,"Veguillas, Las",NA,NA,NA
32083,"Veiga, A",NA,NA,NA
42200,Velamazán,NA,NA,NA
47189,Velascálvaro,NA,NA,NA
04097,Velefique,NA,NA,NA
47190,Velilla,NA,NA,NA
50279,Velilla de Jiloca,NA,NA,NA
42201,Velilla de la Sierra,NA,NA,NA
42202,Velilla de los Ajos,NA,NA,NA
34199,Velilla del Río Carrión,NA,NA,NA
16240,Vellisca,NA,NA,NA
28168,"Vellón, El",NA,NA,NA
22909,Vencillón,NA,NA,NA
17210,Ventalló,NA,NA,NA
45182,"Ventas con Peña Aguilera, Las",NA,NA,NA
45184,"Ventas de San Julián, Las",NA,NA,NA
47192,Ventosa de la Cuesta,NA,NA,NA
37348,Ventosa del Río Almar,NA,NA,NA
40224,Ventosilla y Tejadilla,NA,NA,NA
26164,Ventrosa,NA,NA,NA
25242,Verdú,NA,NA,NA
32084,Verea,NA,NA,NA
32085,Verín,NA,NA,NA
43164,Vespella de Gaià,NA,NA,NA
49235,Vezdemarbán,NA,NA,NA
22247,Viacamp y Litera,NA,NA,NA
42204,Viana de Duero,NA,NA,NA
10206,Viandar de la Vera,NA,NA,NA
02076,Vianos,NA,NA,NA
22248,Vicién,NA,NA,NA
09422,"Vid de Bureba, La",NA,NA,NA
09421,"Vid y Barrios, La",NA,NA,NA
49236,Vidayanes,NA,NA,NA
17212,Vidrà,NA,NA,NA
31252,Vidángoz / Bidankoze,NA,NA,NA
25243,Vielha e Mijaran,NA,NA,NA
12135,Vila-real,NA,NA,NA
36058,Vilaboa,NA,NA,NA
38052,Vilaflor de Chasna,NA,NA,NA
08305,Vilafranca del Penedès,NA,NA,NA
17223,Vilajuïga,NA,NA,NA
46255,Vilallonga / Villalonga,NA,NA,NA
32088,Vilamartín de Valdeorras,NA,NA,NA
32087,Vilamarín,NA,NA,NA
25247,Vilamòs,NA,NA,NA
25250,Vilanova de Meià,NA,NA,NA
43168,Vilanova de Prades,NA,NA,NA
25251,Vilanova de Segrià,NA,NA,NA
08302,Vilanova del Camí,NA,NA,NA
08902,Vilanova del Vallès,NA,NA,NA
08307,Vilanova i la Geltrú,NA,NA,NA
32091,Vilardevós,NA,NA,NA
09423,Vileña,NA,NA,NA
45186,"Villa de Don Fadrique, La",NA,NA,NA
38053,Villa de Mazo,NA,NA,NA
18149,Villa de Otura,NA,NA,NA
02077,Villa de Ves,NA,NA,NA
10207,Villa del Campo,NA,NA,NA
14066,Villa del Río,NA,NA,NA
47196,Villabaruz de Campos,NA,NA,NA
34202,Villabasta de Valdavia,NA,NA,NA
24203,Villabraz,NA,NA,NA
47197,Villabrágima,NA,NA,NA
49238,Villabrázaro,NA,NA,NA
01057,Villabuena de Álava / Eskuernaga,NA,NA,NA
47195,Villabáñez,NA,NA,NA
47198,Villacarralón,NA,NA,NA
40225,Villacastín,NA,NA,NA
47199,Villacid de Campos,NA,NA,NA
42205,Villaciervos,NA,NA,NA
47200,Villaco,NA,NA,NA
34205,Villaconancio,NA,NA,NA
24205,Villadangos del Páramo,NA,NA,NA
49240,Villadepera,NA,NA,NA
50283,Villadoz,NA,NA,NA
34208,Villaeles de Valdavia,NA,NA,NA
09429,Villaescusa la Sombría,NA,NA,NA
09430,Villaespasa,NA,NA,NA
49243,Villaferrueña,NA,NA,NA
47203,Villafrades de Campos,NA,NA,NA
09431,Villafranca Montes de Oca,NA,NA,NA
14067,Villafranca de Córdoba,NA,NA,NA
05257,Villafranca de la Sierra,NA,NA,NA
06149,Villafranca de los Barros,NA,NA,NA
45187,Villafranca de los Caballeros,NA,NA,NA
44251,Villafranca del Campo,NA,NA,NA
12129,Villafranca del Cid / Vilafranca,NA,NA,NA
47205,Villafrechós,NA,NA,NA
47206,Villafuerte,NA,NA,NA
49242,Villafáfila,NA,NA,NA
47207,Villagarcía de Campos,NA,NA,NA
06150,Villagarcía de la Torre,NA,NA,NA
16244,Villagarcía del Llano,NA,NA,NA
24210,Villagatón,NA,NA,NA
49244,Villageriz,NA,NA,NA
47208,Villagómez la Nueva,NA,NA,NA
44252,Villahermosa del Campo,NA,NA,NA
12130,Villahermosa del Río,NA,NA,NA
34210,Villahán,NA,NA,NA
03139,"Villajoyosa / Vila Joiosa, la",NA,NA,NA
34213,Villalaco,NA,NA,NA
47210,Villalar de los Comuneros,NA,NA,NA
49245,Villalazán,NA,NA,NA
34214,Villalba de Guardo,NA,NA,NA
50286,Villalba de Perejil,NA,NA,NA
47211,Villalba de la Loma,NA,NA,NA
37353,Villalba de los Llanos,NA,NA,NA
47213,Villalbarba,NA,NA,NA
09440,Villalbilla de Gumiel,NA,NA,NA
49247,Villalcampo,NA,NA,NA
34215,Villalcázar de Sirga,NA,NA,NA
34216,Villalcón,NA,NA,NA
02078,Villalgordo del Júcar,NA,NA,NA
16247,Villalgordo del Marquesado,NA,NA,NA
11040,Villaluenga del Rosario,NA,NA,NA
47209,Villalán de Campos,NA,NA,NA
47214,Villalón de Campos,NA,NA,NA
12131,Villamalur,NA,NA,NA
41097,Villamanrique de la Condesa,NA,NA,NA
24901,Villamanín,NA,NA,NA
11041,Villamartín,NA,NA,NA
34220,Villamartín de Campos,NA,NA,NA
24213,Villamartín de Don Sancho,NA,NA,NA
50903,Villamayor de Gállego,NA,NA,NA
31255,Villamayor de Monjardín,NA,NA,NA
09444,Villamayor de Treviño,NA,NA,NA
24212,Villamañán,NA,NA,NA
09445,Villambistia,NA,NA,NA
09446,Villamedianilla,NA,NA,NA
24214,Villamejil,NA,NA,NA
10209,Villamesías,NA,NA,NA
09447,Villamiel de la Sierra,NA,NA,NA
24216,Villamontán de la Valduerna,NA,NA,NA
49255,Villamor de los Escuderos,NA,NA,NA
24217,Villamoratiel de las Matas,NA,NA,NA
34224,Villamuera de la Cueza,NA,NA,NA
47215,Villamuriel de Campos,NA,NA,NA
09448,Villangómez,NA,NA,NA
22249,Villanova,NA,NA,NA
19317,Villanueva de Alcorón,NA,NA,NA
09449,Villanueva de Argaño,NA,NA,NA
19318,Villanueva de Argecilla,NA,NA,NA
49258,Villanueva de Campeán,NA,NA,NA
46257,Villanueva de Castellón,NA,NA,NA
14069,Villanueva de Córdoba,NA,NA,NA
42206,Villanueva de Gormaz,NA,NA,NA
16250,Villanueva de Guadamejud,NA,NA,NA
50288,Villanueva de Gállego,NA,NA,NA
05258,Villanueva de Gómez,NA,NA,NA
50290,Villanueva de Huerva,NA,NA,NA
50289,Villanueva de Jiloca,NA,NA,NA
33075,Villanueva de Oscos,NA,NA,NA
09454,Villanueva de Teba,NA,NA,NA
29902,Villanueva de la Concepción,NA,NA,NA
47219,Villanueva de la Condesa,NA,NA,NA
21075,Villanueva de las Cruces,NA,NA,NA
24218,Villanueva de las Manzanas,NA,NA,NA
47220,Villanueva de los Caballeros,NA,NA,NA
21076,Villanueva de los Castillejos,NA,NA,NA
47221,Villanueva de los Infantes,NA,NA,NA
13093,Villanueva de los Infantes,NA,NA,NA
05905,Villanueva de Ávila,NA,NA,NA
05259,Villanueva del Aceral,NA,NA,NA
05260,Villanueva del Campillo,NA,NA,NA
44256,Villanueva del Rebollar de la Sierra,NA,NA,NA
30042,Villanueva del Río Segura,NA,NA,NA
41099,Villanueva del Río y Minas,NA,NA,NA
34228,Villanuño de Valdavia,NA,NA,NA
49256,Villanázar,NA,NA,NA
22250,Villanúa,NA,NA,NA
24902,Villaornate y Castro,NA,NA,NA
34229,Villaprovedo,NA,NA,NA
09455,Villaquirán de la Puebla,NA,NA,NA
09456,Villaquirán de los Infantes,NA,NA,NA
37356,Villar de Argañán,NA,NA,NA
37357,Villar de Ciervo,NA,NA,NA
16254,Villar de Domingo García,NA,NA,NA
49263,Villar de Fallaves,NA,NA,NA
37360,Villar de Peralonso,NA,NA,NA
37361,Villar de Samaniego,NA,NA,NA
37359,Villar de la Yegua,NA,NA,NA
50291,Villar de los Navarros,NA,NA,NA
42207,Villar del Ala,NA,NA,NA
42208,Villar del Campo,NA,NA,NA
44257,Villar del Cobo,NA,NA,NA
16258,Villar del Humo,NA,NA,NA
16259,Villar del Infantado,NA,NA,NA
10213,Villar del Pedroso,NA,NA,NA
42209,Villar del Río,NA,NA,NA
44258,Villar del Salz,NA,NA,NA
16910,Villar y Velasco,NA,NA,NA
09903,Villarcayo de Merindad de Castilla la Vieja,NA,NA,NA
49262,Villardeciervos,NA,NA,NA
47223,Villardefrades,NA,NA,NA
49265,Villardiegua de la Ribera,NA,NA,NA
49267,Villardondiego,NA,NA,NA
26172,Villarejo,NA,NA,NA
45194,Villarejo de Montalbán,NA,NA,NA
28180,Villarejo de Salvanés,NA,NA,NA
16265,Villarejo de la Peñuela,NA,NA,NA
24223,Villarejo de Órbigo,NA,NA,NA
19321,Villares de Jadraque,NA,NA,NA
42211,"Villares de Soria, Los",NA,NA,NA
37363,Villares de Yeltes,NA,NA,NA
24224,Villares de Órbigo,NA,NA,NA
34230,Villarmentero de Campos,NA,NA,NA
47224,Villarmentero de Esgueva,NA,NA,NA
37366,Villarmuerto,NA,NA,NA
34231,Villarrabé,NA,NA,NA
26173,Villarroya,NA,NA,NA
44262,Villarroya de los Pinares,NA,NA,NA
50294,Villarroya del Campo,NA,NA,NA
49268,Villarrín de Campos,NA,NA,NA
06157,Villarta de los Montes,NA,NA,NA
26174,Villarta-Quintana,NA,NA,NA
16272,Villas de la Ventosa,NA,NA,NA
42212,Villasayas,NA,NA,NA
37368,Villasdardo,NA,NA,NA
42213,Villaseca de Arciel,NA,NA,NA
37369,Villaseco de los Gamitos,NA,NA,NA
37370,Villaseco de los Reyes,NA,NA,NA
49269,Villaseco del Pan,NA,NA,NA
24226,Villaselán,NA,NA,NA
47225,Villasexmir,NA,NA,NA
34234,Villasila de Valdavia,NA,NA,NA
37371,Villasrubias,NA,NA,NA
09463,Villasur de Herreros,NA,NA,NA
05263,Villatoro,NA,NA,NA
23903,Villatorres,NA,NA,NA
02082,Villatoya,NA,NA,NA
09464,Villatuelda,NA,NA,NA
31258,Villava / Atarrabia,NA,NA,NA
47226,Villavaquerín,NA,NA,NA
26175,Villavelayo,NA,NA,NA
47227,Villavellid,NA,NA,NA
02084,Villaverde de Guadalimar,NA,NA,NA
40229,Villaverde de Montejo,NA,NA,NA
40228,Villaverde de Íscar,NA,NA,NA
41101,Villaverde del Río,NA,NA,NA
49272,Villaveza de Valverde,NA,NA,NA
49271,Villaveza del Agua,NA,NA,NA
47229,Villavicencio de los Caballeros,NA,NA,NA
14073,Villaviciosa de Córdoba,NA,NA,NA
28181,Villaviciosa de Odón,NA,NA,NA
28182,Villavieja del Lozoya,NA,NA,NA
33077,Villayón,NA,NA,NA
24229,Villazanzo de Valderaduey,NA,NA,NA
09472,Villazopeque,NA,NA,NA
09473,Villegas,NA,NA,NA
19324,Villel de Mesa,NA,NA,NA
34240,Villerías de Campos,NA,NA,NA
34241,Villodre,NA,NA,NA
12137,Villores,NA,NA,NA
09476,Villoruebo,NA,NA,NA
34245,Villota del Páramo,NA,NA,NA
34246,Villovieco,NA,NA,NA
47216,Villán de Tordesillas,NA,NA,NA
49266,Villárdiga,NA,NA,NA
17233,Vilobí d'Onyar,NA,NA,NA
08304,Vilobí del Penedès,NA,NA,NA
09424,Viloria de Rioja,NA,NA,NA
37350,Vilvestre,NA,NA,NA
43176,Vimbodí i Poblet,NA,NA,NA
16275,Vindel,NA,NA,NA
26179,Viniegra de Arriba,NA,NA,NA
44266,Visiedo,NA,NA,NA
13098,Viso del Marqués,NA,NA,NA
50295,Vistabella,NA,NA,NA
12139,Vistabella del Maestrat,NA,NA,NA
05265,Vita,NA,NA,NA
27066,Viveiro,NA,NA,NA
44267,Vivel del Río Martín,NA,NA,NA
08308,Viver i Serrateix,NA,NA,NA
09478,Vizcaínos,NA,NA,NA
42216,Vizmanos,NA,NA,NA
49273,Viñas,NA,NA,NA
39102,Voto,NA,NA,NA
18183,Válor,NA,NA,NA
18184,Vélez de Benaudalla,NA,NA,NA
04098,Vélez-Blanco,NA,NA,NA
29094,Vélez-Málaga,NA,NA,NA
04099,Vélez-Rubio,NA,NA,NA
04102,Vícar,NA,NA,NA
37349,"Vídola, La",NA,NA,NA
16274,Víllora,NA,NA,NA
18189,Víznar,NA,NA,NA
47230,Wamba,NA,NA,NA
03081,Xaló,NA,NA,NA
12052,Xert,NA,NA,NA
32036,Xunqueira de Ambía,NA,NA,NA
35034,Yaiza,NA,NA,NA
42218,Yanguas,NA,NA,NA
40231,Yanguas de Eresma,NA,NA,NA
22252,Yebra de Basa,NA,NA,NA
42219,Yelo,NA,NA,NA
33078,Yernes y Tameza,NA,NA,NA
31261,Yesa,NA,NA,NA
46261,Yátova,NA,NA,NA
45200,"Yébenes, Los",NA,NA,NA
01060,Yécora / Iekora,NA,NA,NA
19329,Yélamos de Abajo,NA,NA,NA
19330,Yélamos de Arriba,NA,NA,NA
16276,Yémeda,NA,NA,NA
22253,Yésero,NA,NA,NA
31262,Zabalza / Zabaltza,NA,NA,NA
09480,Zael,NA,NA,NA
16277,Zafra de Záncara,NA,NA,NA
16278,Zafrilla,NA,NA,NA
11042,Zahara,NA,NA,NA
06159,Zahínos,NA,NA,NA
22254,Zaidín,NA,NA,NA
37378,Zamarra,NA,NA,NA
37379,Zamayón,NA,NA,NA
05266,Zapardiel de la Cañada,NA,NA,NA
05267,Zapardiel de la Ribera,NA,NA,NA
37380,Zarapicos,NA,NA,NA
47231,Zaratán,NA,NA,NA
26180,Zarratón,NA,NA,NA
10217,Zarza de Montánchez,NA,NA,NA
06161,Zarza-Capilla,NA,NA,NA
21902,"Zarza-Perrunal, La",NA,NA,NA
26181,Zarzosa,NA,NA,NA
09482,Zarzosa de Río Pisuerga,NA,NA,NA
19334,Zarzuela de Jadraque,NA,NA,NA
15093,Zas,NA,NA,NA
48915,Ziortza-Bolibar,NA,NA,NA
31907,Zizur Mayor / Zizur Nagusia,NA,NA,NA
44268,"Zoma, La",NA,NA,NA
37382,Zorita de la Frontera,NA,NA,NA
26183,Zorraquín,NA,NA,NA
24230,Zotes del Páramo,NA,NA,NA
31263,Zubieta,NA,NA,NA
12142,Zucaina,NA,NA,NA
31264,Zugarramurdi,NA,NA,NA
09485,Zuñeda,NA,NA,NA
18194,Zújar,NA,NA,NA
31265,Zúñiga,NA,NA,NA
25002,Àger,NA,NA,NA
26001,Ábalos,NA,NA,NA
42004,Ágreda,NA,NA,NA
30003,Águilas,NA,NA,NA
28004,"Álamo, El",NA,NA,NA
29012,Álora,NA,NA,NA
29016,Árchez,NA,NA,NA
41039,Écija,NA,NA,NA
50099,Épila,NA,NA,NA
04054,Íllar,NA,NA,NA
18102,Íllora,NA,NA,NA
47075,Íscar,NA,NA,NA
18103,Ítrabo,NA,NA,NA
08143,Òdena,NA,NA,NA
08153,Òrrius,NA,NA,NA
42134,Ólvega,NA,NA,NA
18147,Órgiva,NA,NA,NA
23092,Úbeda,NA,NA,NA
09398,Úrbel del Castillo,NA,NA,NA
